{"type":"FeatureCollection","name":"India_Seismic_Zones_IS1893_2016","crs":{"type":"name","properties":{"name":"urn:ogc:def:crs:OGC:1.3:CRS84"}},"features":[{"type":"Feature","properties":{"zone":"Zone III","zone_code":"ZONE_III","risk_level":"Moderate","zone_factor_Z":"0.16","standard":"IS 1893 (Part 1):2016","color":"#FFFF00"},"geometry":{"type":"MultiPolygon","coordinates":[[[[73.04438514617189,8.263918753766017],[73.02135124426533,8.268162599644688],[73.01764118975485,8.275331729495562],[73.04762763301989,8.27513605917849],[73.06350480325091,8.293544012895559],[73.06851764206881,8.308803138679902],[73.07480236177658,8.320319084194084],[73.0782878408525,8.323967977298533],[73.06585291031332,8.284624620069794],[73.04438514617189,8.263918753766017]]],[[[73.64771046944976,10.080998195133882],[73.64739479723374,10.059023924269706],[73.64108646432148,10.056913054024703],[73.63733718870839,10.067120483946601],[73.64771046944976,10.080998195133882]]],[[[72.6411576616749,10.579074909327995],[72.64980098948739,10.563646510973198],[72.62470626922045,10.549579352790213],[72.6411576616749,10.579074909327995]]],[[[73.69973611271143,10.811437174446985],[73.6772256935482,10.80391497784366],[73.65946353316924,10.811845607507218],[73.66796406013738,10.817273661463071],[73.69973611271143,10.811437174446985]]],[[[72.19981666277836,10.864184793614426],[72.18901195037843,10.847773787818019],[72.20409579061123,10.878246536936766],[72.19981666277836,10.864184793614426]]],[[[72.28867614827135,10.946254695204102],[72.29066357748535,10.93911324517585],[72.28451642382379,10.937276113893867],[72.28867614827135,10.946254695204102]]],[[[72.32533863162746,10.950051822984943],[72.31609533365183,10.94328760877512],[72.31712774478768,10.949489665129848],[72.32533863162746,10.950051822984943]]],[[[72.72011505923375,11.113689323998154],[72.72084323804222,11.130160833403261],[72.73442068537109,11.134627042667418],[72.73108071566224,11.12541140900331],[72.72011505923375,11.113689323998154]]],[[[72.76194610756563,11.182586183625947],[72.77932586754356,11.24234501110817],[72.78683916369481,11.258281194967461],[72.78987156380298,11.255235590835635],[72.76194610756563,11.182586183625947]]],[[[73.0098194691588,11.487349743798735],[73.00827828350124,11.469517259346674],[73.002475296452,11.492720974103714],[73.0098194691588,11.487349743798735]]],[[[72.71028106999114,11.692296158713763],[72.71389277565616,11.700539639978587],[72.71208170328303,11.686256879699902],[72.71028106999114,11.692296158713763]]],[[[74.48922005267264,14.085211877288213],[74.46892708770261,14.18867663609832],[74.44165544193525,14.224565860573179],[74.35989239624756,14.510918499714148],[74.31021727033793,14.521365373976709],[74.31472695373981,14.545724290915253],[74.27043460561696,14.626982701745206],[74.28643915598519,14.634214520974076],[74.28429531924739,14.663565096485621],[74.25675500111208,14.707563321297288],[74.26340502395769,14.71858318115216],[74.23423922899323,14.748426556145821],[74.20380795802889,14.73638937410215],[74.20403263900735,14.719276904633327],[74.17716323111046,14.750561590113605],[74.1521084034183,14.747059887707204],[74.14238311881195,14.778540186790172],[74.11943594237182,14.773989801353503],[74.09522643938465,14.799420155003522],[74.11333641389007,14.796787522050728],[74.12618283321905,14.816926813841377],[74.09647514519348,14.897449156598503],[74.0445447897455,14.916066904384529],[74.05005691086848,14.957258245960052],[74.032768866141,14.9983102024694],[73.98955203161783,15.01884279922806],[73.96777102614291,15.06399285435821],[73.91730439607802,15.0875006472399],[73.94991513854485,15.143235573802654],[73.90212600114236,15.309627709534558],[73.87126983282057,15.369224463800686],[73.84242643175946,15.35841489197718],[73.78317970194209,15.409528571456782],[73.78971171643906,15.463804111060623],[73.76658872838154,15.492812435447146],[73.73221656054378,15.588591185196519],[73.73207037506619,15.606945681065735],[73.7446696543404,15.605690491699335],[73.7228207776669,15.626746576484098],[73.6895576505062,15.719372200702205],[73.82095490540912,15.739855167711069],[73.86339590250378,15.798789814880028],[73.88008883658338,15.774320947726373],[73.87569505273379,15.751283051553042],[73.93872529327608,15.743332259806532],[73.9523305488658,15.714401946582216],[73.94369516825448,15.696936473276667],[73.96376046616317,15.692321784714258],[73.96785779931074,15.630577227323803],[74.02079718889013,15.606085184480468],[74.03115607815306,15.622611329130711],[74.11388550584547,15.646127430377062],[74.08809647005296,15.672472900874327],[74.12577089556714,15.680967173867067],[74.12216561793005,15.720731146230811],[74.16155659535116,15.751294459902375],[74.2014333710755,15.758620707337494],[74.20896721590368,15.781269107499863],[74.23350130669498,15.786994514440378],[74.22650220427599,15.76262849204678],[74.24003088978512,15.743344879753844],[74.30789878278871,15.748480665885735],[74.32306971934428,15.772676594395097],[74.34646233666528,15.764985331569623],[74.37188046934465,15.797224352171128],[74.36062489508062,15.817779502834666],[74.38405280329016,15.840121660480555],[74.3382090127758,15.854918742469454],[74.36325649043964,15.874920567026999],[74.36469511464739,15.89386178989555],[74.36861485484376,15.894359620910604],[74.38814029486285,15.854252569996552],[74.40617067997027,15.855376466346563],[74.38686531560687,15.904981268307463],[74.4308304243295,15.956582434031263],[74.4632229563745,16.039191737704286],[74.42969441247605,16.059151456102132],[74.37340109820155,16.0364434837696],[74.37733522557487,16.055120486817895],[74.36132818925478,16.053835894535496],[74.37221852401208,16.07821030421597],[74.42761928501933,16.11196505135327],[74.48430490080344,16.091468248661542],[74.47983240336742,16.147125071397358],[74.50799522405352,16.202258306865115],[74.480479513464,16.250125657448873],[74.46862055008148,16.240185430931994],[74.4176107229779,16.258000652659305],[74.41439483521533,16.282651091262046],[74.34559691558019,16.293762512861235],[74.35046026515984,16.275366735362628],[74.32493375931116,16.271756260832962],[74.32082574272003,16.28447545276132],[74.34254818772195,16.29802733814869],[74.31660662995539,16.32656154663604],[74.32703463266898,16.342509469014523],[74.31719263492727,16.38100374452116],[74.33586937991612,16.39374156813573],[74.35340990742404,16.366418743038928],[74.3636943097465,16.405091321274202],[74.3350543440837,16.4014073790109],[74.33259155862481,16.454758760282367],[74.28927516797071,16.462970503776923],[74.2908950072999,16.50490207551121],[74.26077014758341,16.480096595599345],[74.24737277532068,16.496913200761497],[74.27801196743111,16.504455327409577],[74.2704679406854,16.54789233494202],[74.28313833078738,16.524589279464276],[74.3016513270551,16.529020128240823],[74.30614265031743,16.50369289863067],[74.3157134070923,16.55445467765281],[74.35624656084484,16.559747326683688],[74.35792549078357,16.53834202410865],[74.37983255979674,16.528592265020187],[74.39662592659639,16.58326751819633],[74.46671146006057,16.606822362718354],[74.45478238469133,16.64729547929444],[74.46874253100685,16.663802979785043],[74.48903382785032,16.630144835389082],[74.54448899559361,16.635468675328326],[74.54349270234275,16.595318582946476],[74.56689424753424,16.585388588968467],[74.55484612547035,16.564511924919476],[74.56853673854863,16.5538687135483],[74.62863325300572,16.577731931475697],[74.64001367508472,16.61045380378675],[74.68698181900493,16.60678801014558],[74.65347815143228,16.63882945111053],[74.68955034601987,16.677025661168273],[74.69101948805587,16.715541550298365],[74.73209174467391,16.718324017032604],[74.7719695844538,16.7506822552743],[74.849820434773,16.77275560312364],[74.92014360852946,16.772499202137933],[74.90151566246004,16.862550215846532],[74.96036076715126,16.88094723355616],[74.9635785539934,16.9097113270833],[74.92177566053029,16.929861659846985],[74.93170715757086,16.94475520892433],[74.9645443823122,16.926776346975142],[74.96435506351163,16.94763323411026],[74.99290892777563,16.952070429809805],[75.02658570255244,16.944136297799897],[75.02523483967842,16.92800233721392],[75.08933369997567,16.951582160157088],[75.09630858521491,16.913743264813046],[75.11748241444224,16.91344466911316],[75.13648321186113,16.874487897526425],[75.18898739984249,16.875280257240302],[75.18184748936588,16.84340231732679],[75.21420223843339,16.841699216050117],[75.23766094201224,16.867940851274263],[75.26471971792044,16.86279981486452],[75.28202992495272,16.880290476488597],[75.27960265609993,16.956556358501743],[75.35112411273244,16.958116110555512],[75.39213506510168,16.980090668294118],[75.42787797625371,16.966494552591136],[75.46555223206789,16.98836500989915],[75.48907765897383,16.944422722652252],[75.52931415993646,16.969399828674238],[75.56782195504316,16.96603168521509],[75.57430637155716,17.009550217226952],[75.60688752270026,17.004565815339713],[75.61012593335069,16.971663762357835],[75.6382060181047,16.95775482635326],[75.67032095799706,16.96205196896004],[75.66969398973228,17.038160278813372],[75.64099845053467,17.03758144737541],[75.67671537207126,17.065415865997977],[75.67228865061014,17.115995838830553],[75.6503469434203,17.115692335251268],[75.62561156529344,17.17218858293721],[75.66191164739169,17.214577575107423],[75.65416859993218,17.27381518063321],[75.63024969627685,17.27392926367713],[75.60383885486145,17.305388218877106],[75.54498531252733,17.278657070426345],[75.51544714648905,17.240362873469486],[75.46720993819031,17.244434244114917],[75.4285047209463,17.267992228562427],[75.40833083828316,17.23934197785716],[75.40675882950673,17.184724207528525],[75.36995009539346,17.190502550949216],[75.36564933583844,17.23619382166722],[75.33477822049272,17.2395508351505],[75.33024403876152,17.21810311620111],[75.28276841905203,17.20700602861912],[75.30326869906318,17.17328170343898],[75.29622534846881,17.14598091914214],[75.2702741583695,17.1483752199488],[75.26702500757568,17.183410694610878],[75.22229746977494,17.183581645511243],[75.21684381391529,17.204672852790484],[75.23843888285747,17.215693445109935],[75.24640245637674,17.256189960148088],[75.20450596202797,17.27036365354769],[75.17657104567878,17.24015502584594],[75.08738609823706,17.250760828678033],[75.07258490428143,17.222798362723175],[75.0163455027159,17.224593033446794],[74.97671495461596,17.192863697675158],[74.94788824447156,17.20198850260696],[74.94097698695118,17.16904877984303],[74.86249205281841,17.196452875693037],[74.87106583394825,17.208870547397016],[74.85734429283339,17.215417761794274],[74.882429248372,17.218238833354985],[74.906420961294,17.27386337655239],[74.96018346452685,17.29520110464481],[74.96940045992179,17.343508857904183],[75.00831956458768,17.368205125638088],[74.99583146175003,17.39544200474052],[75.03514191951541,17.418083371415282],[75.03904542438755,17.48658287531775],[75.02711965043295,17.495259199509093],[74.97340443892372,17.466130751078076],[74.93708982781978,17.509301450055283],[74.98512081514107,17.54489336014844],[74.96400580095795,17.561414359062866],[74.96186059426216,17.59146401560363],[74.91543996361028,17.58003484504137],[74.91912911211364,17.618473220688905],[74.88573890803615,17.682704869285576],[74.86410144036395,17.69419720942748],[74.86751204548652,17.731059953177656],[74.8385241052575,17.72720462276967],[74.77916958917605,17.776499865164812],[74.76432380958303,17.761029067098775],[74.73761431599122,17.767381807685894],[74.7507057148422,17.786366521383112],[74.7561368977627,17.774225437638027],[74.74838717151103,17.791550868682663],[74.69940509152143,17.790165606729502],[74.70387223091356,17.810576210235975],[74.68453664325031,17.81276680918521],[74.6947163860671,17.82141888728354],[74.66548769639662,17.86422320429402],[74.63651949191645,17.841112836436285],[74.6431478821528,17.830971247208165],[74.6127019355605,17.83320771688908],[74.62114725772955,17.84520425268767],[74.60706300319706,17.845236499489932],[74.6085399046886,17.858428070909184],[74.63607202719281,17.873544633429137],[74.63224371182548,17.89438790790371],[74.65566700847124,17.926380044882418],[74.66232705705167,18.0038489597802],[74.71123830283302,18.029299411054023],[74.66472193047632,18.0699072875231],[74.64105154522399,18.044164300680798],[74.62949275717006,18.056919692552086],[74.58248525919123,18.04602464298273],[74.55774865425035,18.070164031245415],[74.45984116332978,18.046412255838064],[74.43625969672603,18.064772024887215],[74.3724545486482,18.074127205055323],[74.35503928108922,18.096981237602368],[74.30228773781732,18.067248687588883],[74.11799948933691,18.133320878311437],[74.08033619591424,18.120822108183972],[74.05311847225528,18.1416225019915],[74.02813073493742,18.132277683344885],[74.00577870456118,18.160397920868856],[73.98134004021242,18.15149076386328],[73.94518912743247,18.179052636369754],[73.90197370877182,18.15958486277984],[73.89366371229528,18.18266576085662],[73.8728342780465,18.16636902102249],[73.90154508557619,18.12880042733393],[73.86076848717425,18.119593496225825],[73.88015572650586,18.086551887935638],[73.85868644254454,18.031152913788283],[73.81336097120871,18.037987049044013],[73.79264731932946,18.02057144969058],[73.70229078457182,18.044345112683928],[73.65848124712846,18.02904698630916],[73.62737131278068,17.988684343162305],[73.63856610564363,17.97170098207305],[73.59762275882217,17.94034074579919],[73.57922049625442,17.947034824917637],[73.53250643844714,17.89948083285721],[73.57078285454881,17.878307853621376],[73.5497614771037,17.865333977036272],[73.5331108876756,17.8831130103238],[73.50686264260604,17.851596550821796],[73.48912105112755,17.867047366743257],[73.44272410371455,17.851866607258582],[73.42621163054675,17.90917273708522],[73.40500279820127,17.882814538166784],[73.37082971114081,17.88788798417731],[73.37398179752356,17.925271551478506],[73.34077541227833,17.972303646225008],[73.35863875380538,18.007296539998034],[73.345400841402,18.026197655488303],[73.33430307951117,18.01159077404758],[73.3267592153914,18.025244947681866],[73.30056550962635,18.024268901382815],[73.28685738310071,18.07130298725516],[73.17413022846215,18.059764227020953],[73.11441814313325,17.979501575935384],[73.02129280231554,17.988835644455246],[73.00513727127364,18.019662529686872],[73.0212949946083,18.027453316677672],[72.99037561694252,18.055766229078547],[72.99696121502161,18.080377551857644],[72.97102844421221,18.132889622110184],[72.98865887015437,18.15789998338113],[72.97852113173002,18.19712155229254],[72.93177840615748,18.220420315997735],[72.93590193280978,18.280874860784397],[72.97424180183006,18.26621664086874],[72.98648136649905,18.28227881244173],[72.95390946902579,18.33389088352097],[72.91191961442473,18.365447713608553],[72.9259459299557,18.383438515330425],[72.90703551862693,18.402989270147216],[72.89410238470958,18.472636418527088],[72.9117296099551,18.507675160605874],[72.90531621009403,18.53855597855817],[72.92115796570937,18.550552897138353],[72.87478956864815,18.6320181049942],[72.86005557702039,18.63351282563628],[72.85105234872151,18.698832381571773],[72.8703677266605,18.811341955737312],[72.91448933548303,18.800324646299405],[72.94291661311286,18.82612664571655],[72.99362802395373,18.7782098597333],[72.98065859461842,18.80807135227999],[72.99929189499865,18.809200509826848],[72.97508759728966,18.839501449561126],[72.98654804283872,18.86277929391104],[72.96519016575778,18.842596151388243],[72.93483967753754,18.844049274013294],[72.90147679519106,18.885770057294614],[72.90486314611195,18.905165971825763],[72.93706077814345,18.90933196376129],[72.95618534768057,18.957086892372956],[72.94714877031987,18.986773214817475],[72.99814830362213,18.987000695096626],[73.04963395844489,19.015972891053796],[73.04752583032239,19.09981812706288],[73.07782080763526,19.11444987290379],[73.12871871333918,19.108580712837878],[73.13998986328927,19.12502275993224],[73.18214590190652,19.105824356269],[73.19407776392747,19.1274557933884],[73.25073923682974,19.061772575609492],[73.28430776744841,19.087633179484126],[73.29695883542281,19.072929268115544],[73.31878743016043,19.080156382679966],[73.30742831700407,19.106934116184814],[73.35838565690774,19.130772355858614],[73.54091595970621,19.122105407493066],[73.53284118022749,19.15354976386263],[73.5458291107288,19.187092982645847],[73.60637404121046,19.1904958424162],[73.6086533541524,19.21060889368596],[73.62968083885478,19.205716429802507],[73.65834242741444,19.239334882158282],[73.69326731473036,19.251469602819046],[73.6721377774793,19.306843969126565],[73.74686674287473,19.337233820038357],[73.7932510600938,19.33378710391256],[73.77798211804787,19.387241140911744],[73.73607806097543,19.410124845910715],[73.73071695765815,19.430231265659216],[73.68460197152697,19.444802280985396],[73.70663641868147,19.497368321301373],[73.62491699630684,19.543466162338394],[73.61400096145147,19.59548214575313],[73.56328402174414,19.61847845334772],[73.52854639498456,19.697728126892443],[73.4856019769205,19.725746026592898],[73.50176777582078,19.740496100872736],[73.49801839994846,19.760684158268344],[73.44710363123546,19.769887895922867],[73.44051177624428,19.826878451375975],[73.4224731632826,19.831821849453107],[73.41489714970011,19.859982122943137],[73.43625520781804,19.87241888085478],[73.42270669822653,19.9166486687353],[73.43912386799346,19.95400176734345],[73.45611233368737,19.95935896605651],[73.4507689978716,19.984785560174032],[73.43199564947363,19.98210564703599],[73.40639301915172,20.017018728976193],[73.36605883529413,20.019325505771583],[73.36346094038247,20.033673336194557],[73.31372637783895,20.049096633169007],[73.30859931405557,20.067522004900603],[73.27124973200662,20.05288399689544],[73.25981500854272,20.062588811365067],[73.26972474423853,20.106555701845057],[73.25099192464447,20.11420857262381],[73.24878264545144,20.123094331903793],[73.27922546657803,20.150144173092794],[73.28305019555343,20.19805228547445],[73.29906433289011,20.209169909962817],[73.34383558490187,20.199382860295625],[73.35649961142798,20.21300288282867],[73.36475366805148,20.19558480806381],[73.3824971494902,20.211729929283376],[73.38930254884784,20.192621692753075],[73.42121134798674,20.206586015740942],[73.41215024364678,20.265513150227257],[73.42770046481428,20.28011963942329],[73.41266720591538,20.360881639870836],[73.40450690870128,20.38609816878534],[73.38272696162386,20.37306195050235],[73.3797679802838,20.393503235476352],[73.41957410564846,20.413066595246317],[73.46986591270604,20.520307169358727],[73.4936242443206,20.538068466618366],[73.47529831374365,20.54332818666322],[73.47315309625968,20.584635287150384],[73.43094264627996,20.594219875727905],[73.42112018772436,20.625868281497116],[73.39411369346195,20.640781780990277],[73.44429722839577,20.68110295769919],[73.44985836326994,20.71756444652098],[73.47464810384226,20.720387873804082],[73.4892348935696,20.655733594998384],[73.52135561711663,20.6754432443956],[73.55079944895392,20.6485594773935],[73.59951497861061,20.636903126954145],[73.62968481391755,20.581259884644126],[73.66086281076014,20.56247273866416],[73.69537703201217,20.57837271241054],[73.75546703929153,20.570837810490275],[73.77539284381311,20.6002241069793],[73.8242936684677,20.61190584175097],[73.8390909024418,20.65877452289571],[73.81185203884922,20.69203343569316],[73.85517076160811,20.69225128205777],[73.87485795283261,20.72973224441513],[73.91774439847777,20.72506132080717],[73.94266122069703,20.742083694145542],[73.93186149207031,20.760622976077016],[73.94031846935783,20.83943875457276],[73.92372418784117,20.851377786976546],[73.91753820300737,20.907781242237952],[73.88819919241959,20.933591288307618],[73.89231190124023,20.95571067280733],[73.90797625087417,20.959736546809008],[73.90129759322264,20.982304573540308],[73.86790697114517,20.986082193983684],[73.7955255628002,21.04451920290431],[73.81051892507973,21.058371609885178],[73.80774103758782,21.084893089227826],[73.76387341221367,21.069236008361475],[73.70273888278774,21.114878213777796],[73.6889488344021,21.100794232256284],[73.61846190664004,21.118455302862557],[73.61763322181132,21.142697032496788],[73.57851957873629,21.150481251042116],[73.57764292024767,21.16791712243167],[73.59959966585433,21.18169534516975],[73.6274290155547,21.143351906973177],[73.701777441492,21.15368899515521],[73.71755943881158,21.140905265315382],[73.73320969284869,21.142354498335237],[73.740086881983,21.1711165859985],[73.77230552407606,21.16463692026597],[73.78470072244892,21.183985727524735],[73.81576154634563,21.17396026178255],[73.82314512011794,21.265407688447862],[73.8796131191102,21.265957020996233],[73.94272638862513,21.300313487361805],[73.94642606830847,21.40506642493237],[73.96928301799653,21.397089005443927],[74.00087218282016,21.4208420287731],[74.04462436071434,21.419193911486694],[74.06417923499095,21.47466175074133],[74.10071375354534,21.44763123246998],[74.12377389704861,21.466416865879136],[74.20928101063612,21.462188049146487],[74.21415740272433,21.4816820400434],[74.25356113576159,21.467741786122705],[74.32078812886307,21.498496916183274],[74.33116030155767,21.552424658687013],[74.30362590688071,21.552169897535954],[74.29552639041675,21.56907383489767],[74.26333080824126,21.539898866737598],[74.23621739729592,21.53970309876657],[74.22861134251025,21.55354087107821],[74.19584492691183,21.53206256000323],[74.1758645504776,21.56899839303804],[74.13847283102761,21.549733044768928],[74.00566439324686,21.552482389611285],[73.9960766504239,21.538768432405952],[73.97418615520502,21.543276273707765],[73.98227009437409,21.522598038263787],[73.95445281578068,21.54065438328177],[73.94929301902113,21.51273581650136],[73.90422763033607,21.524509230974232],[73.85355659015525,21.49746588956803],[73.815450182565,21.597666218528758],[73.78051493385868,21.628592071775806],[73.88801486034409,21.653246096192046],[73.89181647046085,21.692148437454907],[73.82486471487601,21.759555345090003],[73.83751727367238,21.790124891242122],[73.82786557109233,21.80866824364522],[73.79594193356702,21.82455128071997],[73.82496737300703,21.84235830454857],[73.87428774531777,21.84257322672809],[74.04789500699528,21.92499989713373],[74.14626303402501,21.946440605011734],[74.15045942617233,21.986739862712962],[74.09204527892058,22.013691263130045],[74.1600752987157,22.058818024311062],[74.17669214962288,22.089049111045096],[74.15255727470472,22.106006156033025],[74.12455871616325,22.097926128489195],[74.1222027809935,22.21042803440601],[74.07223765333461,22.21905791527054],[74.08718277238575,22.242794825610847],[74.05236002623631,22.294362473079108],[74.07156887799918,22.335987708427453],[74.06476597121181,22.354606558184877],[74.10507335924346,22.37181499287276],[74.1278608677537,22.332735857158045],[74.19033380712263,22.320259912643614],[74.20624994080237,22.3660830717665],[74.2245889955627,22.357055527325077],[74.22370730452994,22.379944166894106],[74.24329440769252,22.376052243848097],[74.25905471336789,22.398322353267965],[74.29117835714545,22.39401242165205],[74.2527856694089,22.43294768034314],[74.20078297579869,22.43543159591676],[74.20276404941062,22.468676416838193],[74.1878961954133,22.4755056572682],[74.1841258757933,22.441538833167336],[74.1604488393489,22.43121050846403],[74.15114795381024,22.456109520528553],[74.11911208773995,22.418761461752712],[74.09827354695267,22.442699544211692],[74.10415265741435,22.464527113818427],[74.0753250248399,22.464295363462735],[74.08251701984558,22.506784617964673],[74.03158306251828,22.49362541184633],[74.03789415255339,22.534513197712936],[74.07463853097606,22.551401854314115],[74.14643088189334,22.513904273793635],[74.18951224373308,22.553599175424836],[74.18329549646589,22.5664880434464],[74.21003311338356,22.564258907198283],[74.26355658680781,22.643972394501997],[74.37906031342366,22.63443338840875],[74.43378343200109,22.807899344752443],[74.46477297319123,22.816391002059945],[74.47604152940329,22.853095976554787],[74.46076389173612,22.90684279140908],[74.44683278379867,22.92108115727501],[74.41847834114667,22.917041754637875],[74.3934081513121,22.89660287823753],[74.3394951685314,22.952888925906908],[74.3654647513702,22.97589618157667],[74.34638471390056,23.025310027631846],[74.32192670250294,23.041222576467966],[74.31133494999717,23.07419215904972],[74.27889032857692,23.092185379027867],[74.2871215546303,23.11712178025608],[74.24079861701709,23.18469164896698],[74.20121409123165,23.1893032800688],[74.17887766025135,23.147279369070695],[74.12147561851371,23.176193231968544],[74.13264018757619,23.266191221519218],[74.10057907829072,23.29381131490108],[74.03816386000615,23.293446572183587],[74.04485577887347,23.3088093880631],[74.03306736996672,23.305990334871648],[74.02865472737906,23.331672176508675],[73.981395448563,23.33813909879217],[73.97553432231288,23.371515996209357],[73.95749830849401,23.379544868812474],[73.93800771928692,23.36793774222273],[73.93565696230303,23.3397304747034],[73.89192593316558,23.33411178792347],[73.82870546414877,23.44769257606535],[73.78627736104026,23.430225282702192],[73.7557306878993,23.4543226686736],[73.7208055721983,23.410134592577684],[73.69739915180945,23.456671344558867],[73.64745595429105,23.43645216768535],[73.62720945755339,23.44857133821048],[73.65636475642846,23.50745751418945],[73.63306774522171,23.52868590344312],[73.65565542756967,23.621288519277886],[73.61548049831018,23.652116178237367],[73.57265586293191,23.653766271886838],[73.52308171679726,23.60690025000323],[73.4937654768134,23.63233833394183],[73.50877367284494,23.644387253316776],[73.49660525033897,23.649156995173072],[73.50739416834092,23.703042673980697],[73.47351839935806,23.70523262214792],[73.41801571134273,23.776807140156],[73.40024792363958,23.785056583823227],[73.37077148256775,23.765258278692002],[73.35184395379211,23.791396262300783],[73.36791208468819,23.814234418058128],[73.36112328396118,23.872699809794092],[73.3874602448122,23.915906224434284],[73.42082620817351,23.930824829338494],[73.4149572100418,23.985780507316782],[73.39787929846987,23.989510301974423],[73.40469533983301,24.041034528581918],[73.36086949523977,24.08128249491871],[73.36199341446681,24.1046623211254],[73.32700553580446,24.10922412626435],[73.31738547069847,24.053207152258697],[73.24279151250722,24.00228194105395],[73.19314122111827,24.04099606063573],[73.21322567589318,24.07804050961751],[73.12521954225355,24.12486089063494],[73.06744331420005,24.19469102931882],[73.09871264419883,24.226159145270245],[73.08787063458543,24.234919080217576],[73.12433012849809,24.27166469891723],[73.13543796613223,24.308432401571583],[73.169220863017,24.300304947138688],[73.17634880740901,24.337878746263325],[73.19856569156453,24.331933314139583],[73.21926204421315,24.36389544851511],[73.19918824652703,24.376510358741687],[73.15257023745204,24.353842771541707],[73.07650293825789,24.396600703678594],[73.10098563454449,24.42741077001579],[73.10776238640514,24.487196471768836],[73.08423486750289,24.4979808555883],[73.03522840691471,24.46384714958447],[72.99330262614268,24.479653209582608],[72.96796309793525,24.45090730988832],[72.98121427108539,24.43438135088489],[72.94930053306646,24.398184337410196],[72.97755127600381,24.374639387853474],[72.91072688345841,24.337211928262175],[72.84976014048516,24.37204137977342],[72.73086080373666,24.364301029187306],[72.68914572936443,24.411732281890423],[72.68335799608167,24.46387720493977],[72.57594281443033,24.478854709538464],[72.53824382351151,24.519682094714916],[72.49319275086494,24.459083861673307],[72.50042389235071,24.417054611295352],[72.45724301288816,24.414798729492272],[72.43021761970566,24.48017440061298],[72.44108063385582,24.515326068524754],[72.3885790676574,24.50767992744711],[72.35372978792559,24.56376194897321],[72.33093497156943,24.56930500684023],[72.32899109295963,24.552408371709685],[72.29543500520852,24.546625793813934],[72.24639573599018,24.585607133149093],[72.2763436901565,24.607526910967692],[72.33558553734635,24.598584301231405],[72.34733443819422,24.628455974265737],[72.30498512790578,24.61754576235123],[72.23036762902159,24.64060954228187],[72.1965718047117,24.614719426945094],[72.16480966135518,24.621276722776127],[72.15025728466271,24.6436694512684],[72.1245705107371,24.638602584400516],[72.08981676634431,24.658695079553247],[72.08519862058826,24.706411088046806],[72.06132921601603,24.712108768889017],[71.99383487748358,24.695061768224278],[71.98829642817363,24.657532524796412],[71.93987304023726,24.633804578687425],[71.91544280590004,24.649513038664136],[71.9186119236912,24.672113622290375],[71.87175129847469,24.68176668040734],[71.85216726110689,24.609362613451776],[71.80589954976372,24.6267508714488],[71.81038561312667,24.656064279920074],[71.7915287807319,24.677338599557146],[71.65536604646064,24.639188869521355],[71.6075995128294,24.6765536321661],[71.47917032805957,24.679647018306582],[71.37780447619686,24.625967606797616],[71.35863893366874,24.63075172928901],[71.34816852375351,24.66093540576868],[71.28782335918694,24.616229048098873],[71.10717723475759,24.67970728719181],[71.06555104481406,24.717387009582424],[71.0266809886775,24.808828135646916],[70.93775072929647,24.93858591148334],[70.88854071861985,25.148134228481087],[70.75170048159265,25.277683815195708],[70.73685700023292,25.33239936902446],[70.6648565265901,25.39687666311963],[70.67859290948422,25.52551040061725],[70.6672580416282,25.531223677427466],[70.67405936475538,25.675816883964256],[70.66018036200737,25.702031860122887],[70.60887776604184,25.71493126833309],[70.53019419510278,25.683388340851742],[70.38705756937551,25.67375695054166],[70.26867338824651,25.71362136419993],[70.2469870797973,25.762107664135094],[70.17439564999022,25.82831400048904],[70.09979759587704,25.938208241946068],[70.08346438755748,26.08330401442701],[70.14127670688306,26.156018406453214],[70.17517212516927,26.251448091205564],[70.16357098699613,26.29484884447095],[70.18539182070545,26.374236262605006],[70.17432595851069,26.551310844417067],[70.11747107222193,26.586888459327138],[70.0563052294779,26.6005005008523],[69.88618581981518,26.57872331738901],[69.79193422578851,26.598226236539507],[69.72249898900634,26.653354107825265],[69.51030084731788,26.74350998759151],[69.48443742981254,26.804839970544986],[69.51339274410216,27.00990749885954],[69.58682277112104,27.18322889411812],[69.8625026241722,27.401854988691518],[69.93379169498066,27.49774572264777],[70.025941533402,27.562871269108197],[70.13256202907766,27.805973855754186],[70.22701524875414,27.90134093597067],[70.29624025564074,27.93599763702417],[70.37225566363261,28.011814079776148],[70.50577120520265,28.036972956425462],[70.58953660591894,28.010461822887578],[70.67743347189536,27.921819419364876],[70.68435629715292,27.828180865153],[70.73984213373652,27.741872617566735],[70.75944518892855,27.72119772675247],[70.87200752222384,27.705542209495963],[70.96316401375891,27.72929458621167],[71.2055657632936,27.835335419015475],[71.383059938819,27.872485670057515],[71.66647545023363,27.87775338663132],[71.89837154835708,27.9612268753149],[71.92735878060391,28.12169917977855],[72.0043187519345,28.218594869950014],[72.13224395445057,28.313010267298594],[72.20617458780801,28.394231392114744],[72.29928060129744,28.669718860432482],[72.39024749597013,28.76975203500279],[72.73308476952425,28.948047100686985],[72.94584565568378,29.027834255719686],[73.0043893816531,29.15300861998474],[73.08441131839633,29.236218443372103],[73.28225008467695,29.572052423786083],[73.39703566458685,29.945906259537413],[73.59709819477155,30.0189251825599],[73.80663563824024,30.06796535503084],[73.9725623104633,30.19814975456406],[73.97564844940214,30.120990875238313],[73.90405320154343,30.050122319905316],[73.8865346869135,30.0124940891332],[73.89539172019504,29.974003459927626],[74.52715909385786,29.942939440161524],[74.50986416812927,29.90832064146535],[74.54371384701473,29.901715064674516],[74.56105618219419,29.869776082823925],[74.53813919719177,29.840326856816468],[74.48464050240038,29.814893369628656],[74.47334291386015,29.770070066048856],[74.47786680034801,29.74680731319443],[74.50795055310172,29.742223112808485],[74.57929935303513,29.749025701156224],[74.58748823654429,29.76690763637423],[74.61582654536883,29.752392596798632],[74.57497909943837,29.565182646508333],[74.62189393379856,29.522247527107105],[74.58466471915835,29.458490836268535],[74.54321801560074,29.46775029747139],[74.53465638865721,29.44771629136779],[74.53662283780426,29.424546368174592],[74.56617010153201,29.420643165538806],[74.60291079397743,29.364909024222424],[74.6002379900426,29.329052207551108],[74.6545090488003,29.332940238546428],[74.6582258809938,29.371966652932553],[74.76220304317357,29.354376369679922],[74.85058115587229,29.403593998547436],[74.93847030593821,29.361799005117934],[74.96170830941944,29.28034322155532],[74.9992285548191,29.270306239989935],[75.05000077000003,29.286076002685352],[75.07532123035185,29.22977948920019],[75.11961069537142,29.22286515771936],[75.12438994762219,29.239869629153127],[75.15858497126803,29.24240575654199],[75.18800639945668,29.268190802807826],[75.21014258397149,29.234649366440795],[75.23839448858978,29.230238111032],[75.2451856641563,29.250181487740488],[75.28388712544998,29.24985080205825],[75.28778466074512,29.273545747342936],[75.32204768896138,29.289491922857465],[75.34064226468968,29.28077064132795],[75.32809983385937,29.236333664521347],[75.34703788109653,29.22525661788762],[75.37802291690416,29.256833344401855],[75.41069842591124,29.255475102195625],[75.39682338540479,29.21753673715414],[75.41438070986105,29.184314529929466],[75.38205447122708,29.167623007504755],[75.37116830760368,29.141573969631704],[75.4057924160745,29.12016399181208],[75.39125699043497,29.06273132170475],[75.44181916092472,29.05753807162525],[75.44559652068726,29.008527994504327],[75.52059243184034,29.00436458458095],[75.52726191107547,28.970453748295814],[75.50569383757092,28.93591216193882],[75.47339618240073,28.92337982033494],[75.49654026956077,28.896313512020274],[75.49846806959374,28.84895622765634],[75.51963668226588,28.834505975057052],[75.5032960485289,28.783482900444774],[75.53538899941904,28.74617362114509],[75.54121034962395,28.660488056497524],[75.56151879320986,28.613214592370376],[75.62243463926345,28.601354995784533],[75.63347662180308,28.544437930663047],[75.6684544779566,28.533057566769898],[75.70089708724313,28.49257448559816],[75.73947313156339,28.48476100188035],[75.73566964709707,28.46884126231713],[75.78829449947496,28.45354938571209],[75.76655779866581,28.413452478610868],[75.77679440061273,28.400372793857116],[75.81866950383596,28.409913274340138],[75.86650524507964,28.38505703307629],[75.89636558698552,28.390071991619962],[75.93297269215307,28.336604004186235],[75.95442647235284,28.33411206066989],[75.95779415444458,28.313919856657918],[75.97236429939147,28.318603949231996],[75.98593538389277,28.29346245979169],[76.02631951082564,28.275031960904844],[76.01318128865078,28.244048422283058],[76.05592681650069,28.22018859296233],[76.04733637503628,28.19814241201351],[76.07191578531393,28.194335174310332],[76.09545334466988,28.150862019527448],[76.07571973871816,28.136979522225175],[76.07080490506776,28.164652335831853],[76.03178535413028,28.167859841198105],[76.007489918849,28.15314856020812],[75.99899437178276,28.122771372916507],[75.94593185267782,28.10766067125175],[75.93869486010801,28.08814299464556],[75.98343352707718,28.08135046092377],[75.97503484862288,28.050704406546444],[75.98661722363278,28.046489040874263],[76.02324251323681,28.085985192356336],[76.04079718702339,28.07405761981097],[76.02535952941864,28.054241136334085],[76.00853249595745,28.058822809243946],[76.01639215810765,28.03050920201585],[75.97273427808327,28.0236375739972],[75.99415433734595,28.002726060063264],[75.96671818821726,28.000028786008144],[75.96562921198765,27.98406671768491],[75.9999352211049,27.977578491981937],[75.97271509647761,27.932666440008518],[75.95167894775095,27.947726816107355],[75.93266791841971,27.929466720413167],[75.94233457966371,27.91318175840886],[75.98477078637885,27.903521001902092],[75.97137309025516,27.851966256687795],[76.0476693331528,27.83513873047568],[76.08567086829655,27.844707664884165],[76.08784094021618,27.860661283309184],[76.12333438091979,27.85102500246484],[76.13226702380905,27.82447589161899],[76.17214393661858,27.799649833429147],[76.19921759133842,27.82116299043014],[76.21708161983209,27.816712763204514],[76.22517893023483,27.833256513111383],[76.19380583577463,27.85951169550336],[76.20124969172194,27.89281198715549],[76.16820689815408,27.90338011723273],[76.18664073209393,27.965478475677617],[76.15755827755194,27.98721343290287],[76.17688975356037,28.021549428901842],[76.21480262674412,28.02658266364368],[76.17978085506475,28.05427441269262],[76.23804263995262,28.049715573789747],[76.26096208499229,28.067528756505947],[76.2935559644042,28.04920182078716],[76.29215745860154,28.025862745932304],[76.32076235567864,28.01597674328109],[76.34062703208774,28.028634925636602],[76.35660485363299,28.06748509900012],[76.301441763657,28.09786932882527],[76.33659444120505,28.1026078053404],[76.35986118800656,28.124918692220987],[76.29758292383107,28.14911529139975],[76.30143374758636,28.160048237642307],[76.28328118450841,28.163949310047894],[76.29226591635249,28.17921635399106],[76.34525083280214,28.169398697502224],[76.35656783542139,28.14373327942334],[76.38172722822374,28.13323541142935],[76.47573559317296,28.148583185019643],[76.47204815171672,28.13507765019798],[76.5026762396585,28.118711156853617],[76.4990472234439,28.10019840823991],[76.4636948970689,28.109158736654432],[76.44784091073254,28.088959812795522],[76.50124374659578,28.05968727627963],[76.4625396088931,28.05910559497649],[76.45467434829064,28.04232645976456],[76.54381992860155,28.034206124020123],[76.5447158701631,27.96367480574659],[76.58988532138311,27.99785736113069],[76.66815758105172,28.013829225959565],[76.6543909708958,28.03468210984437],[76.65715852226316,28.089170708874413],[76.68735686225567,28.08765323737979],[76.71575823665708,28.12773786752141],[76.74355877232652,28.12103011883109],[76.76244775178121,28.142639145382056],[76.7948108453456,28.148382624598646],[76.80839923561993,28.210863811584584],[76.87490155937337,28.217769125384926],[76.87099520446505,28.206589039481617],[76.90204536066297,28.198974982352176],[76.89251948820154,28.18358709214461],[76.97054875155258,28.138428026219298],[76.93060975737143,27.993347866875993],[76.93153807282316,27.922348529461],[76.95067346029157,27.91563000300646],[76.9505934597534,27.895800243970037],[76.93765904391012,27.896221805942286],[76.94231799593688,27.842617834504658],[76.93570138873983,27.828809807011528],[76.91502176388488,27.834538651643804],[76.91900375218665,27.80414027000618],[76.89268167210064,27.733457411797],[76.92472621004902,27.699921431962494],[76.88987601458305,27.700749061126018],[76.91082817764674,27.654673874908063],[76.93335727683517,27.65603098841308],[76.94377016046913,27.673722757625583],[76.9783740975944,27.653978860043992],[77.00077745099358,27.73701504347274],[77.03647323135127,27.748611162547554],[77.05963340423975,27.726483824538175],[77.08566100728167,27.738088984915574],[77.07455734513665,27.76700562460492],[77.0265766421924,27.779239155420136],[77.04479883160528,27.820982162776428],[77.13521920078105,27.77508613306236],[77.16080712903134,27.79258377238886],[77.15996767622657,27.81665093501637],[77.1895026387386,27.80839228552955],[77.177023956698,27.78546762124348],[77.20316263989865,27.82221880510252],[77.23388569684859,27.78596220533337],[77.2687570831422,27.814937697660195],[77.30148731333368,27.794855078447206],[77.31945152897683,27.736669227952948],[77.30442257521878,27.709857952325333],[77.34123016510217,27.703204203454522],[77.35258300940902,27.6512374273339],[77.3170593366038,27.606751580119546],[77.3582180561239,27.588960773785654],[77.3377914664364,27.571415850615217],[77.33999299602696,27.526619628603363],[77.38283628870302,27.515685037742333],[77.40190207904138,27.47678037832346],[77.43781399441689,27.45631836277039],[77.42110203327803,27.422017974035494],[77.43952940169225,27.39071573566673],[77.5071883521859,27.37709004497765],[77.58379458440302,27.321295500292813],[77.62270954920552,27.33618560200849],[77.6225956875167,27.31644059206256],[77.5987142842763,27.297148670008998],[77.6168288150218,27.286449975777483],[77.61642945925404,27.257802411095714],[77.6528211687649,27.234842651619502],[77.64671430772798,27.210218337626536],[77.68113044882597,27.194403789393025],[77.65840253277734,27.170105942510762],[77.61005319729514,27.162855495871174],[77.59784505401593,27.1179998364605],[77.5203945917709,27.104372940115727],[77.505443166813,27.092297870063952],[77.52708411962371,27.083179735234847],[77.51934591895699,27.066619534040694],[77.57721974206702,27.06832631160945],[77.56320782465959,27.029370679470063],[77.57919158016877,27.038206935295033],[77.63415282548674,27.012453882304005],[77.64193830889472,27.025599615325973],[77.6655834743007,27.01725204962155],[77.67976650861141,27.047083460615077],[77.71136352984914,26.9974147058868],[77.73005912223849,26.9938882975532],[77.73768667625062,27.029751049455484],[77.75879020569695,27.0180095495341],[77.74532870247609,26.984527643631846],[77.67624689965429,26.973220007300206],[77.6709810566824,26.96063432721544],[77.66088302355597,26.97121836398094],[77.58319683077055,26.92416095106938],[77.49025638473707,26.900491434211236],[77.42883410535896,26.86359284029249],[77.42211860754028,26.84096817229125],[77.44536582003782,26.816393297922154],[77.43134269849243,26.771078814833206],[77.4543777490791,26.778009072572353],[77.46946891250575,26.765779946309177],[77.4545773609442,26.741946972228128],[77.50276954674119,26.76931144625103],[77.48746605911293,26.788154072673755],[77.50117235411162,26.844454230878235],[77.52096754308252,26.840658250314018],[77.52568621207278,26.818871625844455],[77.60846962198657,26.83777631731515],[77.60761732306037,26.827795401475623],[77.68665126419515,26.875249471943814],[77.72261000536129,26.87431826322696],[77.7249182516515,26.910381777680254],[77.7605990264682,26.932621402503383],[77.85049711882978,26.91272498451108],[77.90432446310643,26.883334539544272],[77.90636012905246,26.91777884264504],[77.94840529452729,26.89357766305298],[77.96780560408781,26.90374761657422],[77.98702306124373,26.889322843852142],[78.00962897279253,26.904046755641325],[78.03493969151566,26.871973275676762],[78.02569929297984,26.849628401889372],[78.05231091168073,26.868159690112925],[78.04880661976682,26.9101326860151],[78.11119752165727,26.895877079500313],[78.10158445797681,26.91635163907683],[78.12203303570985,26.935435927777178],[78.11183007766856,26.940276891597097],[78.14448215378236,26.949883943194212],[78.21062423947082,26.93133039260919],[78.22658451117215,26.94541158580661],[78.23862040394432,26.926644602263707],[78.25728818304518,26.93457063197603],[78.27225734193712,26.91918541123554],[78.23264465875623,26.874275865707936],[78.1964967863864,26.880916357234465],[78.22199639330407,26.830464283150704],[78.25996132239291,26.814167743905564],[78.28950182300571,26.857781156538636],[78.35831746240379,26.869561649024327],[78.39964171805903,26.81817069634593],[78.43522688280424,26.825128526576414],[78.46302270319539,26.787676268724773],[78.5218331559711,26.780584500670287],[78.57685860676813,26.74896651713706],[78.61299837083956,26.75243036086881],[78.62844613032979,26.773229164116398],[78.67052861878302,26.762406748995403],[78.68452504087142,26.78875375155494],[78.722902914675,26.797267981794587],[78.72719277902033,26.77647020167154],[78.75359691493114,26.787012182028274],[78.77101823877081,26.75908087883618],[78.81899030943731,26.76094176761547],[78.87236229817461,26.697786782530052],[78.91256389837838,26.706834264534105],[78.95605594752938,26.691680366526885],[78.94548794183348,26.654821623890147],[78.98333691545753,26.67687854029756],[79.0070463935578,26.671309245242814],[78.99346017141245,26.641907193611512],[79.0170629022836,26.601035952504933],[78.98913806869369,26.595559001380614],[78.98978348585052,26.578450570754704],[79.00774363803475,26.54386968935305],[79.02833796507454,26.54668762870105],[79.03966091509305,26.515114231824068],[79.06812686816613,26.496621054183873],[79.05261636464635,26.45373826146192],[79.1351777969084,26.440131045940642],[79.125983698707,26.41125358332481],[79.09520640554938,26.41263598247216],[79.08417002898234,26.35926965686647],[79.13883078085449,26.337513365365215],[79.1155273384144,26.320477478843955],[79.11741656834569,26.298905696581215],[79.1019288316798,26.306815261120434],[79.09064824053591,26.270027930835546],[79.07700851901039,26.28062047227606],[79.0456440947592,26.260307334055234],[79.06969513479793,26.245696587388164],[79.06344474484588,26.225904650015522],[79.03459853834174,26.225370480589135],[79.01944220943857,26.247609148558862],[78.98935560861956,26.234975982138966],[79.02582147322393,26.220098048511396],[79.02583037442972,26.191765391842754],[78.9936657103081,26.19689173473564],[78.98311385666247,26.184358310071342],[79.00446865689311,26.169215608775076],[79.00489540226584,26.14804981174509],[78.9669558057838,26.150142603749497],[78.94887043930028,26.12867977014792],[79.01206315147223,26.083184846718844],[78.94826299328584,26.02774923373536],[78.95681428786898,25.996538018711696],[78.93317921490147,25.97933187628614],[78.93895646532572,25.942687090034582],[78.88463912186938,25.91392951637183],[78.88737906606957,25.868494815124357],[78.87305664502125,25.875138834582767],[78.85240623833505,25.8566464948837],[78.85140719237384,25.838462462064662],[78.87257846586981,25.835092957496112],[78.872444441532,25.801378959511243],[78.85714756507988,25.791815239666786],[78.84555115599132,25.82155485771577],[78.81843532574268,25.82900730521082],[78.80626639607074,25.81309286447105],[78.82831017509174,25.814338163747497],[78.82861660332611,25.795707561284893],[78.80828756594704,25.800971159957122],[78.78288290410208,25.75848296922803],[78.75285582425613,25.750002434219557],[78.7633317013021,25.719929726853806],[78.79991169127592,25.70506823455689],[78.81670423566977,25.676321457096876],[78.81176271307449,25.620782511681668],[78.74214936605146,25.596993189052633],[78.71732912611432,25.60532919567451],[78.65867489651065,25.55988665709957],[78.62419297215163,25.56737836110877],[78.63079678576007,25.578932543939935],[78.61813623861099,25.583662571345116],[78.58943833396145,25.55681726576282],[78.49333850137852,25.578697780645953],[78.46469369187774,25.545508603711895],[78.44888385200126,25.563589124121997],[78.42991552834691,25.55237276564569],[78.41680998161121,25.501700325381787],[78.43130656359301,25.47362961303906],[78.41648543726734,25.476478098959678],[78.37766068687363,25.43681059343367],[78.35454453229623,25.45197906556689],[78.33879188383655,25.430635889759255],[78.34091274878139,25.400125558359452],[78.30053267520105,25.360373730329176],[78.32805789302388,25.352542934049026],[78.34379321406843,25.32845582834637],[78.31173418638521,25.30330058973354],[78.35458581882926,25.29225438812889],[78.35011060145723,25.27732730256808],[78.37251418094846,25.259906873754964],[78.3597999942071,25.24219321339099],[78.4109519389725,25.21266594662302],[78.39127149337024,25.20093845975562],[78.3953290756578,25.18813993953585],[78.45805788727431,25.163326320564725],[78.42733694256792,25.154058516880262],[78.44790258268091,25.124816619925145],[78.40681795884802,25.12893264479144],[78.38606474443586,25.103777927242497],[78.37579112462527,25.09906441967101],[78.37006834729702,25.097188291890685],[78.36083880862175,25.09572983457012],[78.33863497425996,25.086581359370705],[78.32985638436351,25.06580893686947],[78.34737274189811,25.021531464719537],[78.33385237466955,24.995499619972104],[78.1690569721253,24.86933646095578],[78.17326860672627,24.84669368355656],[78.19929352711841,24.837858440696916],[78.21667858800733,24.80859444851665],[78.23574459515366,24.771748212310943],[78.22562035959929,24.74823493452721],[78.27683584012316,24.661887211759144],[78.262543131396,24.642738054455087],[78.27798094329597,24.6116384654679],[78.26446944475231,24.55220234560649],[78.23006536913599,24.537984945670548],[78.22597965040462,24.519773620614078],[78.24442472123751,24.511418162045814],[78.24482623914678,24.48741300841247],[78.27497912449572,24.473923436087205],[78.27065175025263,24.446172479583463],[78.36578652707979,24.38597622099025],[78.32969479274878,24.325760149634785],[78.38314777031523,24.271325609944423],[78.43108665469342,24.284031890517973],[78.49361913876598,24.381384013197167],[78.51838035224317,24.387818753329604],[78.52988419144839,24.368095180571334],[78.586004323394,24.353742298595872],[78.6032422645185,24.315145158556817],[78.62844280995566,24.303937966503497],[78.62580303303629,24.28059064657247],[78.65928259995472,24.26825392006369],[78.6686337117398,24.24003732677877],[78.70305791231682,24.226923242422938],[78.7341660406831,24.252405124209897],[78.74160336198834,24.233836888187],[78.76814640394346,24.251786016248843],[78.7673703712356,24.22021273369838],[78.7894314293762,24.17711125823587],[78.80462602045154,24.178112129912154],[78.81602888390853,24.207039656225117],[78.82472529152369,24.195689474743837],[78.88512770747512,24.220715128786185],[78.8843741432595,24.25000001282958],[78.91607017583684,24.26762632109786],[78.90956325332742,24.296076396162608],[78.97145395161297,24.347605838460975],[78.99364771610641,24.42275015174668],[78.98578730648859,24.44147106856343],[78.94748376899784,24.436621894070758],[78.91511653802542,24.458200149744652],[78.9209114252207,24.499840693310457],[78.93621897460677,24.479422633000098],[78.9706532624562,24.4941611321266],[78.94875949644897,24.501396658164015],[78.94644558937031,24.55714636534948],[78.92015186748361,24.57481210324784],[78.8831090264603,24.641397319432777],[78.78378711776436,24.588560325052402],[78.75456929289909,24.603815685152195],[78.74653867731706,24.66203388657869],[78.78121676666785,24.706924509087187],[78.77058970094575,24.78938036243155],[78.78992837335238,24.810436308584112],[78.771269945253,24.857454318489886],[78.67655975638843,24.89863117059995],[78.66339325882831,24.93844239944685],[78.63150333172516,24.959007588995885],[78.65269091085278,25.049906301709285],[78.62733711001941,25.086898864089758],[78.60216676103845,25.09493603420946],[78.59670852371977,25.164301360268343],[78.5703120789538,25.223707055035955],[78.55594629537987,25.21072443644892],[78.57825950899361,25.25402456625069],[78.50392508831352,25.28963076575982],[78.44983146076537,25.2625462055494],[78.43548808462276,25.285188436176558],[78.45470619679688,25.301243070031376],[78.47733707646529,25.289132723962712],[78.5031790450278,25.320909092523937],[78.50989696756835,25.295552821739616],[78.53051799414767,25.299719945065803],[78.55306755978823,25.319641917387376],[78.53050023873742,25.3547040036976],[78.58379207859622,25.34736680909931],[78.58570076088989,25.374173200766123],[78.56259220603388,25.37784830791064],[78.56650465377227,25.3935343780671],[78.59019353840344,25.386026828464722],[78.60966672839174,25.416022366448423],[78.63846040604511,25.4030822622753],[78.64135672959135,25.433493914204185],[78.65983459897375,25.441660058973945],[78.68171241277068,25.4332219962983],[78.68986585613354,25.445748033764428],[78.71119915461234,25.428454880636345],[78.67489877354264,25.39956732490427],[78.66652628311195,25.415475538937635],[78.65894873734572,25.385286640092655],[78.698643751728,25.381675973564924],[78.72412234759065,25.34396725627139],[78.774587784571,25.353104129308296],[78.75854029752772,25.382574728919963],[78.76756704386547,25.40048219867239],[78.74713227933461,25.391689423957374],[78.75215966771161,25.413184686508462],[78.82137363763887,25.422578067441325],[78.8029707356478,25.43716234190196],[78.76644271599633,25.424226835676894],[78.73730348608434,25.450020672696265],[78.74283442038116,25.49877971705653],[78.76782886491489,25.46942807314089],[78.79156106907949,25.483419437080208],[78.81824946834578,25.47165195243418],[78.80638085794303,25.454473142239095],[78.82060803891565,25.467744202018647],[78.84089036830656,25.461499106554673],[78.8456326789709,25.443310754255005],[78.8214900799296,25.440555272376166],[78.84011440228096,25.42778770721438],[78.86617108324371,25.465668643653885],[78.83495948265336,25.505820589306417],[78.88438203647662,25.515579242226853],[78.88410654010458,25.554358608521824],[78.91120343799672,25.555162267224752],[78.92336586593466,25.535936033258725],[78.93309594336148,25.55533569923592],[78.95178990636293,25.548787095149446],[78.92053347185683,25.51369764957047],[78.94390609255176,25.48292559323327],[78.93602371693592,25.461607491805516],[78.90887279000992,25.442420519671295],[78.93826513939624,25.422248944969134],[78.9580037861698,25.440284024151023],[78.9697430701727,25.431660606168006],[78.96992913171083,25.39011367219845],[78.9893319081832,25.374040802369333],[78.95915885439379,25.371511095727907],[78.93871245246909,25.346976728787936],[78.89634857237623,25.3728245703213],[78.93829494098625,25.37482544744647],[78.95646859457011,25.39719446571493],[78.88024274142695,25.385892763370027],[78.8192991059953,25.30694056398591],[78.79823662711816,25.313936220153302],[78.78846405462852,25.30008767195703],[78.79766132819874,25.289174445610968],[78.82367384793405,25.306382488041464],[78.80932767539748,25.271680966388363],[78.84280101837668,25.227691780739146],[78.87989556489839,25.285976302770358],[78.86261630156304,25.314452039993366],[78.88078696804168,25.340996596337884],[78.91184157786546,25.332560748524482],[78.9209095079877,25.343589229204476],[78.93103307430741,25.324597232640887],[78.96150849696419,25.3434535941702],[78.95742755397599,25.302238088476564],[78.97980156231861,25.280328528489964],[78.95551291771784,25.282758592309246],[78.94514376529044,25.25941958748681],[78.92014323133638,25.273584020231123],[78.89878205216121,25.243012442853836],[78.88092163214559,25.254010952407192],[78.86953198051528,25.231107414528143],[78.89058475279258,25.21442429750096],[78.8716650696005,25.187986601880134],[78.88039591558068,25.157616306181687],[78.93432998820653,25.211889917354327],[78.97029457702325,25.216438816115314],[79.00587339404618,25.1950472241676],[79.00251185225945,25.22795323667175],[78.97506397503987,25.242072975087588],[78.99437462419772,25.273163360126297],[79.01394048822294,25.27374084352029],[79.02228003994297,25.241048714039064],[79.06368344045188,25.221757847183984],[79.06200116970487,25.19314525747414],[79.05206317004871,25.187430985597743],[79.05232919103373,25.207444581531046],[79.03091379162281,25.184480696798232],[79.0353287154135,25.13665221263726],[79.06908401507215,25.151766981415257],[79.09038226179017,25.190550165777687],[79.12609355556783,25.161219920516373],[79.12402073162325,25.110779652896003],[79.17315752052002,25.107824235425152],[79.18729029237765,25.1263792571232],[79.17618005619244,25.140059978640004],[79.19080092268868,25.145443501291496],[79.21502946746648,25.111406578438263],[79.24036868728108,25.113262115361323],[79.24930432855582,25.14009453510249],[79.2243580259785,25.14602923743455],[79.25150638011522,25.159383306937546],[79.26881290128286,25.138448758657187],[79.2599048060735,25.12525774585832],[79.28254879809774,25.117537092752674],[79.32307856435649,25.149778352865926],[79.30850833085968,25.198286713247157],[79.28461661546757,25.19118774510429],[79.27933319953078,25.244762375864656],[79.33884432295234,25.19926305939641],[79.3518943111986,25.212156622055428],[79.33362154035261,25.225503975724283],[79.34972046240046,25.264082424483803],[79.31651766876278,25.25595765047915],[79.29571935947664,25.282320891025552],[79.27354264985472,25.260612676799095],[79.26898133617357,25.305115797404227],[79.29988612610076,25.337634483040546],[79.32654201338644,25.33524675400791],[79.35223110516972,25.329882227882297],[79.33614729252447,25.28809631562359],[79.35830979338023,25.2842367618135],[79.35826297929181,25.26353749103933],[79.37343166965185,25.270051526343146],[79.3685920852898,25.292456358578878],[79.40761389579951,25.27391594553334],[79.40881286055918,25.256091101715533],[79.43745276615162,25.254876953367116],[79.4672189881901,25.283296950963635],[79.49445900710367,25.26690568612796],[79.46246231704414,25.264666536743935],[79.43265685693648,25.220637103994626],[79.44423346682561,25.204283772156188],[79.412078788742,25.200318919651618],[79.38394535504858,25.14270659015292],[79.40573954513177,25.10635943844797],[79.42613403206082,25.119055257969862],[79.42129653164172,25.135432488826023],[79.43919727634393,25.127802165833003],[79.43892060175654,25.101221190176332],[79.47724054536062,25.12745122804637],[79.46502460479297,25.088045616074297],[79.4828407953979,25.07964723936757],[79.52489457361511,25.09697310438703],[79.51794748722786,25.127034917436568],[79.56935874270356,25.1718020073817],[79.59568617261023,25.143367726967213],[79.60698576863595,25.152768631282665],[79.60113884921742,25.127486767028792],[79.62270632981829,25.14060983123813],[79.67322173699952,25.120358060648663],[79.68335752976995,25.135154721355974],[79.74849927150932,25.1393513493589],[79.86153175210762,25.09621007945899],[79.8516169482985,25.128549401529913],[79.88153014484799,25.14204698085636],[79.8664555482326,25.14982080779285],[79.85601976616782,25.194052323330418],[79.86858931424023,25.216490590944648],[79.85137847796265,25.235558960959736],[79.90748826158114,25.25088986388246],[79.91755484867227,25.22682516707768],[79.94833035283719,25.268662392785497],[80.00523653058711,25.265805131562793],[79.99894342813202,25.285972928258555],[80.02221273543027,25.297616155345825],[80.0177918173187,25.322532416128926],[80.0338270547498,25.342253996959688],[80.07266988185685,25.33694701852199],[80.08878083623878,25.355854665339727],[80.13109688892645,25.334230132037515],[80.16896182419627,25.376858861784168],[80.1965479025541,25.381167526724717],[80.20237186929859,25.41403654023247],[80.22048901659655,25.398007481592458],[80.25341922621706,25.400834372451346],[80.26383817713193,25.42401952599113],[80.27992421926405,25.42076305015401],[80.31626721620347,25.385824981415443],[80.31079988479799,25.28640703967342],[80.35142658001047,25.27715728906062],[80.38357647694482,25.237288952595307],[80.40388961735516,25.24353326862492],[80.43166591814452,25.177617141187373],[80.35746754947085,25.142113217503045],[80.35270449546034,25.130246109836772],[80.37594853656672,25.115221818111497],[80.3506053064709,25.090412409328692],[80.35533461624827,25.05563492686007],[80.31139771129439,25.044234336863624],[80.29053768200689,25.05953892852471],[80.273646337614,25.02596094008518],[80.33099299323457,24.99219992136282],[80.36294905584137,25.023597207409107],[80.38731549527029,25.004314420558796],[80.3964404356369,25.011946234446956],[80.37365890139874,25.055911559284905],[80.38800374716875,25.05091435527269],[80.4006230891448,25.069572486259492],[80.40871689909964,25.055253344569387],[80.41610608135888,25.073175488671982],[80.44964589746155,25.07849322718904],[80.47514698226283,25.0379405068563],[80.50187663143727,25.037248818255247],[80.47435333606448,25.030529460481894],[80.45444992378927,25.04222295189651],[80.43309161836781,25.023735490635268],[80.45487235148718,25.0057290563062],[80.43678603437131,25.001481128513998],[80.43702554475172,24.99452289105125],[80.46285460039807,25.002533368279877],[80.4561446972286,24.981636009814924],[80.47825988287832,24.97393083009938],[80.49930225274403,25.00621461481677],[80.54947573452401,25.002466208086034],[80.54643536513318,25.032119915947252],[80.50191146685643,25.04202434496653],[80.50662752074645,25.083974236684394],[80.48272223385393,25.100211026311467],[80.51347014140272,25.09708277876849],[80.54580021353556,25.064401821488378],[80.56844663646739,25.0868770381524],[80.6131362314931,25.065695561638293],[80.59228629879796,25.09019727368903],[80.60718666386019,25.117904950106343],[80.59499839331104,25.127196724943264],[80.60189558219666,25.15042985332107],[80.61161288842531,25.127700139837554],[80.6345491155155,25.12862587880698],[80.63574272822838,25.1131573841496],[80.60804217163896,25.098717344247603],[80.62602588462697,25.08294297459792],[80.64165925447685,25.09200555620735],[80.66173639844905,25.067605426948752],[80.68501265199947,25.076607265084647],[80.67973689983481,25.04845714726606],[80.71768703528701,25.062142138168],[80.69941538679033,25.079251491544948],[80.70928599563071,25.095923719795465],[80.66340056628373,25.11736837237465],[80.6590237578413,25.165083645613024],[80.62967231180365,25.19972823779579],[80.69041389389001,25.223516115534846],[80.70979308485703,25.28649414921472],[80.72857516364276,25.279178789964476],[80.75816145009694,25.323149622683957],[80.83650183217927,25.350355372891425],[80.9407763388463,25.468268914204007],[80.9932769861894,25.474888984484824],[81.02351040336848,25.504923944537346],[81.0047644397548,25.53567330867298],[81.02041470199111,25.546866720917293],[81.03506909896888,25.531172687035472],[81.18984070078125,25.489783353505423],[81.19404881377608,25.456688685487308],[81.15191393496278,25.42770317225968],[81.1498997887536,25.39710939517142],[81.2426875410466,25.358741310818093],[81.26497779355431,25.32591459136378],[81.33073120902063,25.348855511907896],[81.37637021292821,25.33896149121197],[81.40196735544211,25.31749515793464],[81.38487446729353,25.27603618868504],[81.45375759069594,25.258524647801902],[81.54997332437956,25.292174141075492],[81.56219951811717,25.23869658090812],[81.5271524581787,25.233870441664372],[81.51701794251018,25.196111332549705],[81.578574223484,25.1908538503971],[81.59562128610143,25.181821930180913],[81.58846342403982,25.16576973309269],[81.62621054352466,25.160466717006557],[81.62332026949825,25.141039386336583],[81.59806434114621,25.131335708854813],[81.60831668123825,25.096054939870108],[81.62408163425611,25.12003695466224],[81.6408635263836,25.09849244067947],[81.60035062447605,25.07384629853051],[81.61143405281393,25.056501524085984],[81.66654251802542,25.075111047576012],[81.6897522959941,25.038947808153928],[81.73150766077175,25.04864190708187],[81.79221272767269,25.004407375927524],[81.83481528754054,25.016972070614354],[81.89233382431475,24.988886081002452],[81.8955614439075,25.00951808504429],[81.9060861186133,25.00648569323395],[81.91964503419325,24.92812486539875],[81.90283632700164,24.89167530501611],[81.93371588661428,24.870704165745188],[81.9441741171322,24.841237832754167],[81.96846372899302,24.830224369020087],[82.01693993383255,24.845980123833684],[82.09765407435785,24.816148662056822],[82.11589596908335,24.784503985221598],[82.13866151730112,24.799462793667733],[82.16709038147117,24.78552762550839],[82.17811234098993,24.81069356961425],[82.19599556343591,24.811733495507017],[82.18680316198662,24.794088192801073],[82.21512393134562,24.79020546867518],[82.20944487267258,24.771525777916505],[82.19490196779094,24.775189546061394],[82.2037721824565,24.760388554112826],[82.18702098579938,24.73888938613615],[82.22163666035935,24.723726901052988],[82.2065692242899,24.747194593831193],[82.2288404995835,24.74558281032464],[82.23541981520138,24.760201593521884],[82.2447353700567,24.744320622637897],[82.25047545324524,24.75911470398852],[82.25011060192038,24.697452958238575],[82.23018039978173,24.68148898372375],[82.25708241292499,24.664455618294635],[82.26763395487721,24.681178804833763],[82.30265369941783,24.667653431563227],[82.2989623458384,24.60485750078668],[82.3386389388823,24.62036447716734],[82.36150388545632,24.59859272414629],[82.41611021129401,24.591198437785682],[82.40709418735567,24.682870650895286],[82.42766399952555,24.702139456008826],[82.45672377835598,24.67318760077464],[82.52331688775745,24.676083430270136],[82.53963448327396,24.6478514362213],[82.67120065489515,24.69686122175686],[82.70088847811242,24.676018682627838],[82.7069387164509,24.6362387660024],[82.77430165391108,24.641774716476924],[82.76546192048835,24.595770960270496],[82.80338223222068,24.59654764906001],[82.80754497098836,24.54899438489848],[82.75153257381524,24.537723362722293],[82.75163908959493,24.549906842664193],[82.72011669657206,24.554189275533588],[82.73100302966584,24.535250242692147],[82.72063409486816,24.51403236238221],[82.74326892251354,24.491920994476835],[82.73879479701404,24.426235655979614],[82.71320018645065,24.381396359292552],[82.72613168097931,24.36793160881628],[82.76518550077905,24.374798603997426],[82.77106493286757,24.344715986481138],[82.75901327930899,24.236354160542522],[82.73473893119466,24.2168143391395],[82.74443692075731,24.16548043502942],[82.7280775787788,24.13514294224761],[82.68288502236348,24.154591872964993],[82.66430502018972,24.129466954238676],[82.70507358430089,24.097739316398094],[82.68863358315551,24.079766469316485],[82.77439259528018,24.075061455713502],[82.7507045412178,24.011978142959915],[82.80433886449893,24.003262132970704],[82.81261164700857,23.959869432187553],[82.85334609025341,23.94547308675115],[82.88471176528104,23.908839936597914],[82.95428193594364,23.870822753451463],[83.1414830017781,23.88491968056196],[83.1542156811458,23.90404193512312],[83.20791857721485,23.921394822542386],[83.22395977834161,23.986971606329945],[83.2425857300723,24.011585716097454],[83.2791097714292,24.018274686814966],[83.28211253910861,24.049734209183413],[83.32277608302373,24.10627713372459],[83.38828911171427,24.09996152623933],[83.40664417601869,24.080444210124604],[83.43224736115683,24.08598082186725],[83.45288940827642,24.041990406693856],[83.51616514603622,24.026726027772966],[83.51517386790871,23.981480295804342],[83.54887093743844,23.933906475468056],[83.55344413993336,23.89806817605214],[83.58537682039987,23.887088897680176],[83.5746574955852,23.86121126637389],[83.66153697875404,23.84839647444768],[83.66477962149479,23.82748128592989],[83.70763808161182,23.817413932911894],[83.7460679655416,23.719494894582756],[83.72360488306829,23.683877508922972],[83.75892829722088,23.653510510979547],[83.75191928699061,23.63866555079924],[83.77248174411977,23.610898298690476],[83.80697683195231,23.587547227859165],[83.93559848657755,23.56900487806798],[83.93190612990315,23.620413472573137],[84.01638318841995,23.633818800523134],[84.02805603737333,23.545601910743017],[84.01473679495771,23.503733189820014],[83.9746303441956,23.460967660605903],[83.98527539286852,23.43436323506766],[83.96700240896325,23.38758452927533],[84.00571111378615,23.353870718384595],[84.02671380818875,23.377576506015853],[84.05012231473246,23.37488951802491],[84.07427133908982,23.333840902195316],[84.05382842382316,23.24374662026003],[84.06325271798542,23.206230911540857],[84.03189770198927,23.15782942194845],[84.03746900682543,23.139878618468934],[84.13346048910628,23.0830897039327],[84.12554954301595,23.036478171878525],[84.14924842193152,22.965673887225698],[84.17799328593787,22.980391394362485],[84.18580180149404,23.0270917204729],[84.21870981662282,22.979289190607215],[84.25229296547901,22.972803892365093],[84.27691454522416,22.99012223757592],[84.28053600157793,22.96397341254777],[84.32810688042198,22.98190075458406],[84.37289552587846,22.978375870858255],[84.39509928601802,22.936944081598025],[84.37260075196123,22.86532229972567],[84.33477722208089,22.861547488802163],[84.28935948227172,22.766117145584396],[84.2607506528547,22.767428601152172],[84.23026546731091,22.738204810406373],[84.2382117146922,22.691734027631938],[84.22612372763112,22.671773871983014],[84.15066682958731,22.636464940555303],[84.08401621004275,22.638116449364375],[84.05481826730859,22.598876040322395],[84.00950540988352,22.57304856067847],[84.01000737537528,22.526399658164653],[84.14169919833961,22.473008631572696],[84.14085635417302,22.425935455071016],[84.20011487235847,22.37562439335293],[84.2514559502963,22.378077945407764],[84.29660881484571,22.34110894074939],[84.37129970442416,22.35567436276719],[84.4003201636274,22.346462299679544],[84.4842642377997,22.388507982003137],[84.48300388629117,22.41351600050462],[84.53598908612034,22.42729930289751],[84.62864814053181,22.43455297529565],[84.66805755326516,22.41806444313723],[84.74989532532395,22.41934185443143],[84.75931545882852,22.447465723979157],[84.81252397188979,22.452931297222932],[84.84216449254565,22.431738027917568],[84.88239470522323,22.448466195093523],[84.8860382694114,22.422087084188554],[84.9102262592303,22.42328316946369],[84.94490348389505,22.45246145777937],[84.96046045182074,22.44366259167289],[85.05967677553438,22.48644517015824],[85.07800349635946,22.477549221603415],[85.06028820891466,22.449559802478195],[85.08652562988757,22.39942279339716],[85.07667016580794,22.35620683326472],[85.09574879846535,22.34474060435907],[85.08939251815512,22.320425863735387],[85.11809583037979,22.317594607115623],[85.1159970279204,22.294093264516132],[85.07061453790794,22.273652221945415],[85.0781192962408,22.257913677137662],[85.05368805126629,22.185394071083266],[85.02909834493161,22.163494244990673],[85.02711808442294,22.123160248468107],[84.98339347564804,22.09552475253351],[84.98694954681866,22.082823007643757],[85.04168156090459,22.11609669672092],[85.09880778229056,22.10544521237958],[85.11961576605427,22.072917700051107],[85.15587085821252,22.078344509752725],[85.17059870970643,22.05144482543626],[85.16743091446111,22.06875410944557],[85.1812772069369,22.07250844550687],[85.23923348087571,22.010229651033168],[85.28130168410866,22.090428146891302],[85.3230922414095,22.127499204977752],[85.36440691591334,22.123714073219336],[85.37106901383004,22.160991709352462],[85.4123580191805,22.16162475098164],[85.54480279995538,22.09083713675808],[85.59718249475361,22.079123699257387],[85.65393285278648,22.094170520177677],[85.68628826895542,22.054129864364842],[85.74939229230715,22.07356631146491],[85.80742544050794,22.116111851815997],[85.83586325899103,22.080157497738252],[85.793437359804,22.081810114365783],[85.76299343733747,21.996143972852934],[85.82437069751413,21.975448685251088],[85.89799458113808,21.983710155410645],[85.90824964463204,21.970666722311506],[85.9161534698353,22.008776843357627],[85.94359421224497,22.02035616632099],[86.00758381106853,22.11767673694856],[85.99676151532,22.13244801973004],[86.03143036324398,22.19250861607907],[85.97387588303101,22.24707853608058],[86.00998920056458,22.293191664004752],[86.04720588658881,22.308956291867982],[86.01304273651871,22.31381967115853],[86.02671191518093,22.334863999262122],[85.99802444826291,22.341599560651446],[86.021940433882,22.366036073957112],[86.02434284731189,22.39548076764911],[86.01500148236885,22.428729387406293],[85.98262316419203,22.437182364120137],[85.95747554071833,22.466460501617718],[85.98513714175668,22.515478346214014],[86.0265297528272,22.52402180519113],[86.02402711866158,22.544624570494413],[86.04544360478671,22.567507353938574],[86.11759599419057,22.486661317313224],[86.28130084049688,22.448661737130738],[86.35814374274293,22.349212676913513],[86.42956356322115,22.30831705649408],[86.49639567621823,22.347077164250017],[86.53373003758854,22.30079936571071],[86.58225478984514,22.301645244244224],[86.59392366548711,22.278357897354287],[86.64951302439636,22.26353136413274],[86.65580544349872,22.235807190863266],[86.72496197931783,22.218020086382946],[86.71971071610365,22.14728148036084],[86.79384530085625,22.15748437321291],[86.80670013930022,22.119587982477626],[86.82462135483472,22.118921867410506],[86.83373819772484,22.098699813082764],[86.96470709211675,22.085740498027743],[87.02669564422173,22.037085657326678],[87.0315737788446,21.99222092696087],[86.99972183382093,21.91324548749852],[87.03560296891176,21.869170346870273],[87.0978495197432,21.866937426991825],[87.09787374915703,21.914773046493675],[87.16116063949778,21.934857154986425],[87.17228203907416,21.97846991655182],[87.23119061813632,21.95739164391456],[87.24981263672564,21.934972661676913],[87.23426084887224,21.901053819641014],[87.26389553446788,21.81858403712935],[87.31946205043096,21.790724191610163],[87.35551645992253,21.792173266017624],[87.37376441223556,21.772463899594804],[87.4455532640697,21.768164288592732],[87.44477815828277,21.734032052359613],[87.4691843927843,21.732516541051655],[87.47368618968314,21.71420296860789],[87.46048116678752,21.650913974911273],[87.48613506304876,21.63161255014455],[87.48478695509021,21.611261207910506],[87.41045723508071,21.585659906322032],[87.36900504237897,21.553229154294545],[87.24764802759208,21.554883597332285],[87.11942853986965,21.514976855265672],[86.98321622137959,21.410866001382175],[86.89088870414595,21.313042815275608],[86.82935312130782,21.208646982362264],[86.85628655202453,21.205603746768126],[86.84153570344745,21.175081371657544],[86.84789739263253,21.095502876521966],[86.98087745040189,20.857047191603602],[86.96741138188013,20.791393865880057],[86.94416349717436,20.766477947357885],[86.99248225306717,20.77022798618766],[87.0000384108264,20.697836803990004],[87.05824806623733,20.716757008945983],[86.7752504913623,20.520752711264947],[86.73426721557689,20.464100824108975],[86.7243808916469,20.39384531376409],[86.73924321799727,20.400813672633394],[86.74644839553793,20.37860757718025],[86.77619794692649,20.405421183828295],[86.78091074769105,20.378619190321185],[86.7972398331676,20.375199722074818],[86.79921985289108,20.400179292694517],[86.80704762631945,20.372367768851657],[86.7889380597274,20.374621777296515],[86.77879210228822,20.356615574554077],[86.79801883978132,20.36339610616484],[86.78218461530014,20.340342876681234],[86.7223320593938,20.290283492066052],[86.67606443329848,20.267007854068893],[86.66925188041537,20.275719674012603],[86.67418321870198,20.259865774622057],[86.52043835882367,20.17012622643933],[86.43396453363943,20.052140721929568],[86.41491078079876,19.999266054186158],[86.37799744358485,19.96683349253383],[86.40782891042275,19.96943619089293],[86.19384242817873,19.888836142352453],[85.86190142614772,19.805071844501725],[85.63703269508588,19.725499182267615],[85.32275301838523,19.570380020202798],[85.14091928518422,19.443227007647163],[85.07931704437907,19.37434751149776],[84.93331120319426,19.27882495448209],[84.81499890726762,19.162114774514215],[84.68447703982936,18.9674712812366],[84.5865324281403,18.866650486183357],[84.55192657376108,18.791040926072842],[84.4696628937996,18.714427790195312],[84.43985135368146,18.659496533855936],[84.3666933895979,18.590880325424653],[84.35472852832508,18.55491444899956],[84.14741388034452,18.373422983458738],[84.12685935165912,18.31336550298204],[83.86038897428708,18.174283804187898],[83.80993084855209,18.156032297531485],[83.79497473166248,18.16839861342333],[83.8052638110885,18.154038769933916],[83.56937420645673,18.011799412019144],[83.54185268919618,17.961176560686287],[83.46933536239811,17.911171126145152],[83.40707164658643,17.840937999377005],[83.41086958980915,17.80935818755649],[83.35414468105189,17.75571913078976],[83.34594453233673,17.72605032351995],[83.29692611646578,17.693713625085756],[83.29429732931217,17.674469479258796],[83.21231769046229,17.590739582041],[83.0312304426023,17.513320963233554],[82.99206853042716,17.472548040383554],[82.59625881664827,17.28279073173285],[82.47172852574573,17.198574404587614],[82.31905532997207,17.057398878054478],[82.28826319351171,17.016021035632658],[82.26964563788061,16.94015542646749],[82.24144428279621,16.908036595563797],[82.26550090607137,16.870348752466857],[82.31422884084047,16.845879806950013],[82.35375205767494,16.850979047673057],[82.35616204103968,16.954273078895298],[82.32548971308616,16.985763999938765],[82.35564571590496,16.967794319268847],[82.36531599038304,16.876976004650835],[82.33334496084208,16.71673054769071],[82.34492835430132,16.704552981445612],[82.32768839253458,16.684920741979106],[82.3539954418438,16.705631762503533],[82.34644933619533,16.71563789597742],[82.36533809327553,16.706654000804484],[82.31728810207788,16.662266365722974],[82.32905279571041,16.614475186447017],[82.31887429817768,16.57682630223231],[82.3128227927294,16.668011947006516],[82.31214174610973,16.6270753498255],[82.30750294761052,16.639927249598934],[82.28425914353122,16.62602716459358],[82.29882441012603,16.586435836660016],[82.26308456280422,16.56301934397184],[82.29717528889711,16.567567980801453],[82.28999304640169,16.55486595074087],[82.29964089238122,16.55819435090913],[82.29915454005815,16.57223662845503],[82.30087019873557,16.56239000853718],[82.31066838400064,16.567738223600934],[82.31343646348206,16.5648201075148],[82.31367129412905,16.558735203332297],[82.31285214325956,16.563486474286353],[82.29948432678394,16.555938897997216],[82.2349115602389,16.546011452875383],[81.95773188972491,16.39237445572801],[81.878150961517,16.382631289306797],[81.7207875030459,16.306860111349753],[81.69063990403257,16.327471792482957],[81.48724227562488,16.35506610543982],[81.39379109469022,16.342473152222468],[81.30535013739032,16.303533814357916],[81.24619159465219,16.258865906915798],[81.21376366587778,16.207218328629608],[81.19136532816341,16.102823684672394],[81.14554113649898,16.012945118263765],[81.14804521520459,15.97370141291285],[81.00477141513305,15.837804229964174],[81.02056249362873,15.793007714342277],[81.00823733335777,15.79740676965398],[81.01210343601848,15.766076623721226],[80.99845133031607,15.769691433674698],[81.00845941137246,15.752928471116856],[80.93721926650868,15.714404116301283],[80.81626376793739,15.71286516165773],[80.81753163083626,15.749358021512496],[80.77962901440526,15.835295984955748],[80.79749999356936,15.810508925265058],[80.81354963402336,15.815261862934255],[80.81138832546742,15.83412539127636],[80.78168699684949,15.863104356530984],[80.68060701292677,15.885399672943636],[80.53645750137146,15.852303241539003],[80.44786260692916,15.813331225158821],[80.35012570004525,15.75440178390818],[80.28223578165453,15.685274818213562],[80.22774915309797,15.593000893699998],[80.20011646246903,15.465015097122665],[80.1102491410035,15.345474659934048],[80.08331996146886,15.269959389076444],[80.08423716080667,15.192255408091896],[80.0470394943876,15.082709261914415],[80.09978679312296,14.773248340615533],[80.19551323958413,14.585826953966746],[80.16856858725856,14.354850864221767],[80.12924359388289,14.219482134765592],[80.13377812044422,14.096908349294228],[80.25033311326321,13.796941358226688],[80.237283247171,13.635961732238677],[80.32601849756374,13.441682192027487],[80.34526866638939,13.279892706372282],[80.29852058992718,13.137736498377059],[80.30091567170516,13.090073961327937],[80.25922972268903,12.933527834739742],[80.25502161857443,12.782136506877405],[80.1573530693055,12.469033586665299],[79.87897512101978,12.054486534146255],[79.80462982236432,11.833517234865797],[79.76065124800886,11.624372777889308],[79.75997028698883,11.538527971834958],[79.8425625259431,11.350471236339931],[79.8353277303606,11.306073183328143],[79.85843451393673,11.129266977198775],[79.85329734360253,10.679417214579548],[79.84101759917215,10.676297437669293],[79.85333622963132,10.676480180099956],[79.8804435268232,10.304685315125637],[79.86031895286604,10.282407741988576],[79.81675702319852,10.275838023856538],[79.81331728109498,10.28874329424308],[79.81392718831471,10.275615935114377],[79.78009251514912,10.272469795636166],[79.78338512674652,10.296058594204984],[79.74872250180803,10.314376505556295],[79.77753702545014,10.284615471600203],[79.76766409967144,10.271805667126547],[79.53074251885344,10.309166178984041],[79.54413041528,10.324885318909063],[79.51292433762754,10.313138093207744],[79.3959000399758,10.318635155335507],[79.29846141121436,10.2632984994461],[79.26698853173322,10.228908128303692],[79.27869263421658,10.215454662960482],[79.24153667313811,10.184870408366852],[79.2293523309828,10.107465003998149],[79.22312471139834,10.106006681315451],[79.21988739182942,10.112630193277077],[79.21948147272049,10.113055236130194],[79.21910269626541,10.112598762933022],[79.2271485501803,10.073584128193676],[79.24806710022958,10.07087426627151],[79.2392866577888,10.057799262173354],[79.2661117561183,10.0392336372448],[79.13887080059658,9.920861248838143],[79.1470134452897,9.911435635797135],[79.1255031267786,9.90370565993737],[79.1240356466643,9.88356195767865],[79.11844617173574,9.890654537097555],[79.11126567380336,9.892837579737169],[79.11995211137409,9.853739570751594],[79.08495513403132,9.834650471996486],[79.09390347586188,9.829362544608305],[79.05861819264858,9.772451371629261],[79.02987391460377,9.761463311216248],[79.01591177881853,9.732318979194755],[79.01597275381894,9.740392802002535],[79.01315044056734,9.744840091633861],[78.92515155177799,9.585001462441417],[78.90046182468532,9.468296135150215],[78.93633699462963,9.408284934136674],[79.01309480189329,9.332366292120115],[79.07111926874258,9.2950355623229],[79.18412807110344,9.282808954670706],[79.2659284458555,9.292744172973826],[79.31799444173976,9.32583563589663],[79.33516430892281,9.312045685380406],[79.31499886681561,9.283100716223947],[79.32400378156724,9.263577299193278],[79.41643758415036,9.187098899808516],[79.43584297058621,9.164171887641615],[79.43549629087688,9.157793142810528],[79.30963756638711,9.242051341142766],[79.21983108437335,9.25733698377146],[79.20919806128455,9.282403164942389],[79.08072139703589,9.261205992926705],[78.97892567179137,9.274851832236847],[78.86109901014095,9.255401914841856],[78.7326027953361,9.211889350887894],[78.7172551989158,9.18954266279328],[78.66380176429757,9.193615235776138],[78.6422084348938,9.174678863820857],[78.65707490059387,9.157693785694175],[78.57824975891859,9.130999665908346],[78.53090273383096,9.138077814281447],[78.40870470485444,9.111348230877336],[78.21504443336201,8.966037926402535],[78.18664195238256,8.923590914271957],[78.15808082579868,8.796964933814687],[78.18705554508355,8.764139952190565],[78.19913448943878,8.78747530009638],[78.19825271959957,8.761080146199014],[78.1629937513682,8.74134552142475],[78.12563863502936,8.665088375977714],[78.13797262104404,8.58596379969576],[78.1219000690971,8.515695110155004],[78.13058943012645,8.496909020689477],[78.06388973671052,8.417985279133783],[78.05689638980871,8.37941127878788],[78.06742521028502,8.373269248343036],[77.80413154909941,8.240875801083229],[77.78131024556687,8.201040720727375],[77.74560611888828,8.177367794134842],[77.57711293059923,8.136721398424124],[77.55141832244526,8.078165348956473],[77.31605994469452,8.121900484811226],[76.9785875867539,8.382974170015624],[76.63143318749437,8.836529686244374],[76.5476648529718,8.902448068163856],[76.49913169761993,9.058222517836565],[76.34157995219603,9.403368742891933],[76.23810972846056,9.969248139667421],[76.10010265841159,10.376918080553255],[75.90977074122907,10.78951545253012],[75.82963709725114,11.115498623763123],[75.69767447044708,11.424877778315297],[75.66369646423315,11.462125832630008],[75.61678020894769,11.476408937148472],[75.5362261037738,11.693542205402704],[75.54423234686335,11.704542141858864],[75.45280839056159,11.771378312434118],[75.38559229370433,11.855363222923602],[75.35568235121468,11.85980439447403],[75.2503328669412,12.008188888953814],[75.229109692464,12.022605801183003],[75.20114366448153,12.009135421498364],[75.05869606379343,12.349970729787524],[74.97381370928922,12.500389614633944],[74.82442737910448,12.849057475860562],[74.71636552984539,13.312579386705302],[74.69358563021572,13.343707349985609],[74.69542987702276,13.455179415350857],[74.66851133432752,13.640168011874435],[74.64555248823547,13.681957929226524],[74.6099299138937,13.865551620940296],[74.56920873264164,13.946779049248168],[74.51398208201687,13.986858474561389],[74.48922005267264,14.085211877288213]],[[78.37345847087781,25.101345566750407],[78.37316864162383,25.099418268732578],[78.37559548820064,25.099240635571928],[78.37345847087781,25.101345566750407]],[[74.62093299769184,13.814192499913482],[74.6212339016147,13.814217428289679],[74.62086161048512,13.814187344387298],[74.62093299769184,13.814192499913482]],[[74.49168148699783,14.08074000273776],[74.49180271754922,14.080781686216428],[74.49162687705436,14.080726185478817],[74.49168148699783,14.08074000273776]],[[78.22815492833031,25.607159321792683],[78.22791566285743,25.607230315924614],[78.22791555482702,25.60723034782336],[78.22815492833031,25.607159321792683]],[[78.27471372972592,25.539063667555137],[78.27476272166498,25.538948239135767],[78.27471056548788,25.539071123951516],[78.27471372972592,25.539063667555137]],[[78.29961676449959,25.500095095278393],[78.29944170862956,25.500023644752677],[78.29938357828588,25.49999991803415],[78.29961676449959,25.500095095278393]],[[78.3570816563729,25.49668316389867],[78.35706799461093,25.49666571571876],[78.35714820627379,25.496768157063315],[78.3570816563729,25.49668316389867]],[[78.33879512075143,25.430716791882713],[78.33883395245304,25.43099509415691],[78.33877519683728,25.431140817456406],[78.33879512075143,25.430716791882713]],[[78.33828179237001,25.432102599992685],[78.33814143526082,25.432240980476532],[78.33852863075074,25.431568837867385],[78.33828179237001,25.432102599992685]],[[78.33814143526082,25.432240980476532],[78.33742626334744,25.43327975691684],[78.3370910289695,25.43354465726618],[78.33814143526082,25.432240980476532]],[[78.33651692901158,25.434671265700757],[78.3361739059089,25.435341132546228],[78.33583004683706,25.43529654519186],[78.33651692901158,25.434671265700757]],[[78.33567938330395,25.435433696541537],[78.33559464997207,25.435774765679543],[78.33475974488871,25.436159857231406],[78.33567938330395,25.435433696541537]],[[78.33457724575491,25.436278289039645],[78.3343862244608,25.436306527671572],[78.33475974488871,25.436159857231406],[78.33457724575491,25.436278289039645]],[[78.3343261121423,25.436790889632583],[78.33450409591667,25.43686855468003],[78.33452998382083,25.437017415532114],[78.3343261121423,25.436790889632583]],[[78.33446849862233,25.43714362100952],[78.33440701408692,25.437230995263462],[78.33452998382083,25.437017415532114],[78.33446849862233,25.43714362100952]],[[78.33427109930034,25.437311897181264],[78.33411900448017,25.437366909603078],[78.33440701408692,25.437230995263462],[78.33427109930034,25.437311897181264]],[[78.33411900448017,25.437366909603078],[78.33353651227326,25.437551366448947],[78.33325820960583,25.437616086459254],[78.33411900448017,25.437366909603078]],[[78.33250096985324,25.437884680762014],[78.33231337560596,25.437920413086196],[78.33261746907475,25.43782643145057],[78.33250096985324,25.437884680762014]],[[78.33167296489096,25.43811833528002],[78.33148598426303,25.438191740686502],[78.33097354735602,25.438334493832127],[78.33167296489096,25.43811833528002]],[[78.33097354735602,25.438334493832127],[78.3303154956687,25.438761047544563],[78.32951084432761,25.43892669438552],[78.33097354735602,25.438334493832127]],[[78.32933933293958,25.43894611058994],[78.32920665385785,25.43893316605384],[78.32951084432761,25.43892669438552],[78.32933933293958,25.43894611058994]],[[78.32860151011421,25.439156454852203],[78.32852054830138,25.439166834549123],[78.3286403428464,25.439137037866796],[78.32860151011421,25.439156454852203]],[[78.3277245343588,25.439402395860874],[78.32760803643774,25.439447700843555],[78.32781838094695,25.439363562751186],[78.3277245343588,25.439402395860874]],[[78.32705143326105,25.440182287953988],[78.32697376819236,25.440214648946455],[78.32704819718803,25.44007226212845],[78.32705143326105,25.440182287953988]],[[78.32678931163348,25.44025024491613],[78.32639127685042,25.440124038549566],[78.32634597117072,25.43980690331294],[78.32678931163348,25.44025024491613]],[[78.3261712233058,25.439043191859717],[78.32605148889952,25.43881990431562],[78.32601912532468,25.438738995536543],[78.3261712233058,25.439043191859717]],[[78.32598353315872,25.438667811120176],[78.32587674148377,25.438486588879055],[78.32586056146617,25.438421867443274],[78.32598353315872,25.438667811120176]],[[78.32586056146617,25.438421867443274],[78.32603530771523,25.437891152306864],[78.32618093091988,25.4377261126472],[78.32586056146617,25.438421867443274]],[[78.32597230857439,25.436761084092296],[78.32579615462515,25.436599993776472],[78.32599438370534,25.436770181576303],[78.32597230857439,25.436761084092296]],[[78.32579615462515,25.436599993776472],[78.32576671495758,25.436428450487213],[78.32579583943725,25.436299008194993],[78.32579615462515,25.436599993776472]],[[78.32526273387928,25.43613119450107],[78.32521011151684,25.436169565439045],[78.32531690243,25.436053066499724],[78.32526273387928,25.43613119450107]],[[78.32521011151684,25.436169565439045],[78.32495769801771,25.436198689839895],[78.32482178293371,25.43602394249391],[78.32521011151684,25.436169565439045]],[[78.32334964753133,25.434808125985942],[78.3231505534196,25.434698274492288],[78.32310951024607,25.434609799884186],[78.32334964753133,25.434808125985942]],[[78.32222322152116,25.434166440301794],[78.32187696189135,25.434269993928197],[78.32178635313787,25.434104953236762],[78.32222322152116,25.434166440301794]],[[78.32165367445008,25.433778111857684],[78.3215533564871,25.43371015377749],[78.32172810253647,25.43382665304835],[78.32165367445008,25.433778111857684]],[[78.32121320973681,25.43378511107827],[78.32092555853839,25.433829889145365],[78.32062784069797,25.433710153696133],[78.32121320973681,25.43378511107827]],[[78.32054370274768,25.433658377534645],[78.32040131610997,25.43350951832683],[78.32036895468364,25.43341567184383],[78.32054370274768,25.433658377534645]],[[78.32030935685138,25.43319932545966],[78.3203268860898,25.433124425973425],[78.32033335790724,25.433321826218727],[78.32030935685138,25.43319932545966]],[[78.32003563966303,25.43276845882606],[78.32000328028005,25.43274256940202],[78.32004061937543,25.432768043828162],[78.32003563966303,25.43276845882606]],[[78.31997739114034,25.432651960862266],[78.31997091919037,25.432554877757777],[78.31999306131162,25.43268330023014],[78.31997739114034,25.432651960862266]],[[78.31964731165279,25.43201769114494],[78.31956796137791,25.431932498922702],[78.31971850600365,25.4320824119809],[78.31964731165279,25.43201769114494]],[[78.31954280357353,25.43172652327483],[78.31962465966973,25.43159700214483],[78.31956796137791,25.431932498922702],[78.31954280357353,25.43172652327483]],[[78.31964407560896,25.431292812726696],[78.31966025717259,25.43118602266509],[78.31964407565043,25.431393130036074],[78.31964407560896,25.431292812726696]],[[78.31969908907207,25.4311277727666],[78.31978969852078,25.431030691685052],[78.31966025717259,25.43118602266509],[78.31969908907207,25.4311277727666]],[[78.31958582653989,25.430794458112253],[78.31943049627797,25.43072326390061],[78.31944667533416,25.430639126518912],[78.31958582653989,25.430794458112253]],[[78.31921361889577,25.430480449461506],[78.31916190152009,25.43046437909367],[78.31914248605541,25.43043201848971],[78.31921361889577,25.430480449461506]],[[78.31912630506415,25.42973302786478],[78.31897016448686,25.4296912226542],[78.31891090946786,25.429508878294126],[78.31912630506415,25.42973302786478]],[[78.3188910091522,25.429355073756987],[78.31898715538348,25.42930263049249],[78.31891090946786,25.429508878294126],[78.3188910091522,25.429355073756987]],[[78.31849483781859,25.42773189865543],[78.31843224391076,25.427616861166552],[78.31845644041657,25.42745807363266],[78.31849483781859,25.42773189865543]],[[78.3184726202055,25.427328630669997],[78.31849850870616,25.4271991870757],[78.31845644041657,25.42745807363266],[78.3184726202055,25.427328630669997]],[[78.31817176612849,25.426849692362897],[78.3179771902994,25.426866228761725],[78.31751150784984,25.426503433556356],[78.31817176612849,25.426849692362897]],[[78.31613980812898,25.426024494445226],[78.31566694982753,25.42603096723226],[78.31505856814972,25.42591770471653],[78.31613980812898,25.426024494445226]],[[78.31499384782533,25.42585945588136],[78.31491618175879,25.42573648496461],[78.31505856814972,25.42591770471653],[78.31499384782533,25.42585945588136]],[[78.31366838923243,25.425194988688098],[78.31254738094671,25.424652402764167],[78.31225289897192,25.424393516842652],[78.31366838923243,25.425194988688098]],[[78.31210080402022,25.424254366796742],[78.31204992527643,25.424195281959147],[78.31225289897192,25.424393516842652],[78.31210080402022,25.424254366796742]],[[78.31174399495907,25.423896494174485],[78.3115862686177,25.423756012034623],[78.31142123004612,25.423581264830286],[78.31174399495907,25.423896494174485]],[[78.31132414839286,25.42351330720581],[78.31100701322633,25.42332237912384],[78.31064457368144,25.422872566336665],[78.31132414839286,25.42351330720581]],[[78.31053454817811,25.422749594933652],[78.3104601184511,25.42262338933011],[78.31064457368144,25.422872566336665],[78.31053454817811,25.422749594933652]],[[78.30941486832451,25.421646095848885],[78.30939457380377,25.42162096948051],[78.30942800678655,25.42165242183275],[78.30941486832451,25.421646095848885]],[[78.30895534784923,25.421248060740048],[78.30822723213348,25.420714108698668],[78.30804601268812,25.420377557967342],[78.30895534784923,25.421248060740048]],[[78.30723375893749,25.41761395631439],[78.30727452754672,25.41825271488147],[78.30689397214189,25.417691622818943],[78.30723375893749,25.41761395631439]],[[78.30737614649048,25.41736801681006],[78.30739723814386,25.417339015436696],[78.30737024254589,25.41738441688907],[78.30737614649048,25.41736801681006]],[[78.30768680822975,25.416843773076494],[78.30790686127165,25.416474861341257],[78.30825959298099,25.416355126911817],[78.30768680822975,25.416843773076494]],[[78.30825959298099,25.416355126911817],[78.30841168825737,25.41612212994634],[78.30866410126141,25.415960327131604],[78.30825959298099,25.416355126911817]],[[78.30883884919888,25.41578881470502],[78.3090071243408,25.41567231665546],[78.30866410126141,25.415960327131604],[78.30883884919888,25.41578881470502]],[[78.30986791876109,25.41502510263031],[78.31012680350072,25.414960381974495],[78.30970935040193,25.415099533651407],[78.30986791876109,25.41502510263031]],[[78.31081932203706,25.414762981891606],[78.31125619054782,25.414484680451537],[78.31138672987693,25.414468857694686],[78.31081932203706,25.414762981891606]],[[78.31220759311906,25.414028395022754],[78.31245674135974,25.413914201509208],[78.3118687236966,25.414219009111058],[78.31220759311906,25.414028395022754]],[[78.31320904935407,25.413532455831056],[78.31328797123503,25.413498894583405],[78.31306002143945,25.413612785014504],[78.31320904935407,25.413532455831056]],[[78.31369026282702,25.413236198554785],[78.31454403520648,25.41261099631802],[78.3147266099701,25.41251047808478],[78.31369026282702,25.413236198554785]],[[78.31659570071703,25.411410416943795],[78.31667660242049,25.41122272530713],[78.31699373723406,25.41111269802654],[78.31659570071703,25.411410416943795]],[[78.3200615282619,25.409934769590652],[78.3202524569905,25.409928298572602],[78.31983824074199,25.409957423116776],[78.3200615282619,25.409934769590652]],[[78.3204679685506,25.410091540741888],[78.32093526667941,25.409811799813614],[78.32119091564523,25.4098150361571],[78.3204679685506,25.410091540741888]],[[78.32121680502107,25.409873285231107],[78.32117149965687,25.409934770330153],[78.32119091564523,25.4098150361571],[78.32121680502107,25.409873285231107]],[[78.32132359473579,25.41011275374478],[78.32146921800799,25.410041559637076],[78.32156219841146,25.41009676510677],[78.32132359473579,25.41011275374478]],[[78.321951391385,25.41007068560253],[78.32182842153172,25.409912118119284],[78.32193197648621,25.409938005519457],[78.321951391385,25.41007068560253]],[[78.32321669339923,25.40987328510337],[78.32335584538609,25.40987652045636],[78.32307107156522,25.40992829831945],[78.32321669339923,25.40987328510337]],[[78.3235564809936,25.409944478427207],[78.32361473053238,25.410060977564918],[78.32354677333656,25.410177474986384],[78.3235564809936,25.409944478427207]],[[78.32378947794271,25.410374874488912],[78.32393833698822,25.410416943866025],[78.3240224751332,25.41044930495346],[78.32378947794271,25.410374874488912]],[[78.32464222137102,25.41065844039002],[78.325436881986,25.41058344349108],[78.325529639478,25.410579964249546],[78.32464222137102,25.41065844039002]],[[78.32722294544331,25.410591692714625],[78.32731257536048,25.410631527600383],[78.32682279094587,25.410573388880294],[78.32722294544331,25.410591692714625]],[[78.32778602020187,25.41067582939406],[78.32787663129909,25.41069848254903],[78.32777274918008,25.41068615146364],[78.32778602020187,25.41067582939406]],[[78.32811268208198,25.410599622601115],[78.32818082096834,25.410533442437387],[78.32825524948555,25.410539914237013],[78.32811268208198,25.410599622601115]],[[78.32825524948555,25.410539914237013],[78.32943317891417,25.41031338939814],[78.32977296532673,25.41035869465149],[78.32825524948555,25.410539914237013]],[[78.33145979883751,25.41035827662189],[78.33193440968876,25.410411072465383],[78.33079556350914,25.41040723562034],[78.33145979883751,25.41035827662189]],[[78.33257539932427,25.410187182807384],[78.33302197694782,25.410148350693262],[78.33338441747819,25.41029397424957],[78.33257539932427,25.410187182807384]],[[78.33354945616928,25.41034898707552],[78.33365300950243,25.41042017987196],[78.33338441747819,25.41029397424957],[78.33354945616928,25.41034898707552]],[[78.33548785920098,25.41081821592417],[78.33592289737068,25.41088278495031],[78.33488918787417,25.4107470231558],[78.33548785920098,25.41081821592417]],[[78.33714935163259,25.411675051511452],[78.33720951362913,25.41171347060982],[78.33691112619779,25.411522925029995],[78.33714935163259,25.411675051511452]],[[78.33721254665595,25.411715274894213],[78.33780010961657,25.41206488903074],[78.33783527640688,25.412090008079264],[78.33721254665595,25.411715274894213]],[[78.3390327432275,25.41360367064681],[78.33947931929656,25.41408908100855],[78.33966701166528,25.41448711707493],[78.3390327432275,25.41360367064681]],[[78.39157708386588,25.204255528142667],[78.39162459506929,25.205966051266678],[78.38968228260599,25.205969959517304],[78.39157708386588,25.204255528142667]],[[78.38495237116958,25.203775503350034],[78.38319720983736,25.20373865509618],[78.38071709294752,25.203003257747216],[78.38495237116958,25.203775503350034]],[[78.38036140015271,25.20343948174476],[78.37912300345772,25.207401681464464],[78.37575748102323,25.20908575863413],[78.38036140015271,25.20343948174476]],[[78.37545224227274,25.20916277015304],[78.37336952704146,25.21034636135646],[78.37143207278909,25.21017384730462],[78.37545224227274,25.20916277015304]],[[78.36822587789186,25.211286360967424],[78.36766677410641,25.211410118379323],[78.36866068723651,25.211083979626455],[78.36822587789186,25.211286360967424]],[[78.36712021980638,25.21143858445722],[78.36634401182985,25.2114056480432],[78.36766677410641,25.211410118379323],[78.36712021980638,25.21143858445722]],[[78.36416236714427,25.211662559616283],[78.36302784012997,25.212311167263724],[78.35998887622175,25.2130435027166],[78.36416236714427,25.211662559616283]],[[78.3589423863378,25.213679207974355],[78.35764091629748,25.21527128627764],[78.35442032503364,25.21805987862407],[78.3589423863378,25.213679207974355]],[[78.35248407472395,25.219715734399244],[78.3520280147897,25.2199272348051],[78.35305004962937,25.219276975842128],[78.35248407472395,25.219715734399244]],[[78.35013132158872,25.220724167463118],[78.34997198899508,25.220782023649594],[78.35036561230073,25.220599628170124],[78.35013132158872,25.220724167463118]],[[78.34897136733655,25.22143878719712],[78.34842919061647,25.22223134560219],[78.34771272369473,25.22282974945812],[78.34897136733655,25.22143878719712]],[[78.34771272369473,25.22282974945812],[78.34568851382998,25.22272652992901],[78.34342868921058,25.22138695866563],[78.34771272369473,25.22282974945812]],[[78.34121392724808,25.221218919482055],[78.33896945034785,25.223656243018652],[78.33406924425591,25.22217791037543],[78.34121392724808,25.221218919482055]],[[78.33179569825673,25.220881194997897],[78.33109876301623,25.220582074246103],[78.33066734247564,25.22014448284118],[78.33179569825673,25.220881194997897]],[[78.33002393288228,25.219798570701503],[78.32996984002654,25.219731253036315],[78.33035623694876,25.219966943623533],[78.33002393288228,25.219798570701503]],[[78.32838759383189,25.218766130093332],[78.32793958130837,25.21812766162248],[78.32766137236476,25.21740630620354],[78.32838759383189,25.218766130093332]],[[78.32687350448676,25.216465607420684],[78.32534844909758,25.21706836645611],[78.32406458043796,25.215765286015458],[78.32687350448676,25.216465607420684]],[[78.32406458043796,25.215765286015458],[78.32311372863029,25.215557041002512],[78.32250327655379,25.21466729021573],[78.32406458043796,25.215765286015458]],[[78.32163590863222,25.214239455371008],[78.32099917753155,25.211918001002747],[78.32110283153767,25.21149963910856],[78.32163590863222,25.214239455371008]],[[78.32032767262233,25.21094117846394],[78.32001074837659,25.21103093890928],[78.32098271837312,25.21075248711617],[78.32032767262233,25.21094117846394]],[[78.31884272786797,25.21115301161655],[78.31853838965046,25.211147489167505],[78.31905820787561,25.21110634094235],[78.31884272786797,25.21115301161655]],[[78.3174442709928,25.21172933642667],[78.31713511370738,25.211943395305852],[78.31766525934877,25.211227149114283],[78.3174442709928,25.21172933642667]],[[78.31713511370738,25.211943395305852],[78.31670400209833,25.211973769222816],[78.31651728769106,25.211827959282132],[78.31713511370738,25.211943395305852]],[[78.31601940924827,25.211734934536956],[78.31350271148953,25.213043428132742],[78.31115128878903,25.212883686593866],[78.31601940924827,25.211734934536956]],[[78.31115128878903,25.212883686593866],[78.30872605098759,25.21124869337393],[78.30815562688385,25.21066098089032],[78.31115128878903,25.212883686593866]],[[78.30762554954391,25.20993663661102],[78.30737449973539,25.209297368176053],[78.30815562688385,25.21066098089032],[78.30762554954391,25.20993663661102]],[[78.30338905606655,25.199614585432876],[78.30543188019492,25.193160890718346],[78.30722602772602,25.190651606574296],[78.30338905606655,25.199614585432876]],[[78.30086734354197,25.17448184503255],[78.30046489524857,25.174067411721467],[78.30151880020597,25.174896929367335],[78.30086734354197,25.17448184503255]],[[78.30017822550494,25.17379855557683],[78.30011755003247,25.173648648985242],[78.30026388681942,25.17390920007461],[78.30017822550494,25.17379855557683]],[[78.2993998097995,25.172689194813284],[78.29919313059301,25.172452969577538],[78.2990789153142,25.17226023244147],[78.2993998097995,25.172689194813284]],[[78.2990789153142,25.17226023244147],[78.29881122572502,25.171724853932076],[78.2997606308613,25.170868247329956],[78.2990789153142,25.17226023244147]],[[78.30148668980318,25.16937421197636],[78.3016557333362,25.16824950356934],[78.30173404446649,25.168073133574318],[78.30148668980318,25.16937421197636]],[[78.30176574337185,25.167895577018843],[78.30177521792265,25.167856562381168],[78.30176444083477,25.167913249552896],[78.30176574337185,25.167895577018843]],[[78.3015916257213,25.166239007578167],[78.3015568420008,25.16611521724078],[78.3016166633302,25.166299581752256],[78.3015916257213,25.166239007578167]],[[78.29977490772256,25.162809014873087],[78.29971668081504,25.16268425125384],[78.29999262853815,25.163090979811894],[78.29977490772256,25.162809014873087]],[[78.29952748887916,25.16240539494581],[78.29925632045241,25.16207115662497],[78.29875420512941,25.1612656262209],[78.29952748887916,25.16240539494581]],[[78.29874054781158,25.161236718871745],[78.2986150301799,25.160971034956052],[78.29875420512941,25.1612656262209],[78.29874054781158,25.161236718871745]],[[78.29843467519355,25.160833907294776],[78.2984058703447,25.160779644105958],[78.2986150301799,25.160971034956052],[78.29843467519355,25.160833907294776]],[[78.29833796263596,25.160618272110035],[78.29832989356547,25.160565983472324],[78.2984058703447,25.160779644105958],[78.29833796263596,25.160618272110035]],[[78.29818978134351,25.160171962214434],[78.29783376737493,25.15959229666666],[78.29767228528851,25.158766771881783],[78.29818978134351,25.160171962214434]],[[78.2975545176359,25.158535224137566],[78.29755377209776,25.157974095967152],[78.29772162017072,25.157798081940165],[78.2975545176359,25.158535224137566]],[[78.29735812997868,25.157074249699047],[78.29718247763783,25.156896166617962],[78.29707696412588,25.15675499068588],[78.29735812997868,25.157074249699047]],[[78.29707696412588,25.15675499068588],[78.29682733153136,25.156415368374642],[78.29659845449248,25.155984819491284],[78.29707696412588,25.15675499068588]],[[78.2954623070566,25.154338783999265],[78.29534222292148,25.15417596288141],[78.29549504142311,25.1543782821836],[78.2954623070566,25.154338783999265]],[[78.29520385933756,25.15399952084551],[78.29475414114934,25.15338562068268],[78.29534222292148,25.15417596288141],[78.29520385933756,25.15399952084551]],[[78.29411882451895,25.152172095272636],[78.2919630329779,25.149937780789593],[78.29241275049166,25.148495828105982],[78.29411882451895,25.152172095272636]],[[78.29175276739296,25.144540997829633],[78.29146175164232,25.14417751598012],[78.2918774323007,25.144623369122378],[78.29175276739296,25.144540997829633]],[[78.29121888347719,25.143771935993115],[78.29056073048064,25.142928965005925],[78.2902275861304,25.142335489676235],[78.29121888347719,25.143771935993115]],[[78.2902275861304,25.142335489676235],[78.28988322934657,25.14082492382919],[78.29062879699481,25.138917644617866],[78.2902275861304,25.142335489676235]],[[78.28975069162583,25.13592879431629],[78.28918089911365,25.13521080515078],[78.29065334305302,25.135595367466216],[78.28975069162583,25.13592879431629]],[[78.28918089911365,25.13521080515078],[78.28774058283852,25.13138663371772],[78.29060346478003,25.128567609229005],[78.28918089911365,25.13521080515078]],[[78.29060346478003,25.128567609229005],[78.29373796741604,25.127156669303755],[78.29587021113878,25.126493969720684],[78.29060346478003,25.128567609229005]],[[78.29687696235708,25.126151552965432],[78.2991529103163,25.12594505851494],[78.30015920180934,25.126076252939296],[78.29687696235708,25.126151552965432]],[[78.30829688858176,25.123408249864138],[78.30998818096022,25.122307525451696],[78.31171118163475,25.121381287275454],[78.30829688858176,25.123408249864138]],[[78.31240186610104,25.12097124878372],[78.3142876646524,25.119844706435845],[78.31532428855252,25.119236294904386],[78.31240186610104,25.12097124878372]],[[78.31614277953554,25.11846006730366],[78.3168153396528,25.11790068219275],[78.31532428855252,25.119236294904386],[78.31614277953554,25.11846006730366]],[[78.3168153396528,25.11790068219275],[78.31973335159225,25.115919835084206],[78.32161257483298,25.114882886708056],[78.3168153396528,25.11790068219275]],[[78.32274867463133,25.114082526943058],[78.32599102410138,25.112288806331634],[78.32740375430633,25.11314660278022],[78.32274867463133,25.114082526943058]],[[78.32740375430633,25.11314660278022],[78.33091756746751,25.11614062812789],[78.33176432322803,25.116921282601293],[78.32740375430633,25.11314660278022]],[[78.33176432322803,25.116921282601293],[78.33415364107091,25.120248783516537],[78.3350682860277,25.121958732333738],[78.33176432322803,25.116921282601293]],[[78.33629260537077,25.123838262178552],[78.33666496531707,25.124002181111358],[78.33721679587002,25.124245106248313],[78.33629260537077,25.123838262178552]],[[78.33721679587002,25.124245106248313],[78.3393924775414,25.124817238441103],[78.3397617414137,25.125048459559327],[78.33721679587002,25.124245106248313]],[[78.33987139515355,25.1251171197396],[78.34044399177522,25.125674256515108],[78.3397617414137,25.125048459559327],[78.33987139515355,25.1251171197396]],[[78.34059857155005,25.125864053060972],[78.34145086085316,25.126722775167668],[78.34190408861322,25.127466996456654],[78.34059857155005,25.125864053060972]],[[78.34212830791185,25.128076418158344],[78.34218454045494,25.128150978421026],[78.34202219552574,25.127935723186656],[78.34212830791185,25.128076418158344]],[[78.34453878213316,25.129614589551082],[78.34545233675028,25.13014846035202],[78.3440637740815,25.129406537539836],[78.34453878213316,25.129614589551082]],[[78.34575754700052,25.13035123927167],[78.34599717699494,25.13058372408457],[78.34545233675028,25.13014846035202],[78.34575754700052,25.13035123927167]],[[78.34742309392632,25.131667752715444],[78.34702840021865,25.131970125960045],[78.34659469774168,25.132299282357856],[78.34742309392632,25.131667752715444]],[[78.34673035506505,25.132719491642053],[78.34676244338964,25.132826771221865],[78.34659469774168,25.132299282357856],[78.34673035506505,25.132719491642053]],[[78.34736354396738,25.132921336062473],[78.34735817922378,25.13296561545765],[78.3471596130123,25.132919336935682],[78.34736354396738,25.132921336062473]],[[78.34714997581081,25.133816272823537],[78.34707561801503,25.13399175844606],[78.34722433539505,25.13351586591192],[78.34714997581081,25.133816272823537]],[[78.3469417747465,25.13403637319541],[78.34678710873318,25.134063141757746],[78.34707561801503,25.13399175844606],[78.3469417747465,25.13403637319541]],[[78.34691804982218,25.134588349731786],[78.34707337663357,25.134928795919112],[78.34680807535446,25.13450330465768],[78.34691804982218,25.134588349731786]],[[78.34740322742203,25.135393998725156],[78.34767524138972,25.13584714376504],[78.34707337663357,25.134928795919112],[78.34740322742203,25.135393998725156]],[[78.34821494302732,25.136834849689052],[78.34851757213012,25.13722722998622],[78.34865557967173,25.137641257144022],[78.34821494302732,25.136834849689052]],[[78.34865557967173,25.137641257144022],[78.34923616937677,25.139392540170377],[78.34910291859141,25.140291975956796],[78.34865557967173,25.137641257144022]],[[78.34896490994826,25.14110099280552],[78.34867461598259,25.140996296804627],[78.3491314733743,25.141129546827933],[78.34896490994826,25.14110099280552]],[[78.34790842926566,25.141134305519003],[78.3473516358706,25.14121996621856],[78.34808021206979,25.141096789603885],[78.34790842926566,25.141134305519003]],[[78.34598582471688,25.14171489387497],[78.34438206793665,25.14244300893018],[78.34383955176023,25.142547705499673],[78.34598582471688,25.14171489387497]],[[78.33590862699431,25.146314689982923],[78.33438357298343,25.147178135885138],[78.33402300407212,25.147175886742506],[78.33590862699431,25.146314689982923]],[[78.33405254840268,25.147786626628495],[78.33411415745705,25.14794321737806],[78.33382603440366,25.147265846213312],[78.33405254840268,25.147786626628495]],[[78.33411415745705,25.14794321737806],[78.33460227382592,25.149111531672027],[78.33466790640409,25.14935004186225],[78.33411415745705,25.14794321737806]],[[78.33599208902868,25.153193414005727],[78.33652032916422,25.154478322525474],[78.33666785662679,25.154954214800284],[78.33599208902868,25.153193414005727]],[[78.33666785662679,25.154954214800284],[78.33768150575438,25.157543068909664],[78.33782427377969,25.15835684400653],[78.33666785662679,25.154954214800284]],[[78.33854986523454,25.160327925340894],[78.33910918295761,25.16138827801215],[78.3392709858982,25.162149705333483],[78.33854986523454,25.160327925340894]],[[78.34109841229834,25.164605308260843],[78.34120310779461,25.164809941886944],[78.34088901946483,25.164243630781247],[78.34109841229834,25.164605308260843]],[[78.34127449201121,25.164947951054838],[78.34147436633552,25.16541908453254],[78.34120310779461,25.164809941886944],[78.34127449201121,25.164947951054838]],[[78.34223579526424,25.166670681200586],[78.34235476792327,25.166837242977365],[78.34205019682263,25.16650887829305],[78.34223579526424,25.166670681200586]],[[78.34444393441336,25.168107875166495],[78.34468187927668,25.168312509623103],[78.34485320256204,25.168479071205436],[78.34444393441336,25.168107875166495]],[[78.34565270035539,25.169302365130964],[78.34589108678936,25.169587013829453],[78.34533752715977,25.16897950483885],[78.34565270035539,25.169302365130964]],[[78.3460111239181,25.16981622334723],[78.3460839868403,25.169956801710306],[78.34589108678936,25.169587013829453],[78.3460111239181,25.16981622334723]],[[78.3462873162209,25.170337948061974],[78.34634103333823,25.170449557825687],[78.34625067537506,25.170276342320765],[78.3462873162209,25.170337948061974]],[[78.34831769691034,25.171859096111827],[78.34900774117547,25.17213570792471],[78.34926728827602,25.17231489984957],[78.34831769691034,25.171859096111827]],[[78.34982606670388,25.172583113425635],[78.35000413994105,25.17266513796178],[78.35025100838102,25.172787085377955],[78.34982606670388,25.172583113425635]],[[78.35088550843813,25.173133851744872],[78.35124145988526,25.173277848350228],[78.35134556074206,25.173370052258193],[78.35088550843813,25.173133851744872]],[[78.35282677514216,25.173747793436387],[78.35335620607077,25.17371507474392],[78.35348410177319,25.173715074454385],[78.35282677514216,25.173747793436387]],[[78.35359415238155,25.173732920897212],[78.35373989383194,25.173759690098784],[78.35348410177319,25.173715074454385],[78.35359415238155,25.173732920897212]],[[78.35418306819005,25.17369722904981],[78.35445373273609,25.17357825547031],[78.35466490924838,25.173524718402373],[78.35418306819005,25.17369722904981]],[[78.3551735194097,25.173396821833183],[78.35522932166695,25.173393334244732],[78.35466490924838,25.173524718402373],[78.3551735194097,25.173396821833183]],[[78.35751907360743,25.1725759085424],[78.35831381303313,25.17213332967724],[78.35864693749775,25.171962006757955],[78.35751907360743,25.1725759085424]],[[78.36074740612409,25.170958469994364],[78.36086935384238,25.170780009854447],[78.36101212156856,25.17060452513329],[78.36074740612409,25.170958469994364]],[[78.36116381140211,25.170500423298947],[78.36133037441576,25.1704260651056],[78.36101212156856,25.17060452513329],[78.36116381140211,25.170500423298947]],[[78.36133037441576,25.1704260651056],[78.36180031865803,25.170464731397324],[78.36229108177311,25.17074431805284],[78.36133037441576,25.1704260651056]],[[78.36305250894573,25.170756215904493],[78.36354029872058,25.17052719221101],[78.36365629653227,25.170500422609265],[78.36305250894573,25.170756215904493]],[[78.36416193294785,25.17024463098334],[78.36427793170242,25.170146478459774],[78.36415539481762,25.170256553630434],[78.36416193294785,25.17024463098334]],[[78.36494931047005,25.16949077591175],[78.36518807503006,25.16917684790529],[78.36532786847118,25.169054900975016],[78.36494931047005,25.16949077591175]],[[78.36532786847118,25.169054900975016],[78.36553309630672,25.168700956163278],[78.3659495025023,25.16821019217457],[78.36532786847118,25.169054900975016]],[[78.3667527333759,25.16770733767402],[78.36709164407497,25.16749040437067],[78.36757742898683,25.167338958151376],[78.3667527333759,25.16770733767402]],[[78.36798691584248,25.166901489246577],[78.36909039094176,25.165759347801874],[78.36989643318458,25.165824783415427],[78.36798691584248,25.166901489246577]],[[78.3704199146574,25.166012164396683],[78.37049427349753,25.1659378069696],[78.3705478109416,25.165928883618726],[78.3704199146574,25.166012164396683]],[[78.37080955230175,25.165845602962982],[78.3709404212569,25.165866423359212],[78.3709463703294,25.16591103816759],[78.37080955230175,25.165845602962982]],[[78.37093744797254,25.165961602286497],[78.37091365363568,25.166006216156816],[78.3709463703294,25.16591103816759],[78.37093744797254,25.165961602286497]],[[78.370940421079,25.166065702858795],[78.37101478087703,25.166080575713554],[78.37103857553333,25.166116266995065],[78.370940421079,25.166065702858795]],[[78.37103262775602,25.166151958290136],[78.37099098619531,25.1662025214721],[78.37103857553333,25.166116266995065],[78.37103262775602,25.166151958290136]],[[78.37115526352129,25.166272645112947],[78.37129139231136,25.16619657279329],[78.37137170083889,25.166193598441946],[78.37115526352129,25.166272645112947]],[[78.37164831219454,25.166030011166903],[78.37161559350373,25.16599134488615],[78.37168995312761,25.166068677392516],[78.37164831219454,25.166030011166903]],[[78.37161559350373,25.16599134488615],[78.37163046612302,25.165845603652585],[78.3716780550687,25.165809911241087],[78.37161559350373,25.16599134488615]],[[78.37178513102114,25.165789090438235],[78.37186841265904,25.16578909092146],[78.3716780550687,25.165809911241087],[78.37178513102114,25.165789090438235]],[[78.37208511220274,25.165818834043733],[78.37220451095556,25.16582478272244],[78.3723080316219,25.16584943087577],[78.37208511220274,25.165818834043733]],[[78.3724751748821,25.165872372144314],[78.37268337820255,25.165774218765346],[78.37284101778506,25.16593780701648],[78.3724751748821,25.165872372144314]],[[78.37296474880044,25.165980637223175],[78.37310275813877,25.166012165044286],[78.3731503475905,25.16604488331795],[78.37296474880044,25.165980637223175]],[[78.37339566871705,25.166056564795507],[78.3735429583474,25.16595862750589],[78.3736376953082,25.16606808939688],[78.37339566871705,25.166056564795507]],[[78.37402479985505,25.16608652218797],[78.37419136090217,25.16600919064685],[78.37433412950988,25.166009190410644],[78.37402479985505,25.16608652218797]],[[78.3744352560021,25.16576232251808],[78.37443823065989,25.1656255029587],[78.37447392136714,25.165583861552566],[78.3744352560021,25.16576232251808]],[[78.37451556272963,25.165571964755394],[78.37459884399786,25.165595759183876],[78.37447392136714,25.165583861552566],[78.37451556272963,25.165571964755394]],[[78.37486950702333,25.16514068760382],[78.37490519920695,25.16502468932523],[78.37484571328164,25.165348889383825],[78.37486950702333,25.16514068760382]],[[78.37530078504533,25.16428110633774],[78.37534540028258,25.164215671810197],[78.37528802649146,25.16431683057732],[78.37530078504533,25.16428110633774]],[[78.37640128509516,25.163454244689813],[78.37646374685885,25.1634869623985],[78.3763358503279,25.163451269987846],[78.37640128509516,25.163454244689813]],[[78.37742147932087,25.16321332433422],[78.37750476004015,25.163103274560918],[78.37730250599475,25.163424501044624],[78.37742147932087,25.16321332433422]],[[78.3781081461882,25.160280923472857],[78.37818181855361,25.15986934600814],[78.37827461648556,25.15949815047823],[78.3781081461882,25.160280923472857]],[[78.37841652550823,25.156462558327025],[78.37844748076905,25.15634383781823],[78.37839116594097,25.15747896387017],[78.37841652550823,25.156462558327025]],[[78.37834351989864,25.15591655765783],[78.37830113761844,25.15576398169472],[78.37839714453766,25.15598310450713],[78.37834351989864,25.15591655765783]],[[78.37803419150957,25.15523246282116],[78.37801928975053,25.155120702043742],[78.37814813393001,25.155414771462887],[78.37803419150957,25.15523246282116]],[[78.37792106583076,25.152212273180965],[78.37797009811204,25.152075156692533],[78.37797904555951,25.152457965850985],[78.37792106583076,25.152212273180965]],[[78.37770670437779,25.150330931882742],[78.37779569195679,25.150259389678546],[78.3777791891898,25.15077293350438],[78.37770670437779,25.150330931882742]],[[78.37798915032934,25.149475466538224],[78.37798592014666,25.14909478686541],[78.37805348867052,25.148973019807343],[78.37798915032934,25.149475466538224]],[[78.37784839579108,25.146629294444537],[78.37801774959814,25.145433832904605],[78.37842085269433,25.14464386182069],[78.37784839579108,25.146629294444537]],[[78.37842085269433,25.14464386182069],[78.37871828558963,25.14358500178453],[78.37884915551572,25.143353003816415],[78.37842085269433,25.14464386182069]],[[78.37904427199615,25.142045411267365],[78.3790728252383,25.14159696187192],[78.37914420919063,25.141375672193647],[78.37904427199615,25.142045411267365]],[[78.37876787667936,25.13834941546958],[78.3787344894098,25.13817547937708],[78.37888854764009,25.13876328067074],[78.37876787667936,25.13834941546958]],[[78.37868754264207,25.13807047234896],[78.37858205211084,25.137809361407818],[78.37869333315773,25.138083425043853],[78.37868754264207,25.13807047234896]],[[78.37858205211084,25.137809361407818],[78.37838678157014,25.137254707786013],[78.3782946413585,25.136892063696685],[78.37858205211084,25.137809361407818]],[[78.3782946413585,25.136892063696685],[78.37655615917379,25.13673006207757],[78.37539022252973,25.13572774403704],[78.3782946413585,25.136892063696685]],[[78.37410689002137,25.134771715943113],[78.37388924466326,25.134645086354396],[78.37429129835527,25.13483715052369],[78.37410689002137,25.134771715943113]],[[78.37335736069356,25.134391001253753],[78.37185829885243,25.133885366728347],[78.37147163693886,25.133724753611418],[78.37335736069356,25.134391001253753]],[[78.37082472140457,25.13338568039399],[78.37048564820466,25.133135836650744],[78.3711637942751,25.133540344775547],[78.37082472140457,25.13338568039399]],[[78.36658910594944,25.129190506591463],[78.36592765283518,25.128044653176115],[78.36590637418008,25.12775706553715],[78.36658910594944,25.129190506591463]],[[78.36578740185679,25.126976602530032],[78.3657755048455,25.12674817268302],[78.3658944785255,25.126743415106425],[78.36578740185679,25.126976602530032]],[[78.36639178512395,25.12634604547765],[78.36645840959866,25.126265143120435],[78.36636561108821,25.12642218757759],[78.36639178512395,25.12634604547765]],[[78.3663989238991,25.126091441324494],[78.36632991932228,25.126008160965295],[78.3663656110288,25.125905844428566],[78.3663989238991,25.126091441324494]],[[78.3664607899074,25.125465643798716],[78.36617406504907,25.125404967428853],[78.3660669891578,25.125337153210747],[78.3664607899074,25.125465643798716]],[[78.3660669891578,25.125337153210747],[78.365510195423,25.1246482989322],[78.36551733321413,25.124284242603217],[78.3660669891578,25.125337153210747]],[[78.36551733321413,25.124284242603217],[78.36575223083355,25.124013683429123],[78.36577788423625,25.123991567762125],[78.36551733321413,25.124284242603217]],[[78.36595634364606,25.122899394980415],[78.36589566856,25.122788749922854],[78.3659773274109,25.122924348865865],[78.36595634364606,25.122899394980415]],[[78.36583499063892,25.122560321859257],[78.36583856180457,25.122410415749286],[78.36585283704247,25.122678105467507],[78.36583499063892,25.122560321859257]],[[78.36566367001127,25.120607973617624],[78.36566842951144,25.1204794833913],[78.3656874652803,25.12040096078299],[78.36566367001127,25.120607973617624]],[[78.36517588009237,25.119956002054032],[78.36511877341019,25.11991079122223],[78.36525916251183,25.12000597148815],[78.36517588009237,25.119956002054032]],[[78.36511877341019,25.11991079122223],[78.36500455903128,25.119746608438923],[78.36497838534812,25.119677604371063],[78.36511877341019,25.11991079122223]],[[78.36497838534812,25.119677604371063],[78.36503549157021,25.11951818100541],[78.36508070286354,25.119472969972943],[78.36497838534812,25.119677604371063]],[[78.36513780911336,25.118837655194138],[78.36515922410966,25.118773410454057],[78.36516636285413,25.118911418747523],[78.36513780911336,25.118837655194138]],[[78.36556968103368,25.118556879022677],[78.36576598693262,25.11829811336191],[78.36587901065793,25.118179139526394],[78.36556968103368,25.118556879022677]],[[78.36587901065793,25.118179139526394],[78.36611695841638,25.117976885100546],[78.3662002384737,25.117938218863245],[78.36587901065793,25.118179139526394]],[[78.36631326282382,25.117893604157455],[78.3665601323272,25.11765863238147],[78.36674156565923,25.117667555475983],[78.36631326282382,25.117893604157455]],[[78.36674156565923,25.117667555475983],[78.36683674416913,25.11774488756506],[78.36688135929721,25.117813297093836],[78.36674156565923,25.117667555475983]],[[78.3673275075225,25.117581300639905],[78.36733940563944,25.117402839379167],[78.36734142113932,25.117399358096346],[78.3673275075225,25.117581300639905]],[[78.36738402153071,25.116968589153583],[78.36741834231098,25.11685581645078],[78.36736617492157,25.117075663246194],[78.36738402153071,25.116968589153583]],[[78.36743755745,25.11665925834427],[78.3672317353337,25.116501619323472],[78.36698903005403,25.115570060536218],[78.36743755745,25.11665925834427]],[[78.36710324376197,25.115077511934096],[78.3670532748619,25.114631363069197],[78.36711038166906,25.114549271530105],[78.36710324376197,25.115077511934096]],[[78.36711038166906,25.114549271530105],[78.36732096511486,25.114495734424786],[78.3675208406447,25.11460994863489],[78.36711038166906,25.114549271530105]],[[78.36722935515256,25.11303117593725],[78.36719604257877,25.112907444057655],[78.36730073974759,25.113183460630832],[78.36722935515256,25.11303117593725]],[[78.36703899893124,25.112360168077277],[78.36711038204609,25.11177957888504],[78.36767193507342,25.11109905242987],[78.36703899893124,25.112360168077277]],[[78.36767193507342,25.11109905242987],[78.36810499685214,25.11058984898702],[78.36887955232183,25.110322171696065],[78.36767193507342,25.11109905242987]],[[78.36910889210513,25.110174633509295],[78.3696549787958,25.109707069206014],[78.36992980601833,25.10972491423647],[78.36910889210513,25.110174633509295]],[[78.37052229131001,25.109699929739783],[78.37137889797278,25.10898252347767],[78.37160732595304,25.108925416189038],[78.37052229131001,25.109699929739783]],[[78.37239611739184,25.10796887214807],[78.37235328715438,25.107908195904216],[78.37244565706139,25.108016160558012],[78.37239611739184,25.10796887214807]],[[78.37235328726095,25.107858226892112],[78.37236042490758,25.10780469036204],[78.37235328715438,25.107908195904216],[78.37235328726095,25.107858226892112]],[[78.37236042490758,25.10780469036204],[78.37244251707135,25.107697614450714],[78.37248534744845,25.10767619832726],[78.37236042490758,25.10780469036204]],[[78.37242467094242,25.10725860294623],[78.37239968622544,25.107180081841904],[78.3724853467882,25.10732641792981],[78.37242467094242,25.10725860294623]],[[78.37238540963185,25.107040883326533],[78.37246036305402,25.106823161910597],[78.37239968622544,25.107180081841904],[78.37238540963185,25.107040883326533]],[[78.37246036305402,25.106823161910597],[78.37266380665028,25.10661614917055],[78.37275660629976,25.106573318207953],[78.37246036305402,25.106823161910597]],[[78.37275660629976,25.106573318207953],[78.3730635566989,25.10658759523282],[78.37317776996413,25.10664827067081],[78.37275660629976,25.106573318207953]],[[78.3734070265209,25.1060389962477],[78.37324201649749,25.10609504659588],[78.37308140162692,25.106095046194383],[78.3734070265209,25.1060389962477]],[[78.37299931022721,25.10603080070978],[78.372920788073,25.105955848102727],[78.37308140162692,25.106095046194383],[78.37299931022721,25.10603080070978]],[[78.372920788073,25.105955848102727],[78.37287438980775,25.10572385032951],[78.3729554626554,25.10567845017817],[78.372920788073,25.105955848102727]],[[78.37293506439833,25.1054597311104],[78.37281371260002,25.105316963421977],[78.37281371315076,25.10501715081547],[78.37293506439833,25.1054597311104]],[[78.37249408675677,25.104417151034014],[78.37242136755202,25.104299278830823],[78.37262478209108,25.104591226595826],[78.37249408675677,25.104417151034014]],[[78.37242136755202,25.104299278830823],[78.37212170674222,25.10374938352103],[78.37233620271178,25.10348439521518],[78.37242136755202,25.104299278830823]],[[78.33675072841146,25.085232254385264],[78.33609296538978,25.085321097897786],[78.33600116971972,25.085323297494426],[78.33675072841146,25.085232254385264]],[[78.33406216427575,25.08631355138525],[78.33379631249484,25.086653814036534],[78.33367887241057,25.086759084100425],[78.33406216427575,25.08631355138525]],[[78.33305745843822,25.087936567381696],[78.33287993132954,25.08828590749946],[78.3331369859765,25.087670155394928],[78.33305745843822,25.087936567381696]],[[78.33244624750778,25.08928543698473],[78.3322538840121,25.089565895876913],[78.33250066904678,25.08901957691891],[78.33244624750778,25.08928543698473]],[[78.33218493269038,25.089774731834293],[78.33204577944466,25.090084562647572],[78.3322538840121,25.089565895876913],[78.33218493269038,25.089774731834293]],[[78.33021871471796,25.094008667016432],[78.33003783288355,25.09425413204635],[78.33033364609697,25.093660986981835],[78.33021871471796,25.094008667016432]],[[78.329780108121,25.094456081238423],[78.32914333411718,25.094598535263017],[78.32885383314846,25.09458255670495],[78.329780108121,25.094456081238423]],[[78.32815564987528,25.094771824614057],[78.32805551841594,25.094785877411546],[78.32818010168384,25.094754147622492],[78.32815564987528,25.094771824614057]],[[78.32755787471085,25.0945563872456],[78.3274493021311,25.094492395776335],[78.3278770318518,25.09470956315157],[78.32755787471085,25.0945563872456]],[[78.32606252653278,25.0937883006383],[78.32537582509796,25.09354062033736],[78.32508026225105,25.093340598051984],[78.32606252653278,25.0937883006383]],[[78.32479771445948,25.093152439361667],[78.32472578240052,25.0930901337468],[78.32489903337013,25.093212547428873],[78.32479771445948,25.093152439361667]],[[78.32450018752252,25.092930735506553],[78.323294224006,25.092130847673914],[78.32275242988766,25.09169582497213],[78.32450018752252,25.092930735506553]],[[78.32246913640195,25.091434258087308],[78.32175718532642,25.09083486125307],[78.32133743695718,25.090389351962518],[78.32246913640195,25.091434258087308]],[[78.31836754542736,25.089238785264204],[78.31779777353724,25.089275334890992],[78.31731771419912,25.089195421278156],[78.31836754542736,25.089238785264204]],[[78.31045557705596,25.088811837946768],[78.31002814807002,25.0888900674354],[78.3099455818199,25.088898039224997],[78.31045557705596,25.088811837946768]],[[78.30817408017104,25.08951027146918],[78.30785280577346,25.08969012099837],[78.30856886018444,25.089270635640535],[78.30817408017104,25.08951027146918]],[[78.30752154226467,25.089951252598308],[78.3072268843226,25.090176846350676],[78.30785280577346,25.08969012099837],[78.30752154226467,25.089951252598308]],[[78.3072268843226,25.090176846350676],[78.30663816458258,25.090651177788622],[78.30636771202462,25.090841788499638],[78.3072268843226,25.090176846350676]],[[78.30550239813606,25.09211640595208],[78.30527994394484,25.093041495524595],[78.30492892847401,25.093877855685445],[78.30550239813606,25.09211640595208]],[[78.30482904234694,25.094305689765807],[78.30460301771656,25.094713671497583],[78.30492892847401,25.093877855685445],[78.30482904234694,25.094305689765807]],[[78.30388865473402,25.09790770870505],[78.3035990571142,25.10006702608564],[78.3033235245439,25.100434500964013],[78.30388865473402,25.09790770870505]],[[78.30285989173387,25.100769900322902],[78.30269526853978,25.100904347454815],[78.30306874574744,25.10057313060258],[78.30285989173387,25.100769900322902]],[[78.2978840118408,25.102689103457863],[78.29677518298215,25.103036505410508],[78.29576565407513,25.103104553232985],[78.2978840118408,25.102689103457863]],[[78.29521425642253,25.103188791629062],[78.29443855209577,25.103312522792947],[78.29432433845534,25.103307764760682],[78.29521425642253,25.103188791629062]],[[78.28948451472442,25.100961614515676],[78.2892989166298,25.10093306259163],[78.28971294339694,25.100928303408303],[78.28948451472442,25.100961614515676]],[[78.2892989166298,25.10093306259163],[78.28877543487827,25.10083788347216],[78.28854700727577,25.100780776359933],[78.2892989166298,25.10093306259163]],[[78.28854700727577,25.100780776359933],[78.28761901694575,25.100523793797656],[78.28726321767991,25.10033653223658],[78.28854700727577,25.100780776359933]],[[78.28692421362248,25.10021922285754],[78.28592484104534,25.100171634542562],[78.28457330638687,25.09995272361184],[78.28692421362248,25.10021922285754]],[[78.28306920494526,25.10003895228588],[78.28227950662627,25.100314402752563],[78.28147802437361,25.10034216205218],[78.28306920494526,25.10003895228588]],[[78.28147802437361,25.10034216205218],[78.28078203161768,25.10016965072727],[78.28039536994997,25.099307096964083],[78.28147802437361,25.10034216205218]],[[78.2797112746433,25.09880146153657],[78.27932461371756,25.098509977002983],[78.2791818445368,25.098367209940292],[78.2797112746433,25.09880146153657]],[[78.27894984692246,25.098277980294853],[78.2789469223056,25.098275639928364],[78.2791818445368,25.098367209940292],[78.27894984692246,25.098277980294853]],[[78.27875949105001,25.09801623917902],[78.27875949101411,25.097987376246373],[78.27883087354815,25.0981828015344],[78.27875949105001,25.09801623917902]],[[78.27827170163125,25.0971120439266],[78.27795047460343,25.097112044423056],[78.27784339864584,25.096957379224296],[78.27827170163125,25.0971120439266]],[[78.2776768354361,25.096915737766114],[78.27749242819303,25.09695142953632],[78.2773734549135,25.09695142963689],[78.2776768354361,25.096915737766114]],[[78.2772663784503,25.096915737717357],[78.27728422499833,25.096731329770055],[78.27730207128575,25.096636151401597],[78.2772663784503,25.096915737717357]],[[78.27716578097154,25.096572265455748],[78.27695704939475,25.096558819521366],[78.27692135685308,25.09645769189938],[78.27716578097154,25.096572265455748]],[[78.2769213563163,25.09636846228375],[78.27699868932207,25.09623759176437],[78.27705222659203,25.09616620866784],[78.2769213563163,25.09636846228375]],[[78.27632054289518,25.09599964573488],[78.2759874186745,25.095940159400115],[78.27588034312421,25.095850930557944],[78.27632054289518,25.09599964573488]],[[78.27588034312421,25.095850930557944],[78.27583275447265,25.095642727056408],[78.27592198366914,25.095363140014598],[78.27588034312421,25.095850930557944]],[[78.27593388171489,25.09525011579717],[78.27580895925522,25.095065706677413],[78.27580895871854,25.09495863197956],[78.27593388171489,25.09525011579717]],[[78.27576136944528,25.094613609497085],[78.27557696081254,25.094399457659833],[78.27543419393751,25.094155564385634],[78.27576136944528,25.094613609497085]],[[78.27542229688062,25.09401279586295],[78.27542168249707,25.09398822289364],[78.27543419393751,25.094155564385634],[78.27542229688062,25.09401279586295]],[[78.27556506391815,25.092388813996777],[78.27565429423463,25.09232337914281],[78.27544014135631,25.09252563338105],[78.27556506391815,25.092388813996777]],[[78.27554127020893,25.091514361802783],[78.27526763214006,25.091222878157918],[78.27571972907393,25.091692821142594],[78.27554127020893,25.091514361802783]],[[78.27424446268849,25.090288939586788],[78.27394108167569,25.090074788333574],[78.27455379389492,25.090455501945684],[78.27424446268849,25.090288939586788]],[[78.27326293667866,25.08966433136113],[78.2732049245382,25.089609483699135],[78.27356631756027,25.08984873886288],[78.27326293667866,25.08966433136113]],[[78.27228140771544,25.08899808238487],[78.2713058285152,25.0887898789036],[78.27098246580381,25.088601864218685],[78.27228140771544,25.08899808238487]],[[78.27160754792185,25.084454109878607],[78.27167730418456,25.084223942997863],[78.27161138615976,25.084470327814376],[78.27160754792185,25.084454109878607]],[[78.27167730418456,25.084223942997863],[78.27186051042865,25.083777183894888],[78.2721002206177,25.083403701853598],[78.27167730418456,25.084223942997863]],[[78.2721002206177,25.083403701853598],[78.27255273221596,25.08358392747657],[78.27272649030587,25.083784504539846],[78.2721002206177,25.083403701853598]],[[78.2760962842447,25.084798363797653],[78.27629916957979,25.084735557751404],[78.27635061136984,25.08472449407352],[78.2760962842447,25.084798363797653]],[[78.27635061136984,25.08472449407352],[78.27621346757415,25.08399526508078],[78.27956850714125,25.082329642146725],[78.27635061136984,25.08472449407352]],[[78.28267875246706,25.080707768869654],[78.28313336796037,25.080415438813322],[78.2823495758967,25.080954247993017],[78.28267875246706,25.080707768869654]],[[78.2840950222967,25.07966386598832],[78.28449145017045,25.079300721036415],[78.28380499826409,25.0800208543457],[78.2840950222967,25.07966386598832]],[[78.28466055476149,25.07912331917092],[78.28479737240777,25.078748553778034],[78.28507531696329,25.078601409704646],[78.28466055476149,25.07912331917092]],[[78.28663550735435,25.07649401403981],[78.28701027174144,25.07606571148485],[78.28608823016008,25.077326826380443],[78.28663550735435,25.07649401403981]],[[78.28791611869208,25.075478361900345],[78.28815411707582,25.07519039300381],[78.28784868481421,25.07558058538453],[78.28791611869208,25.075478361900345]],[[78.29029516609603,25.071969457113266],[78.29028678822354,25.071617309429868],[78.29069129803257,25.070482306595867],[78.29029516609603,25.071969457113266]],[[78.29069129803257,25.070482306595867],[78.29067940030826,25.069893388528506],[78.29080432106537,25.06870960790835],[78.29069129803257,25.070482306595867]],[[78.29014471061647,25.066443201540203],[78.2899455171328,25.06620317878731],[78.28992608072545,25.06603406057802],[78.29014471061647,25.066443201540203]],[[78.28948757834902,25.065213453279668],[78.28837049017494,25.063704250172922],[78.28894225022495,25.063092793271966],[78.28948757834902,25.065213453279668]],[[78.28949550638949,25.062688501872668],[78.28992453438144,25.06194199922996],[78.29043188052366,25.06127459466131],[78.28949550638949,25.062688501872668]],[[78.29370414178833,25.058585101119533],[78.29392902227998,25.057740191398906],[78.29430202356839,25.057201938985884],[78.29370414178833,25.058585101119533]],[[78.29509872942134,25.056549996731842],[78.29536187774924,25.05636127073722],[78.29482862034612,25.056763733899608],[78.29509872942134,25.056549996731842]],[[78.29601791723708,25.05580331121625],[78.29645492587693,25.05571220971953],[78.29698415038186,25.055745376987538],[78.29601791723708,25.05580331121625]],[[78.3000530854031,25.053796801563987],[78.30024827008916,25.053672757641994],[78.29984408851598,25.0539513184876],[78.3000530854031,25.053796801563987]],[[78.30166840804365,25.052803357064338],[78.30370126569998,25.052294010766904],[78.30400216780404,25.0522637539128],[78.30166840804365,25.052803357064338]],[[78.30424136716756,25.05228087023943],[78.30453196904593,25.052331331327498],[78.30400216780404,25.0522637539128],[78.30424136716756,25.05228087023943]],[[78.30487519379204,25.052449009879677],[78.30520691706795,25.052602243059813],[78.30453196904593,25.052331331327498],[78.30487519379204,25.052449009879677]],[[78.30561453865394,25.05277642154574],[78.3058960578381,25.05294203725654],[78.30520691706795,25.052602243059813],[78.30561453865394,25.05277642154574]],[[78.3061004799614,25.053040414486908],[78.30613138115186,25.05306120312595],[78.3058960578381,25.05294203725654],[78.3061004799614,25.053040414486908]],[[78.30701884939286,25.05346674659786],[78.30722755395517,25.05357958765978],[78.30667532503409,25.05333665201625],[78.30701884939286,25.05346674659786]],[[78.30770800100363,25.05380596645029],[78.30849998312117,25.054200581983835],[78.3092628214765,25.054749480352868],[78.30770800100363,25.05380596645029]],[[78.31034312847859,25.054857319074465],[78.31058595338246,25.05498959095767],[78.31072747571851,25.055089611256587],[78.31034312847859,25.054857319074465]],[[78.31095850734202,25.055245021184707],[78.31107649009112,25.055377464478596],[78.31072747571851,25.055089611256587],[78.31095850734202,25.055245021184707]],[[78.31294228122276,25.056369255664986],[78.31301117512109,25.056398784799626],[78.31284156958245,25.05637200510296],[78.31294228122276,25.056369255664986]],[[78.31315759816314,25.056421904119208],[78.31384347098628,25.056646494056192],[78.31470412512198,25.057234756042956],[78.31315759816314,25.056421904119208]],[[78.31568966826515,25.058199636263023],[78.31584843299868,25.05844869840146],[78.31545590516849,25.057964070156864],[78.31568966826515,25.058199636263023]],[[78.3160428824226,25.058639640173247],[78.31605821354079,25.05865815609133],[78.31584843299868,25.05844869840146],[78.3160428824226,25.058639640173247]],[[78.31658783330462,25.059177999621838],[78.3168606095802,25.059459317243306],[78.31652095516048,25.059120185551716],[78.31658783330462,25.059177999621838]],[[78.31929662847055,25.06097498313372],[78.3193761822749,25.06100747032235],[78.31895518279259,25.060914355645536],[78.31929662847055,25.06097498313372]],[[78.32013284084597,25.061184399566116],[78.32036208048838,25.061282207540344],[78.31989210917096,25.061121580596133],[78.32013284084597,25.061184399566116]],[[78.32218571789339,25.060513358743982],[78.32222135257555,25.060490305287303],[78.3221954307219,25.06051741663289],[78.32218571789339,25.060513358743982]],[[78.322294593337,25.06037286047139],[78.32236868281697,25.06033621441306],[78.32226931332403,25.06044014373465],[78.322294593337,25.06037286047139]],[[78.3224031582821,25.06023236150976],[78.32343077513812,25.05893064392029],[78.32450893601353,25.05964035686439],[78.3224031582821,25.06023236150976]],[[78.32450893601353,25.05964035686439],[78.32483436379908,25.05998887049189],[78.32506482997732,25.060523618091324],[78.32450893601353,25.05964035686439]],[[78.32524992561585,25.060817849505778],[78.32528700423279,25.060885512149525],[78.3251195712252,25.060671557092515],[78.32524992561585,25.060817849505778]],[[78.32552575761966,25.061190604288967],[78.32574383395,25.061725907744528],[78.32574516926384,25.061732152212798],[78.32552575761966,25.061190604288967]],[[78.32583941256635,25.061964761858473],[78.32615092826923,25.062279391132368],[78.3263638589132,25.062653799804107],[78.32583941256635,25.061964761858473]],[[77.55497269039854,18.290029206985118],[77.55600513380374,18.288797674928368],[77.55650469507482,18.288354105818794],[77.55497269039854,18.290029206985118]],[[77.55711241235004,18.28768962487284],[77.55775400702792,18.287221061729813],[77.55888111583363,18.286436283292826],[77.55711241235004,18.28768962487284]],[[77.55897599519423,18.28637022060683],[77.55936956295976,18.28613563802334],[77.55888111583363,18.286436283292826],[77.55897599519423,18.28637022060683]],[[77.56296460906964,18.284960295353404],[77.56326379558021,18.28516699806542],[77.56259019292456,18.284871423777485],[77.56296460906964,18.284960295353404]],[[77.56398506221944,18.2855256541782],[77.56467047332644,18.28588404863092],[77.56326379558021,18.28516699806542],[77.56398506221944,18.2855256541782]],[[77.56693770184017,18.28728090605747],[77.56762211454513,18.287852254834423],[77.56931958842459,18.29026218280767],[77.56693770184017,18.28728090605747]],[[77.57336825169445,18.292656730079326],[77.57448535092438,18.290666653162607],[77.5750708557463,18.29000739549703],[77.57336825169445,18.292656730079326]],[[77.576760602951,18.28833237723678],[77.57776605107105,18.28774914833579],[77.57616130529647,18.28873297512765],[77.576760602951,18.28833237723678]],[[77.57784454057635,18.287711220705532],[77.57836644274003,18.287459029407955],[77.57776605107105,18.28774914833579],[77.57784454057635,18.287711220705532]],[[77.58184933474314,18.285384230892127],[77.58554630461681,18.284746676546227],[77.58635210035385,18.284622698293823],[77.58184933474314,18.285384230892127]],[[77.58770617660156,18.284341114680146],[77.58898834432347,18.284089916912833],[77.58635210035385,18.284622698293823],[77.58770617660156,18.284341114680146]],[[77.58898834432347,18.284089916912833],[77.59243398804294,18.283469610492116],[77.59394343668336,18.28335884862519],[77.58898834432347,18.284089916912833]],[[77.59394343668336,18.28335884862519],[77.59529571346604,18.283049778003594],[77.59626031758677,18.282832929069137],[77.59394343668336,18.28335884862519]],[[77.59937461335116,18.282328648726452],[77.5999208246946,18.282156189905542],[77.60088740132582,18.282083396280907],[77.59937461335116,18.282328648726452]],[[77.60289376565058,18.281758125479218],[77.60505305159998,18.28140488870248],[77.60541723902496,18.281349021211664],[77.60289376565058,18.281758125479218]],[[77.6037356703222,18.278601397212405],[77.60273658276263,18.278542688027194],[77.60247136555638,18.27850315694671],[77.6037356703222,18.278601397212405]],[[77.60212040982462,18.278378040105956],[77.60179782339901,18.27823944455365],[77.60247136555638,18.27850315694671],[77.60212040982462,18.278378040105956]],[[77.6014795257508,18.278005722251734],[77.60116984476251,18.277622650427755],[77.60179782339901,18.27823944455365],[77.6014795257508,18.278005722251734]],[[77.60099986446218,18.277330850009058],[77.60085991723946,18.276788505737127],[77.6010172176443,18.277378119405192],[77.60099986446218,18.277330850009058]],[[77.60047304943953,18.27583227784554],[77.60142482604647,18.27585510894648],[77.60048429290461,18.275853128391915],[77.60047304943953,18.27583227784554]],[[77.44736262433585,17.582891020903475],[77.45003788409448,17.582361475930544],[77.4431189974521,17.583963190355117],[77.44736262433585,17.582891020903475]],[[77.4571874743651,17.580809121993898],[77.45781842461358,17.58029384019458],[77.4568155849919,17.581319779692645],[77.4571874743651,17.580809121993898]],[[77.45781842461358,17.58029384019458],[77.4585813448993,17.57997276588341],[77.45951669167142,17.58048904571092],[77.45781842461358,17.58029384019458]],[[77.46425656015606,17.578610503103913],[77.46495180867305,17.578119217373864],[77.46181294807462,17.58075298648205],[77.46425656015606,17.578610503103913]],[[77.46866822532834,17.574989778442824],[77.46885125919545,17.574847249090233],[77.46859934403112,17.57505862718648],[77.46866822532834,17.574989778442824]],[[77.47059384763878,17.573385070230604],[77.47082385810684,17.571857953936117],[77.47215688748386,17.572019958581514],[77.47059384763878,17.573385070230604]],[[77.4791012849495,17.566766853814656],[77.4792208057383,17.56678856906979],[77.47805099202904,17.566803533124865],[77.4791012849495,17.566766853814656]],[[77.48394866713639,17.5667310222961],[77.48539415496676,17.56746829117692],[77.48394306060092,17.566728162800572],[77.48394866713639,17.5667310222961]],[[77.48539596461205,17.56746854382248],[77.4859735263292,17.567549293536356],[77.48539415496676,17.56746829117692],[77.48539596461205,17.56746854382248]],[[77.48985004352211,17.567931138297524],[77.48989303622055,17.56794094009135],[77.48962404286326,17.567914061648736],[77.48985004352211,17.567931138297524]],[[77.49411658213867,17.566876025122994],[77.49445441209829,17.564878969323786],[77.49406572304692,17.568357884675223],[77.49411658213867,17.566876025122994]],[[77.49456204430209,17.563799156843316],[77.49482067483967,17.56316199674444],[77.49445441209829,17.564878969323786],[77.49456204430209,17.563799156843316]],[[77.4961842092652,17.5596147282433],[77.49735568124072,17.557712036852333],[77.50043264153602,17.556194221006972],[77.4961842092652,17.5596147282433]],[[77.49972221439184,17.552336189589116],[77.4994420038775,17.551779713125413],[77.49952708277524,17.551341542499564],[77.49972221439184,17.552336189589116]],[[77.49992467181092,17.54849559592729],[77.50062841009584,17.545573041856766],[77.50216443732323,17.544449090253902],[77.49992467181092,17.54849559592729]],[[77.50581537646205,17.542653283678614],[77.50689876192796,17.54227896822935],[77.50538017463356,17.542975059015035],[77.50581537646205,17.542653283678614]],[[77.51093643363069,17.54681723805233],[77.5138023307403,17.55023886391597],[77.51543989756584,17.55241736799053],[77.51093643363069,17.54681723805233]],[[77.51649074294644,17.559149452355975],[77.52014768001573,17.563429802751045],[77.52146078067243,17.56505239220969],[77.51649074294644,17.559149452355975]],[[77.52146078067243,17.56505239220969],[77.52343723988965,17.568012583661393],[77.52443931213436,17.56963816550991],[77.52146078067243,17.56505239220969]],[[77.5251784370752,17.57066090673693],[77.526227810616,17.57239175354128],[77.52476841749323,17.57014485902213],[77.5251784370752,17.57066090673693]],[[77.53983050712718,17.572339505006454],[77.5414564699313,17.570239451057926],[77.53965360628754,17.572573101488413],[77.53983050712718,17.572339505006454]],[[77.55055929877007,17.55173383636604],[77.55066166547094,17.551813456101875],[77.55001709300196,17.553170281617955],[77.55055929877007,17.55173383636604]],[[77.55983210623202,17.552437469159365],[77.56084932110731,17.55256882972752],[77.55882421893565,17.552554586447823],[77.55983210623202,17.552437469159365]],[[77.56203600207107,17.55292161198214],[77.56375459563067,17.554060653486776],[77.56469506505321,17.555079433886824],[77.56203600207107,17.55292161198214]],[[77.56529411944425,17.555565564789234],[77.5664808395477,17.55588669508863],[77.56736609591142,17.556356814881457],[77.56529411944425,17.555565564789234]],[[77.56737206739845,17.556358407678736],[77.56778992888516,17.556469887705838],[77.56736609591142,17.556356814881457],[77.56737206739845,17.556358407678736]],[[77.57066749431897,17.556574640639305],[77.5715340571151,17.556620065395673],[77.5735637068724,17.55734347145849],[77.57066749431897,17.556574640639305]],[[77.57518840270335,17.557840863353928],[77.57588068666692,17.55798561324138],[77.57707213441034,17.55836089495848],[77.57518840270335,17.557840863353928]],[[77.58849487795673,17.561354440844656],[77.58897932030736,17.56444022154389],[77.58809580898348,17.56000413125687],[77.58849487795673,17.561354440844656]],[[77.59462452028069,17.562136922767998],[77.59542093798315,17.5594986661428],[77.59587803169944,17.558057565383677],[77.59462452028069,17.562136922767998]],[[77.59703490964299,17.55308737929448],[77.59570062976756,17.549026477867454],[77.5956835068684,17.548731299669466],[77.59703490964299,17.55308737929448]],[[77.59564428574463,17.548055143541188],[77.59561159224707,17.546482947440396],[77.5956835068684,17.548731299669466],[77.59564428574463,17.548055143541188]],[[77.59558361651126,17.544874607862624],[77.5956227318123,17.53658897959718],[77.5968992899896,17.534303174289413],[77.59558361651126,17.544874607862624]],[[77.59886754468758,17.535207025987113],[77.5988682619314,17.53520749383025],[77.5988670383897,17.535206934480357],[77.59886754468758,17.535207025987113]],[[77.60157524439434,17.53546039322801],[77.60190019076283,17.535333936878814],[77.60125028523451,17.535672687245366],[77.60157524439434,17.53546039322801]],[[77.60223925399077,17.535275248366407],[77.60265363063864,17.535460529836676],[77.60283725472824,17.535695478627225],[77.60223925399077,17.535275248366407]],[[77.6042601907494,17.534770404551345],[77.60498486761527,17.533608509599684],[77.60622813259538,17.532985189323476],[77.6042601907494,17.534770404551345]],[[77.60715588450108,17.532352794774717],[77.60738585668322,17.532255392214058],[77.60662843127811,17.532723199231206],[77.60715588450108,17.532352794774717]],[[77.609194878681,17.532520149967947],[77.61090889131962,17.533369645333096],[77.61206249467276,17.534756701597058],[77.609194878681,17.532520149967947]],[[77.61276542170113,17.534009274331815],[77.61352246586702,17.53273283499135],[77.6140593040984,17.532633480056308],[77.61276542170113,17.534009274331815]],[[77.61649395975283,17.53124214570195],[77.6169319038084,17.531111153617143],[77.6162584991876,17.53139573781679],[77.61649395975283,17.53124214570195]],[[77.61829756435705,17.53008116224241],[77.61935713568617,17.528874955068996],[77.62097225035527,17.53039751158226],[77.61829756435705,17.53008116224241]],[[77.62295483040849,17.526227635715326],[77.6279603540783,17.523634464411657],[77.6311187970574,17.52496216154523],[77.62295483040849,17.526227635715326]],[[77.6316567737535,17.523941629181852],[77.63166171601854,17.523943462789873],[77.63130363195262,17.52480905347816],[77.6316567737535,17.523941629181852]],[[77.64003545843289,17.52491081181033],[77.63991606941788,17.524451788516576],[77.64102260724344,17.52396831027881],[77.64003545843289,17.52491081181033]],[[77.64312680830609,17.52318163791613],[77.64432335798799,17.522585606381913],[77.64526509354094,17.52238222291362],[77.64312680830609,17.52318163791613]],[[77.64601849366998,17.522341493887225],[77.64678602428307,17.522354973269543],[77.64526509354094,17.52238222291362],[77.64601849366998,17.522341493887225]],[[77.64954063988395,17.522214631902067],[77.64985432571605,17.522197380778803],[77.64918653556501,17.522301153136276],[77.64954063988395,17.522214631902067]],[[77.65123266431284,17.522584604794222],[77.65230471578333,17.522417603972762],[77.65357471138637,17.52249954127503],[77.65123266431284,17.522584604794222]],[[77.65624121359238,17.522182143468864],[77.65652331627204,17.522217712096424],[77.6558551017407,17.522222859503895],[77.65624121359238,17.522182143468864]],[[77.65764914060055,17.522209039617323],[77.65859086663266,17.52205077084536],[77.6591465084301,17.522091342640007],[77.65764914060055,17.522209039617323]],[[77.65914696602142,17.522091598134494],[77.6596880707386,17.52239394797483],[77.6591465084301,17.522091342640007],[77.65914696602142,17.522091598134494]],[[77.66271564970769,17.521557637371973],[77.66396316070777,17.520016839615526],[77.664904821271,17.51961909763243],[77.66271564970769,17.521557637371973]],[[77.66706493407389,17.51418827500664],[77.66841108583581,17.51197427611733],[77.6686417193284,17.511608285777214],[77.66706493407389,17.51418827500664]],[[77.66908426272514,17.511368749384275],[77.67032719363152,17.51089411392472],[77.6686417193284,17.511608285777214],[77.66908426272514,17.511368749384275]],[[77.67181016032775,17.51005799298983],[77.67301536539911,17.509420707973877],[77.6741519568134,17.50913576678925],[77.67181016032775,17.51005799298983]],[[77.67545412636791,17.508620480171977],[77.67545543654931,17.508622441582837],[77.67538671964752,17.508649503083547],[77.67545412636791,17.508620480171977]],[[77.68196583600286,17.508505849090565],[77.68196990357403,17.508506319025283],[77.68093876413683,17.508668407161974],[77.68196583600286,17.508505849090565]],[[77.68281795698817,17.508166777123414],[77.68341592739198,17.508175644258912],[77.68246402055337,17.5083933250243],[77.68281795698817,17.508166777123414]],[[77.68341675401402,17.508175920147234],[77.6849698662971,17.508694747754582],[77.68341592739198,17.508175644258912],[77.68341675401402,17.508175920147234]],[[77.6849698662971,17.508694747754582],[77.68596821178572,17.509195931492734],[77.68680687239774,17.510912448267867],[77.6849698662971,17.508694747754582]],[[78.06299749321788,17.448968951015512],[78.06282425202785,17.450618094324312],[78.06089586685056,17.449021792858787],[78.06299749321788,17.448968951015512]],[[75.19942567796771,25.04298275908904],[75.16708103107923,25.0484141920109],[75.15499291427707,25.033991175740283],[75.19244105880031,25.033080464750658],[75.19942567796771,25.04298275908904]],[[76.74012586353565,17.899093783934386],[76.74010936963491,17.899158868360697],[76.74013150583583,17.899071518860122],[76.74012586353565,17.899093783934386]],[[76.74016639886337,17.898933831728527],[76.74014394760289,17.89902242361826],[76.74023140421242,17.89867731963267],[76.74016639886337,17.898933831728527]],[[76.74124646009103,17.89539866634432],[76.74124237819898,17.89542187560151],[76.74121379530845,17.89518804337027],[76.74124646009103,17.89539866634432]],[[76.74093409066751,17.89307426046458],[76.74094141401703,17.89316257884711],[76.74087961046438,17.89241726365928],[76.74093409066751,17.89307426046458]],[[76.74075990819567,17.891622263034137],[76.74086951692183,17.892295538728487],[76.74087961046438,17.89241726365928],[76.74075990819567,17.891622263034137]],[[76.74016874941864,17.88704817368232],[76.74034902496146,17.888759149088777],[76.74038393639098,17.889106710706912],[76.74016874941864,17.88704817368232]],[[76.73972027168479,17.884014290838714],[76.73978353090939,17.88434298898106],[76.73985119591065,17.884817348352367],[76.73972027168479,17.884014290838714]],[[76.73956186570744,17.883664564478842],[76.73961242109434,17.88367749483951],[76.73972027168479,17.884014290838714],[76.73956186570744,17.883664564478842]],[[76.73872079360731,17.876653647928443],[76.73883987771376,17.877520899376027],[76.73904980527146,17.879237321100298],[76.73872079360731,17.876653647928443]],[[76.73918773833478,17.87425178466091],[76.73925197931662,17.875184810441425],[76.73872079360731,17.876653647928443],[76.73918773833478,17.87425178466091]],[[76.7386604562442,17.87010609136415],[76.73876970766973,17.87083948507353],[76.73881747771607,17.87134065418162],[76.7386604562442,17.87010609136415]],[[76.73837713402595,17.864110905302674],[76.73848435109164,17.865508984437678],[76.73845958874547,17.8658556727557],[76.73837713402595,17.864110905302674]],[[76.73806591300885,17.86089138417821],[76.73831149015348,17.86325491151941],[76.73832832934622,17.863474501521946],[76.73806591300885,17.86089138417821]],[[76.7379320713105,17.859603215019096],[76.73796290961899,17.859900022491157],[76.73792617453101,17.859546463653555],[76.7379320713105,17.859603215019096]],[[76.73812398410021,17.858144278456773],[76.73810239422838,17.858277867878005],[76.73820075876671,17.857669225168106],[76.73812398410021,17.858144278456773]],[[76.74155090963463,17.85694385026473],[76.74037104508302,17.85684666382565],[76.7400437454991,17.85681970271071],[76.74155090963463,17.85694385026473]],[[76.7430161272109,17.857064528575794],[76.74232481308617,17.85700759183736],[76.74155090963463,17.85694385026473],[76.7430161272109,17.857064528575794]],[[76.74460685906791,17.85720053648308],[76.74383292713424,17.857134367431783],[76.74316177057761,17.857076981718226],[76.74460685906791,17.85720053648308]],[[76.74810190734814,17.857910749204965],[76.74772993137583,17.857822140694363],[76.748443865124,17.857992206071952],[76.74810190734814,17.857910749204965]],[[76.74933390081442,17.858203241410045],[76.74888245038045,17.85809667992346],[76.748443865124,17.857992206071952],[76.74933390081442,17.858203241410045]],[[76.75412444509342,17.857538287722807],[76.7514940338444,17.85813068597128],[76.74933390081442,17.858203241410045],[76.75412444509342,17.857538287722807]],[[76.75728106419591,17.85655315879761],[76.75570742047155,17.85712820564726],[76.75412444509342,17.857538287722807],[76.75728106419591,17.85655315879761]],[[76.75866278604883,17.856048567463915],[76.75797209875587,17.856300802048395],[76.75728106419591,17.85655315879761],[76.75866278604883,17.856048567463915]],[[76.76096632472999,17.854679335273424],[76.75922276898946,17.85588344828607],[76.75873204387082,17.856023275139204],[76.76096632472999,17.854679335273424]],[[76.76214780470787,17.853870142198875],[76.76180442503527,17.854093770127985],[76.76257365744503,17.853592800491665],[76.76214780470787,17.853870142198875]],[[76.76378429653005,17.852644798088026],[76.76294449084958,17.853302417472875],[76.76257365744503,17.853592800491665],[76.76378429653005,17.852644798088026]],[[76.76762991585068,17.85200370576554],[76.76749953162881,17.852127361942735],[76.76740045534189,17.852095662795325],[76.76762991585068,17.85200370576554]],[[76.76862750811922,17.851267360714246],[76.76861238484,17.851261021655624],[76.76871806012157,17.851184713824672],[76.76862750811922,17.851267360714246]],[[76.77410732023932,17.84617899732501],[76.77407418556217,17.846382222488185],[76.77351730670513,17.846711762568635],[76.77410732023932,17.84617899732501]],[[76.77657571549838,17.839541624758443],[76.77584687432044,17.84022631927339],[76.7774276391603,17.838663347187957],[76.77657571549838,17.839541624758443]],[[76.77811203058965,17.83793861800636],[76.77772855654945,17.838344694801307],[76.77854120014297,17.837458971988926],[76.77811203058965,17.83793861800636]],[[76.77879882242789,17.837123540313268],[76.77860293890916,17.83738997157452],[76.77885349018149,17.837028848065298],[76.77879882242789,17.837123540313268]],[[76.78400003598702,17.833796425432947],[76.78221966176757,17.83507650678831],[76.78104027286359,17.83537175217999],[76.78400003598702,17.833796425432947]],[[76.78690214263479,17.83324677360669],[76.78681961519659,17.83324672762105],[76.78699889869632,17.833199422841354],[76.78690214263479,17.83324677360669]],[[76.78745045336353,17.831008550819913],[76.7872210711837,17.832232725062536],[76.78704852996397,17.832980269769024],[76.78745045336353,17.831008550819913]],[[76.78862772818992,17.83008971173746],[76.78843174415721,17.830622758206804],[76.78759718722323,17.830057628926564],[76.78862772818992,17.83008971173746]],[[76.78880782875243,17.828427312699144],[76.78871048827361,17.829696723084304],[76.78862772818992,17.83008971173746],[76.78880782875243,17.828427312699144]],[[76.78893814228456,17.82719405856879],[76.78892378760945,17.82765935869062],[76.78880782875243,17.828427312699144],[76.78893814228456,17.82719405856879]],[[76.7898706944877,17.82511180171497],[76.79039367437103,17.826334109854898],[76.79022845960388,17.82652149431772],[76.7898706944877,17.82511180171497]],[[76.789369456574,17.82495404492657],[76.78984347835491,17.82511846978909],[76.78887883352014,17.825111877273578],[76.789369456574,17.82495404492657]],[[76.78874515840735,17.824774969596806],[76.78876927263443,17.82484291252203],[76.78867530954246,17.824578169623955],[76.78874515840735,17.824774969596806]],[[76.7853269792651,17.820058243619695],[76.78724596766425,17.822011915125387],[76.78829222727518,17.82379925436866],[76.7853269792651,17.820058243619695]],[[76.7840728360218,17.8181248106638],[76.78412922361903,17.818249335905264],[76.78413875098286,17.818312339145972],[76.7840728360218,17.8181248106638]],[[76.78394879719943,17.81787426108212],[76.78401463272229,17.81810558335037],[76.78336150062306,17.817889822806112],[76.78394879719943,17.81787426108212]],[[76.78236867336211,17.814772582429473],[76.7828803839633,17.816651515297764],[76.78286322339706,17.817857754555664],[76.78236867336211,17.814772582429473]],[[76.78243924172492,17.81240470858111],[76.78242257791207,17.812655404828817],[76.78239185113942,17.812915151392087],[76.78243924172492,17.81240470858111]],[[76.78231511313302,17.8121539792521],[76.78233160357217,17.812248831594154],[76.78223738470525,17.812045057867486],[76.78231511313302,17.8121539792521]],[[76.78221025406783,17.807607034467573],[76.78217250623044,17.807694241136893],[76.7823452527176,17.80729515163623],[76.78221025406783,17.807607034467573]],[[76.78146683940558,17.80537364541856],[76.78246134922098,17.806244864155772],[76.7823452527176,17.80729515163623],[76.78146683940558,17.80537364541856]],[[76.78027784934322,17.80292518730609],[76.78039510384659,17.803167698531585],[76.78000392634468,17.802677278952302],[76.78027784934322,17.80292518730609]],[[76.77761503943336,17.799682329323893],[76.77885183937813,17.800731584878626],[76.77897966159077,17.801393157326626],[76.77761503943336,17.799682329323893]],[[76.77654265287491,17.79866975023447],[76.77664129388941,17.798763768961695],[76.7765049078965,17.798635837898367],[76.77654265287491,17.79866975023447]],[[76.77589901088874,17.79838032250252],[76.77643649292708,17.798604276539706],[76.7765049078965,17.798635837898367],[76.77589901088874,17.79838032250252]],[[76.77385692075828,17.798372542311753],[76.77544395503872,17.798294272914266],[76.77589901088874,17.79838032250252],[76.77385692075828,17.798372542311753]],[[76.76800307759973,17.79846766887019],[76.77046134319274,17.79840227092482],[76.77286565541037,17.798388650645798],[76.76800307759973,17.79846766887019]],[[76.76633833480457,17.79609653749696],[76.76646676884538,17.798197294702028],[76.76614386136474,17.794081542367444],[76.76633833480457,17.79609653749696]],[[76.76544973058506,17.79189149533587],[76.76590217831435,17.79223812259424],[76.76614386136474,17.794081542367444],[76.76544973058506,17.79189149533587]],[[76.76245512018562,17.788789607703194],[76.76457668337466,17.78910353617088],[76.7648857176919,17.79175383240037],[76.76245512018562,17.788789607703194]],[[76.75841903007087,17.78708708861538],[76.76203848097681,17.787017029033183],[76.76209979608163,17.788774588624435],[76.75841903007087,17.78708708861538]],[[76.75091070106006,17.78705303267829],[76.75132874830659,17.78705334894353],[76.75142999704369,17.78705887091275],[76.75091070106006,17.78705303267829]],[[76.75085400337478,17.785626477530162],[76.75090038193672,17.786692601401462],[76.75091070106006,17.78705303267829],[76.75085400337478,17.785626477530162]],[[76.75086144398968,17.785084315492107],[76.7508584858966,17.785299878241645],[76.7508616191239,17.784801976565856],[76.75086144398968,17.785084315492107]],[[76.74818338808109,17.784361424604334],[76.75073633872437,17.784550039638876],[76.75073628327978,17.78462866466256],[76.74818338808109,17.784361424604334]],[[76.74652337285968,17.784286561925352],[76.74756189875664,17.784348784849808],[76.74441543324743,17.784284792517038],[76.74652337285968,17.784286561925352]],[[76.74254736627351,17.78390223477336],[76.74249846163251,17.784087379920283],[76.74256888773326,17.78382075597004],[76.74254736627351,17.78390223477336]],[[76.74374500464516,17.783061906118178],[76.743473659117,17.783230805566422],[76.74338391550309,17.78328666635801],[76.74374500464516,17.783061906118178]],[[76.74414306827988,17.782540428681973],[76.74397291761863,17.782920040786035],[76.74374500464516,17.783061906118178],[76.74414306827988,17.782540428681973]],[[76.74446363045645,17.781279625767556],[76.74433964925106,17.78210184907239],[76.74414306827988,17.782540428681973],[76.74446363045645,17.781279625767556]],[[76.74386243303903,17.779853378937833],[76.74433725296362,17.780339992962002],[76.74444143322185,17.78111458339219],[76.74386243303903,17.779853378937833]],[[76.73944228093697,17.78051997711228],[76.74064577327611,17.779464344599507],[76.74386243303903,17.779853378937833],[76.73944228093697,17.78051997711228]],[[76.73584537960309,17.78068871055255],[76.73696432247009,17.78053500815739],[76.73815161632025,17.7805830733859],[76.73584537960309,17.78068871055255]],[[76.73008796940722,17.783561184920664],[76.7298699434851,17.78274353753616],[76.73218204363417,17.78231028805097],[76.73008796940722,17.783561184920664]],[[76.72670871770288,17.785177771799724],[76.72892876562801,17.78425363620061],[76.72653053119906,17.785254518024853],[76.72670871770288,17.785177771799724]],[[76.71798058156179,17.78562121371627],[76.72008091712358,17.787218267361663],[76.72094014020426,17.788057589432835],[76.71798058156179,17.78562121371627]],[[76.71690070027871,17.783679564655163],[76.71752178077757,17.784700143580867],[76.71778459837749,17.78526883186489],[76.71690070027871,17.783679564655163]],[[76.71568441767015,17.78218115966238],[76.71636421309687,17.782808454904966],[76.7151685191176,17.781828362884934],[76.71568441767015,17.78218115966238]],[[76.71397841066373,17.778995282270717],[76.71408252693429,17.780216926696202],[76.71408553148483,17.780462899621657],[76.71397841066373,17.778995282270717]],[[76.7138928231352,17.7779103459997],[76.71393848779559,17.778241928079503],[76.71378192031688,17.77751462756341],[76.7138928231352,17.7779103459997]],[[76.71334359771843,17.77633129634336],[76.71369236982986,17.77719509808402],[76.71378192031688,17.77751462756341],[76.71334359771843,17.77633129634336]],[[76.712893001736,17.775113311226814],[76.71290913341255,17.77515838128265],[76.71283594109345,17.775006878116578],[76.712893001736,17.775113311226814]],[[76.71234687242315,17.77407867214177],[76.71276628764912,17.774860968731886],[76.71276867785723,17.774867647752387],[76.71234687242315,17.77407867214177]],[[76.71308615876792,17.772466584948038],[76.71277237253868,17.772764189772708],[76.71214250500711,17.773132467936918],[76.71308615876792,17.772466584948038]],[[76.7140033658839,17.77191769998217],[76.71363366119735,17.77212863443519],[76.7135255702748,17.772190304740125],[76.7140033658839,17.77191769998217]],[[76.71529104891657,17.771422472301108],[76.71525259391031,17.77143399278007],[76.71537839067182,17.771396305769088],[76.71529104891657,17.771422472301108]],[[76.71525259391031,17.77143399278007],[76.71477532997133,17.771576975231365],[76.71455667480387,17.771642480564662],[76.71525259391031,17.77143399278007]],[[76.71588576244093,17.771244302144407],[76.71553563771985,17.77134919688426],[76.71537839067182,17.771396305769088],[76.71588576244093,17.771244302144407]],[[76.71613248378209,17.77117038610927],[76.71612376130014,17.77117299912847],[76.7161349447159,17.771169484357294],[76.71613248378209,17.77117038610927]],[[76.71644727581125,17.7710550959466],[76.71639515378207,17.771074185407986],[76.71638618185567,17.77107747101667],[76.71644727581125,17.7710550959466]],[[76.71654745469786,17.771018405895582],[76.71654025832537,17.7710210414483],[76.71656356357934,17.77101250574589],[76.71654745469786,17.771018405895582]],[[76.71705464898658,17.770832648214707],[76.71704593416491,17.77083583989548],[76.71706782885735,17.770827820773864],[76.71705464898658,17.770832648214707]],[[76.71711057000775,17.77081216684028],[76.71710184345315,17.77081536310897],[76.71706782885735,17.770827820773864],[76.71711057000775,17.77081216684028]],[[76.71782966182839,17.770549289554662],[76.71782945162843,17.770549359090133],[76.71783088668457,17.770548881724746],[76.71782966182839,17.770549289554662]],[[76.71783601151353,17.770547176971945],[76.71783391038058,17.77054787601229],[76.7178331177566,17.770548139651243],[76.71783601151353,17.770547176971945]],[[76.71783990809449,17.77054588111822],[76.71783817916346,17.770546456506676],[76.71783689573186,17.77054688330391],[76.71783990809449,17.77054588111822]],[[76.7178419262812,17.770545210467173],[76.71784083088477,17.770545574565336],[76.71783990809449,17.77054588111822],[76.7178419262812,17.770545210467173]],[[76.71784547764939,17.77054402970378],[76.71784309977731,17.770544820620724],[76.7178419262812,17.770545210467173],[76.71784547764939,17.77054402970378]],[[76.71784852278127,17.77054301725265],[76.71784741002205,17.77054338737803],[76.71784547764939,17.77054402970378],[76.71784852278127,17.77054301725265]],[[76.71785293429086,17.77054154961468],[76.71785027870155,17.77054243330272],[76.71784852278127,17.77054301725265],[76.71785293429086,17.77054154961468]],[[76.71786841843658,17.77053639873944],[76.7178657946608,17.770537272141084],[76.71786360675814,17.770537999485853],[76.71786841843658,17.77053639873944]],[[76.71788933234244,17.770529441894855],[76.71788674907283,17.770530301538866],[76.71788614159397,17.770530503330647],[76.71788933234244,17.770529441894855]],[[76.71789892001605,17.77052625243323],[76.71789783522432,17.770526613102916],[76.71789943424517,17.770526081108837],[76.71789892001605,17.77052625243323]],[[76.71792057930031,17.770519047385548],[76.71791979454788,17.770519308266458],[76.71792107513718,17.77051888225384],[76.71792057930031,17.770519047385548]],[[76.71792542946544,17.77051743370294],[76.7179236003321,17.77051804264255],[76.71792290516387,17.770518273460322],[76.71792542946544,17.77051743370294]],[[76.71792944666824,17.770516097516705],[76.71792877432507,17.770516320971158],[76.71793042443682,17.770515772029807],[76.71792944666824,17.770516097516705]],[[76.7179366612934,17.77051369724566],[76.7179356233411,17.77051404264663],[76.71793717139768,17.770513527186534],[76.7179366612934,17.77051369724566]],[[76.71794433300015,17.77051114405957],[76.7179398877227,17.77051262377584],[76.71793717139768,17.770513527186534],[76.71794433300015,17.77051114405957]],[[76.71794753628627,17.77051007832046],[76.71794670220352,17.770510355635224],[76.71794958728579,17.770509395570926],[76.71794753628627,17.77051007832046]],[[76.71795399301294,17.770507929633816],[76.71795255722886,17.77050840709836],[76.71795870151232,17.77050636323712],[76.71795399301294,17.770507929633816]],[[76.71797189546592,17.770501974170408],[76.71796519291983,17.770504204327427],[76.7179625633874,17.77050507851867],[76.71797189546592,17.770501974170408]],[[76.71798615023413,17.770497231943512],[76.71798337508483,17.77049815511908],[76.71799046821222,17.770495795203974],[76.71798615023413,17.770497231943512]],[[76.71803738732233,17.770480187081827],[76.71803470185603,17.770481080186382],[76.71804207683242,17.77047862708481],[76.71803738732233,17.770480187081827]],[[76.71810377587407,17.7704581011765],[76.7181027836557,17.77045843092386],[76.7181152698743,17.77045427795494],[76.71810377587407,17.7704581011765]],[[76.71812521283987,17.77045097031147],[76.71811627463117,17.770453943905434],[76.7181152698743,17.77045427795494],[76.71812521283987,17.77045097031147]],[[76.71814052293871,17.77044587747465],[76.71813524617235,17.770447632606395],[76.71815162877365,17.770442182742983],[76.71814052293871,17.77044587747465]],[[76.7181878942489,17.770430119031428],[76.71817699906039,17.77043374302118],[76.718199935964,17.77042611283717],[76.7181878942489,17.770430119031428]],[[76.71820929683744,17.770422999046755],[76.71820078354312,17.77042583117885],[76.718199935964,17.77042611283717],[76.71820929683744,17.770422999046755]],[[76.71823377383124,17.770414856952794],[76.71822533365645,17.770417664253134],[76.71823431181636,17.770414677542334],[76.71823377383124,17.770414856952794]],[[76.7182774072907,17.77040034066563],[76.71825687177405,17.77040717262201],[76.71825627899773,17.77040736966871],[76.7182774072907,17.77040034066563]],[[76.71834535825512,17.770377734601873],[76.71831042014371,17.770389358169687],[76.71830137141599,17.770392368232148],[76.71834535825512,17.770377734601873]],[[76.71836757194693,17.770370344841083],[76.7183630269071,17.77037185669241],[76.71837337969856,17.770368412582975],[76.71836757194693,17.770370344841083]],[[76.71842911495584,17.770349871631108],[76.71841112666786,17.77035585557339],[76.7184346594619,17.770348026967415],[76.71842911495584,17.770349871631108]],[[76.71848586653539,17.770330992283196],[76.71847240737567,17.770335469963882],[76.7184346594619,17.770348026967415],[76.71848586653539,17.770330992283196]],[[76.7186194011744,17.770286570293347],[76.718612624357,17.77028882458045],[76.7186426890195,17.770278823246155],[76.7186194011744,17.770286570293347]],[[76.71868804850621,17.77026366580663],[76.71867981398927,17.77026647313977],[76.71865179645646,17.77027579346884],[76.71868804850621,17.77026366580663]],[[76.71886160004723,17.77019415601873],[76.71872120956304,17.77025038506033],[76.71868804850621,17.77026366580663],[76.71886160004723,17.77019415601873]],[[76.71909255751189,17.77010165455279],[76.71907516907112,17.770108618752165],[76.71910486306176,17.770096725763953],[76.71909255751189,17.77010165455279]],[[76.71947882432555,17.769946946674796],[76.719368167454,17.769991267726223],[76.7192563640527,17.77003604697147],[76.71947882432555,17.769946946674796]],[[76.71976071266552,17.76987178607058],[76.71973401998085,17.769878902905464],[76.71991982039556,17.769829362150727],[76.71976071266552,17.76987178607058]],[[76.72047166897747,17.769682218353417],[76.72043676456968,17.769691525600653],[76.7204827842483,17.76967925433037],[76.72047166897747,17.769682218353417]],[[76.72107196186181,17.769497589341984],[76.7210720161877,17.76949791220692],[76.72105949685945,17.769423704485067],[76.72107196186181,17.769497589341984]],[[76.72066357191561,17.76707686605775],[76.72073374540602,17.76749282099151],[76.72081599672383,17.767980369041496],[76.72066357191561,17.76707686605775]],[[76.72002014324245,17.763943452915058],[76.72024861267226,17.765054313252428],[76.7203539450838,17.765567719821245],[76.72002014324245,17.763943452915058]],[[76.71954870019358,17.761660947397385],[76.71966108242206,17.762205057281342],[76.71953946879161,17.761616253957992],[76.71954870019358,17.761660947397385]],[[76.71917589359148,17.759630027307118],[76.71942022202501,17.76045988578328],[76.71953946879161,17.761616253957992],[76.71917589359148,17.759630027307118]],[[76.71840028341016,17.755927709323146],[76.7184010506822,17.755943393631426],[76.71839506502572,17.755821086806716],[76.71840028341016,17.755927709323146]],[[76.71831454821766,17.753156747721277],[76.71832770577274,17.75335581769441],[76.71832809483948,17.753438233356107],[76.71831454821766,17.753156747721277]],[[76.7221232326744,17.751711280406155],[76.72170116706681,17.75183315930514],[76.72227400884339,17.751667740769967],[76.7221232326744,17.751711280406155]],[[76.72262992831548,17.75157693220404],[76.72231383726017,17.75165623958651],[76.72276523524883,17.751542983396796],[76.72262992831548,17.75157693220404]],[[76.72350193815419,17.75134715365052],[76.72330834725027,17.751406713043437],[76.72276523524883,17.751542983396796],[76.72350193815419,17.75134715365052]],[[76.72411900459743,17.75115730955723],[76.72389673506665,17.751225692997583],[76.7236465447247,17.751302664957844],[76.72411900459743,17.75115730955723]],[[76.72432731193689,17.751140653037883],[76.72423109779146,17.751148346348096],[76.72451376688696,17.75112574343866],[76.72432731193689,17.751140653037883]],[[76.72451376688696,17.75112574343866],[76.72480614418286,17.751099723814352],[76.72480729496895,17.751102272195098],[76.72451376688696,17.75112574343866]],[[76.72419115650355,17.747596610832893],[76.72403579973906,17.747958109828723],[76.72421705558179,17.747516592603585],[76.72419115650355,17.747596610832893]],[[76.72452050336719,17.746691163280683],[76.72451702121663,17.746699057063072],[76.72462436813758,17.74645568808478],[76.72452050336719,17.746691163280683]],[[76.72480331659828,17.746091922964013],[76.72477667526165,17.746146079709867],[76.72476867506555,17.746162342018142],[76.72480331659828,17.746091922964013]],[[76.72555911995433,17.744912824327194],[76.72538739549165,17.74522425997444],[76.72529445670745,17.745357321420364],[76.72555911995433,17.744912824327194]],[[76.72567596090367,17.744675347346593],[76.72564408213599,17.744758738174667],[76.72555911995433,17.744912824327194],[76.72567596090367,17.744675347346593]],[[76.72606315006975,17.743739812045426],[76.7259359927384,17.74399513598428],[76.72629151479728,17.7432495166507],[76.72606315006975,17.743739812045426]],[[76.72665318869039,17.74268031869565],[76.72648462743405,17.74295357268081],[76.72629151479728,17.7432495166507],[76.72665318869039,17.74268031869565]],[[76.72673967762637,17.742426129045754],[76.72672102807817,17.742565438439353],[76.72665318869039,17.74268031869565],[76.72673967762637,17.742426129045754]],[[76.72764167619553,17.739384680721113],[76.7274942383577,17.739851625335458],[76.7276989609449,17.73920325377653],[76.72764167619553,17.739384680721113]],[[76.72702477951617,17.736932523166463],[76.72814467986024,17.73730697522462],[76.72804250612744,17.73818434122559],[76.72702477951617,17.736932523166463]],[[76.71665708709473,17.73377624490872],[76.71785122366603,17.734129114649924],[76.71871687730946,17.73442749541823],[76.71665708709473,17.73377624490872]],[[76.71411448558189,17.733087150510134],[76.71482653916757,17.7333059593632],[76.71360052079046,17.732929308486042],[76.71411448558189,17.733087150510134]],[[76.71106140958881,17.732006512397316],[76.71163188434123,17.73208975130741],[76.71200499413625,17.73239629549253],[76.71106140958881,17.732006512397316]],[[76.70645710909338,17.7303525834508],[76.70667507962929,17.730477365391046],[76.70626373570556,17.730271273348954],[76.70645710909338,17.7303525834508]],[[76.70473122594744,17.729298353913784],[76.70529932277528,17.72960763448769],[76.70567903970202,17.729874017569273],[76.70473122594744,17.729298353913784]],[[76.7044246798775,17.72920359730604],[76.70454723930145,17.729271318261606],[76.7041252243148,17.72904558631654],[76.7044246798775,17.72920359730604]],[[76.70202228868575,17.728239911958582],[76.70278374457513,17.728411320354326],[76.7041252243148,17.72904558631654],[76.70202228868575,17.728239911958582]],[[76.70046026445678,17.728025935462227],[76.70128907002778,17.72795788651562],[76.70186679570797,17.728169983910313],[76.70046026445678,17.728025935462227]],[[76.70178279281419,17.725241525072494],[76.70090630669215,17.725953407562784],[76.70038543751348,17.72622692325124],[76.70178279281419,17.725241525072494]],[[76.70435529331142,17.722109725783227],[76.70432746142309,17.72301334794265],[76.70399288992698,17.723388412313334],[76.70435529331142,17.722109725783227]],[[76.7039056671215,17.717818125753652],[76.70395558934442,17.718748778539183],[76.70397462613674,17.719335315124926],[76.7039056671215,17.717818125753652]],[[76.70371299135513,17.716434096795428],[76.70383227994793,17.717172071802498],[76.7039056671215,17.717818125753652],[76.70371299135513,17.716434096795428]],[[76.70362206687736,17.715542669712253],[76.70365133165588,17.71580239644511],[76.70348972940594,17.71514375715651],[76.70362206687736,17.715542669712253]],[[76.70295527309555,17.712758741128056],[76.70334566701955,17.71446623916215],[76.70348972940594,17.71514375715651],[76.70295527309555,17.712758741128056]],[[76.70222709266696,17.711049019637855],[76.70293483642307,17.712668266920655],[76.70295527309555,17.712758741128056],[76.70222709266696,17.711049019637855]],[[76.70210002415678,17.710794169489077],[76.70217745509677,17.710975072859927],[76.70207678877472,17.710759559024865],[76.70210002415678,17.710794169489077]],[[76.70196590491253,17.7105312326879],[76.70203362070086,17.710631140428287],[76.70207678877472,17.710759559024865],[76.70196590491253,17.7105312326879]],[[76.70190649399791,17.71037627706533],[76.70194216937654,17.710482357694882],[76.7018505969141,17.710293796397476],[76.70190649399791,17.71037627706533]],[[76.70125666332682,17.709070798950346],[76.70143452617495,17.70932577750007],[76.70157747405715,17.709731395880066],[76.70125666332682,17.709070798950346]],[[76.70078651572732,17.709125238328483],[76.70097972958753,17.7090709313321],[76.70125666332682,17.709070798950346],[76.70078651572732,17.709125238328483]],[[76.69818663726599,17.70861332966486],[76.6982282399856,17.708631613712644],[76.69758549190564,17.70845549419578],[76.69818663726599,17.70861332966486]],[[76.69626560446257,17.708257118621315],[76.69698316929839,17.708390420154803],[76.69575180205246,17.708257385064215],[76.69626560446257,17.708257118621315]],[[76.69417750957969,17.69568032071807],[76.69404722138334,17.695941118333533],[76.69398908144778,17.69554693477454],[76.69417750957969,17.69568032071807]],[[76.6939268473972,17.695337594111777],[76.69405007614107,17.695424836752895],[76.69398908144778,17.69554693477454],[76.6939268473972,17.695337594111777]],[[76.69196451703363,17.688736777758493],[76.69327840275237,17.692222353324567],[76.69356166680919,17.694109212774002],[76.69196451703363,17.688736777758493]],[[76.6918700110785,17.688510954240503],[76.6919076210947,17.68860082338108],[76.69196451703363,17.688736777758493],[76.6918700110785,17.688510954240503]],[[76.6915989188624,17.68826477450969],[76.69182786971582,17.688472685207802],[76.6918700110785,17.688510954240503],[76.6915989188624,17.68826477450969]],[[76.49861303100461,16.720490485240468],[76.4247594806542,16.694021956625875],[76.40277904995973,16.64003391662538],[76.43411829614745,16.51873766354992],[76.43496031895248,16.435750894044368],[76.33195921447488,16.427157118762302],[76.3319877284178,16.396908517165077],[76.3097406011288,16.39621547683951],[76.30467280653494,16.380593753075676],[76.31415796650963,16.34589031694659],[76.29199912076679,16.334900506510383],[76.29973249605436,16.28328281249181],[76.34788795207572,16.277631213523033],[76.35256231306603,16.234613641018846],[76.33319553371243,16.191937649914177],[76.47685936105609,16.290812910724892],[76.64611316261214,16.355917280173866],[76.7551217149401,16.425227192085853],[76.84440964422494,16.432066059505654],[76.87263854411265,16.49036611740157],[76.9739417569028,16.510872209619762],[76.9652568822381,16.54444735879148],[76.97727955397916,16.561148023722293],[77.00707740317611,16.54830017154174],[77.01007542320491,16.503051065888453],[77.059363325383,16.5186460122366],[77.15314194854,16.47476822397365],[77.17376709851403,16.43016977949349],[77.2882110210002,16.408701572800492],[77.23576101892733,16.472743948680705],[77.29410427260721,16.476715558557792],[77.29883936930527,16.496129958198054],[77.3690127889651,16.488671381056065],[77.3814373914201,16.515710893972322],[77.4168862659749,16.51729989047102],[77.41901714099235,16.54892443018558],[77.39287453023053,16.569974416713517],[77.46465788094511,16.59089417633353],[77.46779659288255,16.60975636096248],[77.45359601642629,16.616168859333396],[77.4761106733518,16.650107109947896],[77.444133368669,16.63924203500004],[77.41886044332514,16.66857230720244],[77.4699614066066,16.68773481166757],[77.47404962743076,16.716558831487678],[77.43912778122134,16.711692580864526],[77.42694689510797,16.72850340978994],[77.4377203475625,16.78336793893317],[77.47650134938388,16.788368064395115],[77.45760678701119,16.828235131826414],[77.46035704399524,16.884750924453115],[77.40974656650786,16.87354442465952],[77.40597224507194,16.901842256415243],[77.3885070815972,16.891206725312173],[77.35044066679521,16.907709333731276],[77.34112595390405,16.93455442453384],[77.26207187123515,16.927999900922778],[77.2112894862146,16.944482547298648],[77.10599467781114,16.902433182355736],[77.08226648468705,16.940694764404174],[77.06855329011454,16.932293144671398],[77.066436863185,16.954066485955835],[77.04124067002914,16.923000007198212],[77.01992026265985,16.927525964846],[77.01760035365821,16.898970880592124],[77.04185326846311,16.868383052536917],[76.97960184236396,16.859615201510582],[76.99531668752581,16.837503983271024],[76.99045082587142,16.811866450372023],[76.92860835862345,16.831881550011616],[76.90947383384687,16.817981790342415],[76.90206948708739,16.853335037109417],[76.92128257257497,16.86999273354306],[76.90242823455074,16.8934469857379],[76.87053796298757,16.896478084212205],[76.84345691788386,16.867202165173396],[76.81689635083728,16.87402537900166],[76.78906843589118,16.83750313461464],[76.75897463831821,16.845346065442104],[76.7453651901712,16.778122481964015],[76.70900803387985,16.780529996552815],[76.70923610378576,16.79261878614501],[76.67948334277946,16.78479253882681],[76.6758353904343,16.765533067659756],[76.65316894559335,16.755800054783716],[76.65927764223304,16.72555891113917],[76.62270821688267,16.742228679743974],[76.62377885354371,16.765192763366056],[76.5998189373865,16.767106368448058],[76.51619662845869,16.750807896974457],[76.49861303100461,16.720490485240468]],[[76.2384653744506,16.165192987647366],[76.1336547412977,16.182218762970546],[76.07118750708366,16.20915186341029],[76.05983139129924,16.226529015600605],[76.0702987757542,16.254336910057432],[76.02510051683187,16.30077368064596],[75.95192030768742,16.298596608117798],[75.81324386766569,16.370424028354595],[75.71899148556315,16.38969478720873],[75.63097540511616,16.44501927412127],[75.60141528351392,16.44750986354403],[75.57314843644504,16.411744814819755],[75.54791158936708,16.46146956540805],[75.52653159123953,16.465032894610037],[75.49936715546724,16.4540265112881],[75.49446183985856,16.423134542804917],[75.44797132873357,16.41506259567211],[75.43249271242524,16.43737607811136],[75.46517307793084,16.472586222694545],[75.45615032735239,16.5057034403334],[75.48538803586263,16.507422861862118],[75.48813224581521,16.554775761636332],[75.47239027480099,16.56365286503669],[75.49296583066543,16.59314349213112],[75.46202137079067,16.62259605282298],[75.43756927012562,16.697850839627414],[75.48806414592649,16.694537903873595],[75.49252534972686,16.74592574919796],[75.4271526893808,16.767900879477807],[75.3665008549674,16.75982387503808],[75.36251135953451,16.714327620895084],[75.28788731216841,16.71435846551682],[75.26460513917044,16.69161583968936],[75.25985617731524,16.607354521522304],[75.21718387250738,16.614898598742386],[75.16673556338367,16.596009270726576],[75.15825259017596,16.528878264088835],[75.10927443649594,16.506866569431306],[75.0716377980926,16.566667400205905],[75.06731302477338,16.539059678823612],[75.00730983221814,16.53819700464046],[74.98825616833054,16.500378117597858],[74.98847530729243,16.453342509372245],[75.01572579509113,16.458574143035797],[75.02820636452589,16.433004303023857],[75.07739042883316,16.437616604806443],[75.07173580168049,16.403958187167053],[75.03441868820383,16.3849541134282],[75.04365593827252,16.319587451403482],[75.13113409234059,16.330997088243926],[75.12960329344193,16.28696299583319],[75.23413262337625,16.259627820795103],[75.2323817796086,16.209638732335087],[75.28670813896295,16.20022401598801],[75.27574413862872,16.120412191343622],[75.32766672621183,16.115452465016897],[75.35378142891939,16.12806515429803],[75.3555300950467,16.115126956409426],[75.40018922864607,16.113356993209933],[75.41213258290858,16.1302744737839],[75.41531312386296,16.115004805007942],[75.43606525997897,16.11168553460228],[75.41602936179424,16.053167305005843],[75.43893847705802,16.00412911823228],[75.42482880237903,15.921823213184162],[75.4406819271288,15.918253984894276],[75.44426923083346,15.886896651744506],[75.49579751840885,15.872976599567279],[75.52918658166064,15.835410870843448],[75.61950161143247,15.821939490848154],[75.62072628906654,15.835965686065892],[75.64388441135152,15.841751532135929],[75.65552159724096,15.82791879972886],[75.67066086672197,15.837311202914062],[75.67478441607041,15.822991218547266],[75.7796771910423,15.817330165548759],[75.78021315101695,15.853216837778335],[75.84253612018549,15.837327095498514],[75.84957704282715,15.86089648792089],[75.82781698483262,15.866226503267093],[75.82760408282911,15.900269968312712],[75.78354150052364,15.898568263058252],[75.77713366927856,15.919123897741043],[75.8554473119642,15.934304038196757],[75.91397820312993,15.912633569461185],[75.92842595712293,15.875189976787958],[75.9745158723679,15.861829670811403],[75.97372194360001,15.986147144348825],[75.98948632771011,16.00481156626377],[76.02316695858752,16.008757793746963],[76.08009849229413,16.009999461166355],[76.0584756190388,15.905998212857419],[76.11728454004509,15.886021621224009],[76.20035010436524,15.943944497885026],[76.28538388735936,15.902580301975279],[76.28566638361153,15.930316375267738],[76.3286019342028,15.932263851039144],[76.29647650604579,15.992264515411502],[76.31166232731408,16.00005480069769],[76.30388121285601,16.073502602395795],[76.2603566534941,16.073954477284566],[76.25883489751796,16.091171910742162],[76.32753550805174,16.077472384049532],[76.33250507532495,16.09129704549908],[76.26782101483214,16.10970759508879],[76.25578516919336,16.097359570231028],[76.23427577017544,16.130508359518426],[76.2384653744506,16.165192987647366]],[[76.81235574620649,15.546304929811393],[76.81096348251322,15.5151283822288],[76.78258704332143,15.493415210407077],[76.71817778172293,15.491482236858936],[76.66287740049049,15.447292506909516],[76.61217656902187,15.443657453481961],[76.54060391823097,15.381297275173333],[76.5579426479835,15.3670341196922],[76.55215826223336,15.349354160799658],[76.57571301580053,15.347805043421221],[76.5935772630829,15.324330901204519],[76.58075786286061,15.311081251734848],[76.6173446909049,15.315344749179118],[76.61792639506714,15.30289063485889],[76.58257623113846,15.293904094465958],[76.6009608764794,15.279409299385902],[76.58278049316463,15.256882819879658],[76.61578352935801,15.284895179045892],[76.65474779803593,15.27408206514528],[76.65660605712029,15.262837006729674],[76.63162442751228,15.260350341239786],[76.64195920088683,15.239123095232536],[76.61521267009331,15.200294143758404],[76.57346292424377,15.192866602712176],[76.56335906226943,15.205559247484066],[76.57761452460012,15.207387759748219],[76.54561137787712,15.223852540973459],[76.55471966629271,15.21503811897077],[76.53898961675361,15.186700997554986],[76.489793325725,15.183023572579058],[76.4927929169679,15.212817095966722],[76.43267970560726,15.232236313648004],[76.42654615560609,15.208532374798521],[76.39656864233766,15.192547948325148],[76.42327649873484,15.137839720185745],[76.39754747084476,15.125963564988101],[76.44103777091408,15.12232508294189],[76.43523871813983,15.107714205942813],[76.4746854241177,15.042038460106566],[76.43937896787847,15.039981276628751],[76.39359464556095,15.063519041705838],[76.40600226793927,15.02972428451841],[76.37722847412428,15.02159946049855],[76.36126957714588,14.986020524141408],[76.37673595704908,14.983656303526306],[76.37516988292907,14.95713861099196],[76.4070332299138,14.9520712756657],[76.39803223169503,14.93285162891028],[76.47061794760143,14.92740577938678],[76.45250651936601,14.912257741647698],[76.48138145641505,14.859042431768945],[76.54196917237934,14.88131021398816],[76.58603125733424,14.859234434819797],[76.59432506310647,14.881626512487633],[76.67758121729177,14.894682191593583],[76.65944103435359,14.942108204275474],[76.6986206500682,14.927458674449891],[76.71709032871863,14.967373413654142],[76.68960852047962,14.978155284218067],[76.67152054208833,15.019320580844854],[76.72958768057357,15.033147604424776],[76.73423403801918,14.985368998560896],[76.77237608255277,14.990835295477813],[76.79013024678882,15.02071473977207],[76.77669378481878,15.078400631596631],[76.80023501245893,15.09583206206143],[76.86588508500708,15.059684568173623],[76.877162730434,15.030207564741904],[76.91836590775335,15.035523045696172],[76.98522220159718,15.015188754279793],[77.00407818136267,15.033832919144276],[77.04956248978945,15.033076094113367],[77.04411746859769,15.009842723568147],[77.07203764669457,15.004586939287902],[77.08474759606007,15.030708691774377],[77.11950347896519,15.045692764726288],[77.13011985281146,15.100768507838522],[77.15731464968394,15.1288827640909],[77.13472114358652,15.14829278819449],[77.16913361263116,15.171348618509235],[77.15481776080827,15.21482142905846],[77.12512039642286,15.22693932196291],[77.1262710236405,15.24001682203467],[77.16693103150442,15.268584178371967],[77.1471355235232,15.272921429513037],[77.15157756033477,15.292434961072857],[77.1183751944317,15.294850565495079],[77.11310098284201,15.333678202455125],[77.06372732342051,15.328018269837203],[77.04182891432244,15.36192224134656],[77.04724841089752,15.390021923350378],[77.02922859688131,15.404360258812373],[77.03352799313029,15.432889193165988],[76.97383655762304,15.499526525302757],[76.97453080363009,15.510506497715793],[77.03003982431598,15.502647875720228],[77.03043236678045,15.634492665774047],[77.08318943033707,15.659145353179094],[77.12142316890957,15.63108486592132],[77.12888367569485,15.665864694249407],[77.0786939081483,15.69514403204592],[77.07968872216838,15.727510814107982],[77.04594479591313,15.740355934073277],[77.0671724220834,15.787735582644375],[77.06520453504413,15.828193943543381],[77.02442325278095,15.837639935963393],[76.94038973654584,15.761754033039093],[76.90858030190982,15.693238639644614],[76.82904470588456,15.619371509052089],[76.83403453770974,15.5664219399756],[76.81235574620649,15.546304929811393]],[[77.0259142488918,14.174872506963162],[77.02255051325771,14.17763871077027],[77.02239268833459,14.177238658152655],[77.0259142488918,14.174872506963162]],[[76.9460678255967,14.090862824224065],[76.94685552461497,14.091273325731239],[76.94718256045347,14.09145218705999],[76.9460678255967,14.090862824224065]],[[76.94544936121788,14.09054577668865],[76.94572933561557,14.090689314689484],[76.94511947734769,14.090380530564113],[76.94544936121788,14.09054577668865]],[[76.94416676630969,14.0898966204416],[76.94460195705695,14.09011790906001],[76.9437695200598,14.0896946981266],[76.94416676630969,14.0898966204416]],[[76.94274304540455,14.089173207030242],[76.94338065992434,14.089497091375481],[76.9437695200598,14.0896946981266],[76.94274304540455,14.089173207030242]],[[76.94194317531873,14.088371395746897],[76.942092154177,14.08852070856947],[76.94274304540455,14.089173207030242],[76.94194317531873,14.088371395746897]],[[76.94098049559902,14.08740688493782],[76.94167767480094,14.088105327929522],[76.94194317531873,14.088371395746897],[76.94098049559902,14.08740688493782]],[[76.93787341868882,14.08532993443528],[76.940289785319,14.086715288291467],[76.94098049559902,14.08740688493782],[76.93787341868882,14.08532993443528]],[[76.93172896178618,14.080461869287761],[76.93299982116567,14.081534116778007],[76.93358777128978,14.082144172325357],[76.93172896178618,14.080461869287761]],[[76.92919272509529,14.078492157667199],[76.9304139718693,14.079426215255786],[76.93172896178618,14.080461869287761],[76.92919272509529,14.078492157667199]],[[76.92532743841838,14.070498569422918],[76.9253553867376,14.070586637417016],[76.92510067089442,14.069802301167204],[76.92532743841838,14.070498569422918]],[[76.9241340285175,14.065036736667837],[76.92416759538528,14.06536968471506],[76.92403506533672,14.064424735452883],[76.9241340285175,14.065036736667837]],[[76.92289834704762,14.056637348515022],[76.92295575725905,14.056624148962472],[76.92285710908463,14.056654791622488],[76.92289834704762,14.056637348515022]],[[76.92278733700998,14.05655281471599],[76.92284437062791,14.05654005601994],[76.92285710908463,14.056654791622488],[76.92278733700998,14.05655281471599]],[[76.92097460388801,14.057304767322927],[76.92118099834042,14.057219813629372],[76.92038741682748,14.057621253808188],[76.92097460388801,14.057304767322927]],[[76.9163596523642,14.059995781864066],[76.91620764449638,14.059830665440288],[76.91705898824938,14.05922068690482],[76.9163596523642,14.059995781864066]],[[76.91674619008492,14.060831454882715],[76.91703284380225,14.06072712153744],[76.9163997155852,14.060957819414844],[76.91674619008492,14.060831454882715]],[[76.91509511597802,14.061436748649244],[76.91605814972831,14.061082917006575],[76.9163997155852,14.060957819414844],[76.91509511597802,14.061436748649244]],[[76.909660563449,14.063688599986921],[76.9096605827673,14.063697556484744],[76.90965952721871,14.06324734215195],[76.909660563449,14.063688599986921]],[[76.90846949423724,14.06246477357031],[76.90965821007092,14.062583744719982],[76.90680905769753,14.06230219409776],[76.90846949423724,14.06246477357031]],[[76.90451712417413,14.060984597457661],[76.9048409337253,14.061180732516565],[76.90513963379509,14.061361666580924],[76.90451712417413,14.060984597457661]],[[76.90345795578888,14.060343131052646],[76.90389277145967,14.060606448979232],[76.90323887502451,14.060210461746522],[76.90345795578888,14.060343131052646]],[[76.90226937262189,14.05962345580381],[76.90265687089033,14.059858058293967],[76.90323887502451,14.060210461746522],[76.90226937262189,14.05962345580381]],[[76.8987763321015,14.057333883522784],[76.89881391552431,14.057369029421972],[76.8984639529934,14.057041949306704],[76.8987763321015,14.057333883522784]],[[76.8940167937664,14.05299459559556],[76.89530669012437,14.054159274137048],[76.89564388314226,14.054463854622183],[76.8940167937664,14.05299459559556]],[[76.88680022961256,14.044213050924025],[76.88684279806478,14.045384317297337],[76.88683020907233,14.045843010988696],[76.88680022961256,14.044213050924025]],[[76.88681093215288,14.041927468459377],[76.88680711723543,14.042746221772218],[76.88680351749129,14.043447468555723],[76.88681093215288,14.041927468459377]],[[76.88681534031257,14.040568035324794],[76.88681609632827,14.040578215527214],[76.88681093215288,14.041927468459377],[76.88681534031257,14.040568035324794]],[[76.88679592028835,14.039795749281197],[76.88680394865035,14.040099196045832],[76.88681534031257,14.040568035324794],[76.88679592028835,14.039795749281197]],[[76.88651295661059,14.038298757348034],[76.88677491597346,14.039001867440506],[76.88679592028835,14.039795749281197],[76.88651295661059,14.038298757348034]],[[76.8861901081179,14.03743143075722],[76.88628974869731,14.037699090932643],[76.886428226378,14.03807113112263],[76.8861901081179,14.03743143075722]],[[76.88602103043691,14.036977540508717],[76.88603492697325,14.037014822355198],[76.8861901081179,14.03743143075722],[76.88602103043691,14.036977540508717]],[[76.88593170065505,14.036737883475421],[76.88597741724193,14.036860520245709],[76.88602103043691,14.036977540508717],[76.88593170065505,14.036737883475421]],[[76.88517743997063,14.034788832826402],[76.88535852641729,14.035202639964998],[76.88593170065505,14.036737883475421],[76.88517743997063,14.034788832826402]],[[76.8850337719559,14.034460708518168],[76.88509804154192,14.034607477028892],[76.88499548566301,14.034373290978372],[76.8850337719559,14.034460708518168]],[[76.884376880882,14.032962151197278],[76.8847285188387,14.033763992004843],[76.88491562081003,14.03419097943746],[76.884376880882,14.032962151197278]],[[76.88386710062726,14.031647846973183],[76.88409237860286,14.032204316319577],[76.88421219199799,14.032528148611123],[76.88386710062726,14.031647846973183]],[[76.8836018769108,14.030970122088995],[76.88361794248675,14.031011705006014],[76.88344085896597,14.030553668372688],[76.8836018769108,14.030970122088995]],[[76.88288101593291,14.029110918699912],[76.88326577563427,14.030102358360912],[76.88344085896597,14.030553668372688],[76.88288101593291,14.029110918699912]],[[76.88243401685068,14.027960170041059],[76.8824434399075,14.02798248321046],[76.88288101593291,14.029110918699912],[76.88243401685068,14.027960170041059]],[[76.88131561518017,14.024881553675053],[76.88200736974822,14.02577532022011],[76.88201067277731,14.025792820400667],[76.88131561518017,14.024881553675053]],[[76.88038222056623,14.022437298008102],[76.88041390333419,14.022642908617135],[76.88037286150713,14.022376563987528],[76.88038222056623,14.022437298008102]],[[76.87990383488237,14.019332778608321],[76.87991562789765,14.019409313252636],[76.87987438152568,14.019141634841949],[76.87990383488237,14.019332778608321]],[[76.87978459516982,14.018558950299106],[76.87987074872721,14.019118059089344],[76.87978203192526,14.018542370364115],[76.87978459516982,14.018558950299106]],[[76.87956085822697,14.018575597350202],[76.8797085869167,14.018553400930927],[76.87978203192526,14.018542370364115],[76.87956085822697,14.018575597350202]],[[76.87884775246378,14.018682860669763],[76.87942292164776,14.018596323796764],[76.87797080444606,14.018814849320806],[76.87884775246378,14.018682860669763]],[[76.87593050271356,14.018054194981456],[76.87598368967733,14.01850391195864],[76.87599721923019,14.018618434719995],[76.87593050271356,14.018054194981456]],[[76.87582324821652,14.017148720351564],[76.87584736501003,14.017352147452494],[76.87581412298863,14.017071796606068],[76.87582324821652,14.017148720351564]],[[76.8757294045837,14.016357876458155],[76.87576834303864,14.016685886558943],[76.87581412298863,14.017071796606068],[76.8757294045837,14.016357876458155]],[[76.87299142320283,14.01016900421259],[76.87325774905831,14.010827760951429],[76.87370715310465,14.012034518602666],[76.87299142320283,14.01016900421259]],[[76.87193143478224,14.009868766424411],[76.87281528175194,14.009759326774665],[76.87299142320283,14.01016900421259],[76.87193143478224,14.009868766424411]],[[76.87077607711807,14.01007257789474],[76.87099059465967,14.00997222883814],[76.87193143478224,14.009868766424411],[76.87077607711807,14.01007257789474]],[[76.86099148275373,14.014441449241275],[76.86109965865676,14.014433290720103],[76.86118766256038,14.014426675575978],[76.86099148275373,14.014441449241275]],[[76.8606523851243,14.014508033355046],[76.86092124290437,14.014446761897567],[76.86099148275373,14.014441449241275],[76.8606523851243,14.014508033355046]],[[76.85998131186103,14.01468552644072],[76.86017341153969,14.01461717939934],[76.86031112801646,14.014585807611631],[76.85998131186103,14.01468552644072]],[[76.85933246779702,14.014961033261653],[76.85956831132302,14.014860745760402],[76.85998131186103,14.01468552644072],[76.85933246779702,14.014961033261653]],[[76.85824851841396,14.015393243189646],[76.85893373896059,14.015119170519062],[76.85933246779702,14.014961033261653],[76.85824851841396,14.015393243189646]],[[76.85709556680622,14.015900739524911],[76.85779833348455,14.015590897193931],[76.8569367010546,14.015970942392414],[76.85709556680622,14.015900739524911]],[[76.85405887033755,14.016611291541622],[76.8545081557376,14.016511382933063],[76.85539865820323,14.016315640238075],[76.85405887033755,14.016611291541622]],[[76.8443233302256,14.017999447384815],[76.84645878950819,14.017715009254575],[76.84925926044035,14.017374763052363],[76.8443233302256,14.017999447384815]],[[76.83597553654452,14.00993579473957],[76.8363286429994,14.01183154203573],[76.83640814429495,14.012359810236452],[76.83597553654452,14.00993579473957]],[[76.83562665425339,14.00805572224694],[76.835695963449,14.008410122384541],[76.83592507230198,14.00966233346055],[76.83562665425339,14.00805572224694]],[[76.83486597133833,14.00622421616655],[76.83527597903723,14.007036078569152],[76.83552313481194,14.007526392647977],[76.83486597133833,14.00622421616655]],[[76.83479103505205,14.006075922593698],[76.83486595177835,14.006224176673497],[76.83486597133833,14.00622421616655],[76.83479103505205,14.006075922593698]],[[76.83395849399913,14.004439725286808],[76.83460418257704,14.005706967330164],[76.83479103505205,14.006075922593698],[76.83395849399913,14.004439725286808]],[[76.8333633866606,14.003285819173602],[76.83337303566425,14.003304528031508],[76.83395849399913,14.004439725286808],[76.8333633866606,14.003285819173602]],[[76.83232416395207,14.002846371206777],[76.83334198140457,14.00317254367691],[76.83334565942792,14.003251702743103],[76.83232416395207,14.002846371206777]],[[76.82916517113145,14.002968411982069],[76.82938567832244,14.0030926983491],[76.82740121511469,14.001974768325828],[76.82916517113145,14.002968411982069]],[[76.82534233394642,14.001095007368338],[76.82607918406794,14.001230347943883],[76.82740121511469,14.001974768325828],[76.82534233394642,14.001095007368338]],[[76.82401547355154,14.000914959490476],[76.82478646856536,14.00099255882557],[76.82534233394642,14.001095007368338],[76.82401547355154,14.000914959490476]],[[76.82325184156333,13.995761050983129],[76.82282062088233,13.997543374694782],[76.8226009020749,13.998401836609222],[76.82325184156333,13.995761050983129]],[[76.8273419923991,13.991393947751265],[76.82639853736315,13.992226324937938],[76.82578947646427,13.992524926692074],[76.8273419923991,13.991393947751265]],[[76.83249106757255,13.989740362437196],[76.83223236026532,13.98971463385983],[76.8326962632196,13.989690354296721],[76.83249106757255,13.989740362437196]],[[76.83409433916752,13.989128356074142],[76.83351633181334,13.989490920974879],[76.8326962632196,13.989690354296721],[76.83409433916752,13.989128356074142]],[[76.83588875564908,13.988374484204845],[76.8350154575851,13.988700920969933],[76.83474752639921,13.988801018520093],[76.83588875564908,13.988374484204845]],[[76.8360885291145,13.988299679990455],[76.83603393891839,13.98832013572886],[76.83611534231495,13.988289632272476],[76.8360885291145,13.988299679990455]],[[76.8363763369433,13.98819183301849],[76.83613296073788,13.988283030302311],[76.83667827696023,13.988078689570786],[76.8363763369433,13.98819183301849]],[[76.83974653355668,13.986552285630742],[76.83930789956162,13.987012389442997],[76.83725506210946,13.987844112625266],[76.83974653355668,13.986552285630742]],[[76.84383625564425,13.983357972329905],[76.84382810959832,13.983362854874159],[76.8438371413258,13.983357441215539],[76.84383625564425,13.983357972329905]],[[76.8465316409984,13.981905498570045],[76.84574898412409,13.982342751379885],[76.84525202172205,13.982605922116635],[76.8465316409984,13.981905498570045]],[[76.84857162228653,13.978748727373734],[76.84857215288062,13.978811162605572],[76.84856432181154,13.9780905600444],[76.84857162228653,13.978748727373734]],[[76.84860451806318,13.971226162539644],[76.84861998993567,13.971330778730046],[76.84858464397149,13.97109908341345],[76.84860451806318,13.971226162539644]],[[76.84839021458077,13.96988212767375],[76.84847845828601,13.97042010409048],[76.84858464397149,13.97109908341345],[76.84839021458077,13.96988212767375]],[[76.84934091791925,13.964843036479317],[76.84939156906849,13.965334438690054],[76.8492469260354,13.964826021966736],[76.84934091791925,13.964843036479317]],[[76.84190494600726,13.962542216623433],[76.84335349389029,13.962364895758528],[76.845641226458,13.963638794799639],[76.84190494600726,13.962542216623433]],[[76.83713992649741,13.959189941702512],[76.83935724196539,13.960338490006006],[76.84165969635643,13.962369679186358],[76.83713992649741,13.959189941702512]],[[76.83055769897105,13.954234347574143],[76.83074595756536,13.954388392888017],[76.83075913022512,13.954399192736279],[76.83055769897105,13.954234347574143]],[[76.82492753881353,13.95151975589097],[76.82890435534826,13.95287454797739],[76.83055769897105,13.954234347574143],[76.82492753881353,13.95151975589097]],[[76.82144470245642,13.943717042952947],[76.8218852272459,13.946278791325897],[76.82191468635871,13.94655419216946],[76.82144470245642,13.943717042952947]],[[76.82084177666495,13.940077364171376],[76.82099379154656,13.94056806694911],[76.82102428164974,13.941179091000905],[76.82084177666495,13.940077364171376]],[[76.81944980100782,13.936922038010303],[76.81942136576616,13.937948308304811],[76.8193585841371,13.93853602773673],[76.81944980100782,13.936922038010303]],[[76.81897672426838,13.936887469889113],[76.81939552894629,13.936918071819266],[76.81944980100782,13.936922038010303],[76.81897672426838,13.936887469889113]],[[76.81759718756915,13.936773025991894],[76.81816499695364,13.936819762370789],[76.81697751584831,13.936743515595346],[76.81759718756915,13.936773025991894]],[[76.81581236630137,13.936577536701595],[76.81615508400124,13.936627698289861],[76.81520774484207,13.93649429116417],[76.81581236630137,13.936577536701595]],[[76.81388945533571,13.932782945829304],[76.81390278782558,13.933021468185435],[76.81388313175604,13.932761551597356],[76.81388945533571,13.932782945829304]],[[76.81385505609884,13.931572113576202],[76.81385836328793,13.931792519763489],[76.81384637920051,13.930997217168386],[76.81385505609884,13.931572113576202]],[[76.813831396144,13.93011723408876],[76.81383881226627,13.93051425938894],[76.81384637920051,13.930997217168386],[76.813831396144,13.93011723408876]],[[76.81420832989475,13.924722209189992],[76.81419102704618,13.924845313150485],[76.81417475072753,13.924949300188663],[76.81420832989475,13.924722209189992]],[[76.81492196975198,13.919082175075816],[76.8148811096809,13.919272517809038],[76.81499999203035,13.918718709248743],[76.81492196975198,13.919082175075816]],[[76.81335823615984,13.91526949248765],[76.81513284567896,13.916013589600961],[76.81499999203035,13.918718709248743],[76.81335823615984,13.91526949248765]],[[76.81296549269734,13.915188051815546],[76.81331868280238,13.915261274549056],[76.81335823615984,13.91526949248765],[76.81296549269734,13.915188051815546]],[[76.81157849861131,13.914901807103284],[76.8119196962942,13.914972083371014],[76.81296549269734,13.915188051815546],[76.81157849861131,13.914901807103284]],[[76.80917061544874,13.91497552062486],[76.80952636833277,13.914954912127317],[76.80876302574376,13.915066463347815],[76.80917061544874,13.91497552062486]],[[76.80801675475105,13.915223779944462],[76.80816900779227,13.915191685232266],[76.80768459189892,13.915295426316014],[76.80801675475105,13.915223779944462]],[[76.80229774575146,13.915990457520513],[76.80330677067091,13.91583366669552],[76.80449894506775,13.915666672640876],[76.80229774575146,13.915990457520513]],[[76.8014397109299,13.916142790310357],[76.80144155991172,13.916142166492712],[76.80140093582087,13.916156588277115],[76.8014397109299,13.916142790310357]],[[76.80053546728325,13.916465839997374],[76.80110509877018,13.916262024336733],[76.80130876591785,13.916189406495874],[76.80053546728325,13.916465839997374]],[[76.79968548274535,13.916784990578044],[76.80038035764662,13.91652395248651],[76.80053546728325,13.916465839997374],[76.79968548274535,13.916784990578044]],[[76.79891329797972,13.917256460786074],[76.79924420403911,13.917051191902694],[76.79968548274535,13.916784990578044],[76.79891329797972,13.917256460786074]],[[76.79695950024815,13.918558539631958],[76.79733760562465,13.918247024695587],[76.79839375094888,13.917582967936994],[76.79695950024815,13.918558539631958]],[[76.79677838994107,13.918659608359365],[76.7968605661864,13.918625834192289],[76.79658892270423,13.918737479425346],[76.79677838994107,13.918659608359365]],[[76.79502490192326,13.919346270849388],[76.79568066904567,13.919096801350907],[76.79604277417181,13.918959137296277],[76.79502490192326,13.919346270849388]],[[76.79481253671699,13.919427104027275],[76.79494675079958,13.919376016451709],[76.79502490192326,13.919346270849388],[76.79481253671699,13.919427104027275]],[[76.79047597307819,13.921330745054172],[76.79065150699198,13.921296909155993],[76.79078932977666,13.92127690572275],[76.79047597307819,13.921330745054172]],[[76.79018795244346,13.921386324708237],[76.79045906335372,13.921334007174202],[76.79047597307819,13.921330745054172],[76.79018795244346,13.921386324708237]],[[76.78692209093609,13.922010665543747],[76.78753639243912,13.921893982931003],[76.7876756801667,13.921867555572788],[76.78692209093609,13.922010665543747]],[[76.78630858770332,13.922234536100467],[76.78689696136048,13.922015438010591],[76.78692209093609,13.922010665543747],[76.78630858770332,13.922234536100467]],[[76.78518811313344,13.92264407762854],[76.78546898817238,13.92254137267426],[76.78630858770332,13.922234536100467],[76.78518811313344,13.92264407762854]],[[76.78209084126222,13.923606150256226],[76.78249947771737,13.923492233383467],[76.78203828207691,13.923620805677816],[76.78209084126222,13.923606150256226]],[[76.7763310579434,13.924495735339777],[76.77735983174588,13.924447766951667],[76.77811422996226,13.92441260363492],[76.7763310579434,13.924495735339777]],[[76.77117756726592,13.923966078556449],[76.77124553833178,13.923984230501073],[76.77116512011885,13.923962757221142],[76.77117756726592,13.923966078556449]],[[76.76793754716319,13.924085725522128],[76.76915915474144,13.924029362455583],[76.77108827921852,13.923965290226928],[76.76793754716319,13.924085725522128]],[[76.76785012362951,13.924079660936327],[76.76792816334309,13.924085636021474],[76.76752335212416,13.92405465165947],[76.76785012362951,13.924079660936327]],[[76.76621729123157,13.923956284417988],[76.7666906187482,13.923990914017905],[76.76609410305649,13.923947272786954],[76.76621729123157,13.923956284417988]],[[76.76405712985019,13.924334078160424],[76.76428332226544,13.923817625703753],[76.76536510756104,13.923888458254739],[76.76405712985019,13.924334078160424]],[[76.76019561518628,13.9211979629158],[76.76207627408108,13.92129683963686],[76.76246899814947,13.92264795318112],[76.76019561518628,13.9211979629158]],[[76.75988086352864,13.92107042935815],[76.76015370022802,13.92118097884023],[76.76019561518628,13.9211979629158],[76.75988086352864,13.92107042935815]],[[76.75784513390319,13.920248042742923],[76.75859337347386,13.92054936428429],[76.75988086352864,13.92107042935815],[76.75784513390319,13.920248042742923]],[[76.75427064253232,13.91960645578957],[76.75435916079138,13.91962905153958],[76.75418518475848,13.91959815926632],[76.75427064253232,13.91960645578957]],[[76.75303938070249,13.91950462296945],[76.75327804247163,13.91951004427754],[76.75352545071955,13.91953408318808],[76.75303938070249,13.91950462296945]],[[76.75220879848091,13.919485877682233],[76.75258196806145,13.919494268388949],[76.75274890126818,13.919498040876107],[76.75220879848091,13.919485877682233]],[[76.75042819246701,13.914090873953102],[76.75035862392032,13.914268401258623],[76.75057895651724,13.913706147928577],[76.75042819246701,13.914090873953102]],[[76.7523173729756,13.908457730268601],[76.7517819922234,13.910651843842139],[76.75172171110356,13.91080316702508],[76.7523173729756,13.908457730268601]],[[76.74710005121044,13.90601188192983],[76.75273729547806,13.906950433456869],[76.7523173729756,13.908457730268601],[76.74710005121044,13.90601188192983]],[[76.7470245378857,13.905993006352865],[76.74703449135318,13.905995116918053],[76.74710005121044,13.90601188192983],[76.7470245378857,13.905993006352865]],[[76.74515714389985,13.905590778514354],[76.74532606331782,13.905627319484958],[76.74473088101982,13.905498858188823],[76.74515714389985,13.905590778514354]],[[76.74405067697046,13.905160531388903],[76.74407263607674,13.905256414954806],[76.74408313490186,13.905359706019125],[76.74405067697046,13.905160531388903]],[[76.74300175763567,13.905016519262661],[76.74379969170832,13.90512590598014],[76.74405067697046,13.905160531388903],[76.74300175763567,13.905016519262661]],[[76.73779391343714,13.903765357631217],[76.73936560700292,13.904146464087349],[76.7420171288716,13.904867760734067],[76.73779391343714,13.903765357631217]],[[76.73574555903991,13.9032206037241],[76.73590912727077,13.90328352775862],[76.73574185995177,13.9032191821994],[76.73574555903991,13.9032206037241]],[[76.73389278814464,13.902507050532913],[76.73390002907973,13.902509843552563],[76.73377899817262,13.9024631734402],[76.73389278814464,13.902507050532913]],[[76.7330675205243,13.902188833640286],[76.73307980976831,13.902193572523835],[76.7330529378646,13.902183211314652],[76.7330675205243,13.902188833640286]],[[76.73246134543207,13.90195508752526],[76.73249391322658,13.90196765031842],[76.73233239517847,13.901905355737396],[76.73246134543207,13.90195508752526]],[[76.73149331961157,13.901581639661698],[76.7314933693359,13.901581659861035],[76.73149330861976,13.901581635418907],[76.73149331961157,13.901581639661698]],[[76.73029561148108,13.90110773636306],[76.73061392607771,13.90122546835007],[76.73073687282526,13.901275322520991],[76.73029561148108,13.90110773636306]],[[76.73016528095528,13.90106456257151],[76.73020300395329,13.901077056263476],[76.73029561148108,13.90110773636306],[76.73016528095528,13.90106456257151]],[[76.7270791261202,13.900042872703603],[76.72825992345837,13.900433223040507],[76.73009313009622,13.90104066160027],[76.7270791261202,13.900042872703603]],[[76.72493484488736,13.899319039522053],[76.72532177698695,13.899452171244713],[76.72444300211683,13.899153589526712],[76.72493484488736,13.899319039522053]],[[76.72344024462956,13.898854553227931],[76.72408588976535,13.89903345449732],[76.72444300211683,13.899153589526712],[76.72344024462956,13.898854553227931]],[[76.72148532466753,13.895983942824351],[76.72171877433021,13.8965235263635],[76.72174639563201,13.89658738091143],[76.72148532466753,13.895983942824351]],[[76.72225536689496,13.892167691271665],[76.72208143729692,13.892616485578465],[76.72179255396051,13.893279127291992],[76.72225536689496,13.892167691271665]],[[76.7260330502952,13.88577151122565],[76.72585471790467,13.886010169956073],[76.72576654141561,13.886128174515752],[76.7260330502952,13.88577151122565]],[[76.72775273965642,13.883176045291625],[76.72710193448806,13.884180166092293],[76.72663043460051,13.884907559287347],[76.72775273965642,13.883176045291625]],[[76.72876538887188,13.88151213814327],[76.72795396745525,13.88286558846831],[76.72775273965642,13.883176045291625],[76.72876538887188,13.88151213814327]],[[76.7309473294008,13.881274623911523],[76.73090571421851,13.881266143670693],[76.73089805268751,13.88121476292649],[76.7309473294008,13.881274623911523]],[[76.73114579186782,13.881313890922598],[76.73106961236905,13.881299116478178],[76.7309473294008,13.881274623911523],[76.73114579186782,13.881313890922598]],[[76.73284654716524,13.878180641281807],[76.73268700576958,13.878506582497145],[76.73238176865681,13.879060337037133],[76.73284654716524,13.878180641281807]],[[76.73408513904884,13.876325439402246],[76.73373045967081,13.876822534976116],[76.73346813107455,13.877148770862421],[76.73408513904884,13.876325439402246]],[[76.73472691640114,13.874814321001653],[76.73455483726306,13.875166403716273],[76.73448540175607,13.875308175809266],[76.73472691640114,13.874814321001653]],[[76.73502946284175,13.874193269672398],[76.73492788627833,13.874402046853021],[76.73472691640114,13.874814321001653],[76.73502946284175,13.874193269672398]],[[76.73517802842402,13.873752746080799],[76.73516164887768,13.873921179605833],[76.73502946284175,13.874193269672398],[76.73517802842402,13.873752746080799]],[[76.73631065033346,13.869077612541753],[76.7359602784934,13.86981685232277],[76.7357782754794,13.870200779238635],[76.73631065033346,13.869077612541753]],[[76.73649594171849,13.868686466364146],[76.73638913337777,13.868911957378629],[76.73654338575379,13.868586291456136],[76.73649594171849,13.868686466364146]],[[76.74065244404525,13.864980929159593],[76.74074781418201,13.864999396480519],[76.73718021940124,13.868043140451833],[76.74065244404525,13.864980929159593]],[[76.75140845487701,13.851098662573632],[76.74909007323299,13.854486947170576],[76.74609173266563,13.857691626858085],[76.75140845487701,13.851098662573632]],[[76.75883760376419,13.840098526995313],[76.75763009605096,13.841834940114532],[76.75656610609887,13.843077004774269],[76.75883760376419,13.840098526995313]],[[76.7662262135307,13.828406230594858],[76.76623417152065,13.828438535308445],[76.76620699433745,13.828411844093628],[76.7662262135307,13.828406230594858]],[[76.76375100941713,13.821636196985343],[76.76475425340122,13.822622788042315],[76.76600485025126,13.82821331464381],[76.76375100941713,13.821636196985343]],[[76.76472150949363,13.818156201667234],[76.76452744878951,13.81920118321057],[76.7642177722591,13.820005534210532],[76.76472150949363,13.818156201667234]],[[76.76536376582841,13.815769285342993],[76.76509853013481,13.816914412758713],[76.76489718386689,13.817554181574337],[76.76536376582841,13.815769285342993]],[[76.76561235604008,13.813849887193774],[76.76556905730628,13.814184813381765],[76.76536376582841,13.815769285342993],[76.76561235604008,13.813849887193774]],[[76.76681941347057,13.81021467694604],[76.7665435584525,13.810844854691656],[76.76621567777036,13.811592763682478],[76.76681941347057,13.81021467694604]],[[76.76894965434298,13.805232747375891],[76.76893205130897,13.805358761506621],[76.76689046651983,13.810052258797745],[76.76894965434298,13.805232747375891]],[[76.76904553227088,13.803634396287638],[76.76898882018476,13.804951414209587],[76.76894965434298,13.805232747375891],[76.76904553227088,13.803634396287638]],[[76.76915406438046,13.801844924563806],[76.76914584196248,13.801962164646415],[76.76916150386407,13.801701069960856],[76.76915406438046,13.801844924563806]],[[76.76929409432766,13.799678663403938],[76.76922186555217,13.80078752614951],[76.76937206354754,13.798466697010676],[76.76929409432766,13.799678663403938]],[[76.7695139059507,13.796294621725707],[76.76950427223804,13.796441509105332],[76.76927241608246,13.796154052363688],[76.7695139059507,13.796294621725707]],[[76.76604801719411,13.788773522252288],[76.76670698656656,13.790961490005776],[76.76708769920108,13.792231603526199],[76.76604801719411,13.788773522252288]],[[76.76592595071286,13.787492111899535],[76.76605431352807,13.788015902050242],[76.76577370639384,13.786871073693861],[76.76592595071286,13.787492111899535]],[[76.76573147063806,13.786699030974221],[76.76576707838431,13.786844070280058],[76.76577370639384,13.786871073693861],[76.76573147063806,13.786699030974221]],[[76.76541002737893,13.78539402264407],[76.76558164875357,13.786089702065922],[76.76573147063806,13.786699030974221],[76.76541002737893,13.78539402264407]],[[76.76465635478642,13.782386178139737],[76.76492497781629,13.783447597923029],[76.76541002737893,13.78539402264407],[76.76465635478642,13.782386178139737]],[[76.76463709067167,13.782310309525878],[76.76465046946555,13.782363006624374],[76.76462628710932,13.782267757752086],[76.76463709067167,13.782310309525878]],[[76.75908114872786,13.78168302073042],[76.75923961935322,13.781621423377013],[76.75962583867528,13.781476599303298],[76.75908114872786,13.78168302073042]],[[76.7581211917628,13.782069018535948],[76.75837390070811,13.781965867880421],[76.75908114872786,13.78168302073042],[76.7581211917628,13.782069018535948]],[[76.75076854363977,13.783293775259406],[76.75170004699679,13.783223390881313],[76.75266026270968,13.783156387438396],[76.75076854363977,13.783293775259406]],[[76.74914829902713,13.783414882243148],[76.74930652594821,13.783402525650681],[76.74960085499359,13.783380647676202],[76.74914829902713,13.783414882243148]],[[76.74269161746773,13.78347456687832],[76.74307332075682,13.783452578672037],[76.74398027460086,13.78353389452408],[76.74269161746773,13.78347456687832]],[[76.7402411632891,13.783610280369324],[76.74054381322107,13.78359196459146],[76.74020625961293,13.783612398028506],[76.7402411632891,13.783610280369324]],[[76.73985253122432,13.783633402667995],[76.73995340755457,13.783627489762342],[76.73984101320936,13.783634334291188],[76.73985253122432,13.783633402667995]],[[76.73775625185752,13.783792375640962],[76.73794821507754,13.783776635085733],[76.73808894275177,13.783804009956743],[76.73775625185752,13.783792375640962]],[[76.73682956190515,13.783856807137315],[76.73722646536339,13.783828825042972],[76.7372632842656,13.783827799027863],[76.73682956190515,13.783856807137315]],[[76.73648801760902,13.783907831084347],[76.73671647165438,13.783872960183768],[76.73682956190515,13.783856807137315],[76.73648801760902,13.783907831084347]],[[76.73563154295434,13.784039080594228],[76.73590721188774,13.783996815098169],[76.73648801760902,13.783907831084347],[76.73563154295434,13.784039080594228]],[[76.73285588390743,13.784157066133707],[76.73308315483148,13.784067028369845],[76.73330647084698,13.784098502428389],[76.73285588390743,13.784157066133707]],[[76.73265272603183,13.7841783873395],[76.73268077851411,13.784179824939509],[76.73258634861429,13.784174986906576],[76.73265272603183,13.7841783873395]],[[76.73159484800446,13.784127590999248],[76.73247101026796,13.784169151858507],[76.73258634861429,13.784174986906576],[76.73159484800446,13.784127590999248]],[[76.73011126204527,13.784813375435442],[76.73054398083339,13.784087875159079],[76.73159484800446,13.784127590999248],[76.73011126204527,13.784813375435442]],[[76.72937736713847,13.789216772477594],[76.72939037907092,13.78920625962555],[76.72937317430149,13.789220160700758],[76.72937736713847,13.789216772477594]],[[76.7270636760523,13.793310761291467],[76.72770580651259,13.791263925916555],[76.72799290726445,13.790766262854234],[76.7270636760523,13.793310761291467]],[[76.72727500185212,13.794784402099404],[76.72700408228494,13.793931223929384],[76.7270636760523,13.793310761291467],[76.72727500185212,13.794784402099404]],[[76.7279537379284,13.796910682745395],[76.72789731409125,13.796734637320535],[76.72727500185212,13.794784402099404],[76.7279537379284,13.796910682745395]],[[76.72433581689495,13.79915915043645],[76.72603501841142,13.79810194270884],[76.7279537379284,13.796910682745395],[76.72433581689495,13.79915915043645]],[[76.7148456068159,13.786867548716788],[76.7148367709669,13.786913232888741],[76.71485351052786,13.786648193957054],[76.7148456068159,13.786867548716788]],[[76.71451189207075,13.785444754935066],[76.7148925494722,13.785739459509998],[76.71375523341007,13.785099749805095],[76.71451189207075,13.785444754935066]],[[76.70766985406132,13.780856799961912],[76.70812609356008,13.781298994715097],[76.70764083996141,13.780828679878374],[76.70766985406132,13.780856799961912]],[[76.70694223546967,13.778328194052788],[76.70698232708965,13.778513783545542],[76.70678993570009,13.777812935362634],[76.70694223546967,13.778328194052788]],[[76.70598934506624,13.776389938132956],[76.70599202761424,13.776398868504735],[76.70572775028543,13.775519216221868],[76.70598934506624,13.776389938132956]],[[76.70561566872782,13.775281667978744],[76.70567033167778,13.775339329189373],[76.7043198246445,13.775217085963575],[76.70561566872782,13.775281667978744]],[[76.69597934002093,13.765083965355075],[76.69737246902334,13.767850739290255],[76.69757586460084,13.77007934857132],[76.69597934002093,13.765083965355075]],[[76.6962004688853,13.758351442184487],[76.69781466051184,13.760360681627587],[76.69497090736269,13.761816228274489],[76.6962004688853,13.758351442184487]],[[76.69257606522072,13.752932065821618],[76.69299703950672,13.752496945390801],[76.69445864354441,13.75349902734405],[76.69257606522072,13.752932065821618]],[[76.68909205527838,13.728899364193405],[76.68901538505145,13.72893343428859],[76.68924619656488,13.728813820680216],[76.68909205527838,13.728899364193405]],[[76.68960341322301,13.729204486400228],[76.68938981026733,13.72897186967522],[76.68924619656488,13.728813820680216],[76.68960341322301,13.729204486400228]],[[76.69168577063623,13.729120310392338],[76.69147803250657,13.730590587615408],[76.68960341322301,13.729204486400228],[76.69168577063623,13.729120310392338]],[[76.69205002658181,13.726435084251676],[76.69205252927478,13.72643522612621],[76.69168577063623,13.729120310392338],[76.69205002658181,13.726435084251676]],[[76.6920470287635,13.726434912855613],[76.69204741256199,13.726434935600059],[76.69204628704321,13.726434871595117],[76.6920470287635,13.726434912855613]],[[76.6921222612311,13.725866488085723],[76.69205495781092,13.726359612690029],[76.69212171595491,13.725866536387041],[76.6921222612311,13.725866488085723]],[[76.6923554101271,13.722802172583075],[76.69216901360176,13.725511177891292],[76.6921249785188,13.725823755334352],[76.6923554101271,13.722802172583075]],[[76.68935825578117,13.698823390938822],[76.68950518558601,13.698711424453736],[76.68737094141656,13.7003394493137],[76.68935825578117,13.698823390938822]],[[76.684094342243,13.702846789772876],[76.68520545101454,13.70199429445794],[76.68662104771425,13.700912271535325],[76.684094342243,13.702846789772876]],[[76.67765795547476,13.699958129946886],[76.67767158935071,13.699938537131997],[76.684094342243,13.702846789772876],[76.67765795547476,13.699958129946886]],[[76.67243297162958,13.709292137452822],[76.67233239809059,13.705373076106552],[76.67247053591034,13.710689323884695],[76.67243297162958,13.709292137452822]],[[76.6733297654637,13.718104959898504],[76.67272103100792,13.712947437397418],[76.67247053591034,13.710689323884695],[76.6733297654637,13.718104959898504]],[[76.67068498849662,13.718974230084147],[76.67260012636507,13.718341294074124],[76.67314944348045,13.718163376229315],[76.67068498849662,13.718974230084147]],[[76.66502331676162,13.720800709957214],[76.6674500160931,13.72002043129046],[76.66762336461423,13.719965543058429],[76.66502331676162,13.720800709957214]],[[76.65292423475864,13.718355669751588],[76.65644601369453,13.719285279944094],[76.65812488718028,13.719873046781599],[76.65292423475864,13.718355669751588]],[[76.64765296410874,13.717046641635015],[76.64865314001997,13.717257759199105],[76.65074978107067,13.717771764935373],[76.64765296410874,13.717046641635015]],[[76.63868216164953,13.714471277541053],[76.64204894795341,13.71503342121931],[76.64285406761327,13.715332082928875],[76.63868216164953,13.714471277541053]],[[76.63586074890286,13.714053483328806],[76.63696129750095,13.714176280441603],[76.63761474542186,13.714288877737465],[76.63586074890286,13.714053483328806]],[[76.63143892035745,13.713606522458313],[76.63332673289172,13.71376091530433],[76.63477142276857,13.713929646415826],[76.63143892035745,13.713606522458313]],[[76.62866795347965,13.719710995421549],[76.6301093410307,13.71544035431834],[76.6313316869814,13.713842758860165],[76.62866795347965,13.719710995421549]],[[76.6282187113489,13.720816995107405],[76.62831936718638,13.720558430170481],[76.62866795347965,13.719710995421549],[76.6282187113489,13.720816995107405]],[[76.6246334980146,13.733469952606715],[76.62484193054362,13.732931496712059],[76.62520848838705,13.731988057396373],[76.6246334980146,13.733469952606715]],[[76.61475344942453,13.727149231624805],[76.61401380083691,13.72836733494122],[76.61358966260912,13.7288597593298],[76.61475344942453,13.727149231624805]],[[76.61271826596658,13.725866033058693],[76.61472209367331,13.727129349382412],[76.61475344942453,13.727149231624805],[76.61271826596658,13.725866033058693]],[[76.60864830981393,13.723412082520879],[76.60874467214879,13.723378435295762],[76.61271826596658,13.725866033058693],[76.60864830981393,13.723412082520879]],[[76.6053284869379,13.724585012559542],[76.60708606932423,13.723957585521223],[76.60864830981393,13.723412082520879],[76.6053284869379,13.724585012559542]],[[76.60315402001048,13.725345755046828],[76.6046804973857,13.72481115723758],[76.6053284869379,13.724585012559542],[76.60315402001048,13.725345755046828]],[[76.59876796398636,13.72418101300885],[76.59931705656193,13.72442235721723],[76.59951697162954,13.724594046626242],[76.59876796398636,13.72418101300885]],[[76.59823504561543,13.72371893238181],[76.59824822039816,13.723744459016768],[76.59822596987411,13.723703623247967],[76.59823504561543,13.72371893238181]],[[76.59643689253961,13.720473566563596],[76.5966109272948,13.72072876906033],[76.59664480338952,13.720801752315502],[76.59643689253961,13.720473566563596]],[[76.58592647958609,13.718770295611142],[76.5911222124565,13.719512961101147],[76.59396726274082,13.7200588476285],[76.58592647958609,13.718770295611142]],[[76.58580503740448,13.71871332020809],[76.58581292036378,13.718714441972166],[76.58592647958609,13.718770295611142],[76.58580503740448,13.71871332020809]],[[76.57349254240911,13.704133941804232],[76.5732180523859,13.705080252687967],[76.57147252211185,13.707774037821059],[76.57349254240911,13.704133941804232]],[[76.57386440013957,13.686914197976416],[76.57728565465965,13.690317789401842],[76.57657260254167,13.692710670569843],[76.57386440013957,13.686914197976416]],[[76.57036700170168,13.688681790175556],[76.57218248450657,13.687762710777774],[76.57386440013957,13.686914197976416],[76.57036700170168,13.688681790175556]],[[76.56540622473055,13.685158415161286],[76.56715915395343,13.687049984812912],[76.56816308919647,13.688308583714537],[76.56540622473055,13.685158415161286]],[[76.56401750885884,13.684327993004558],[76.56476999174842,13.684471583506088],[76.56339281689587,13.684209149042058],[76.56401750885884,13.684327993004558]],[[76.56239660450173,13.684020244771045],[76.56270317112545,13.684078345494932],[76.56339281689587,13.684209149042058],[76.56239660450173,13.684020244771045]],[[76.56190836808936,13.683992695480704],[76.56203452353786,13.68399980869259],[76.56239660450173,13.684020244771045],[76.56190836808936,13.683992695480704]],[[76.56108770372926,13.683946450373528],[76.56145003030196,13.683966855667666],[76.56179677809536,13.683986398120915],[76.56108770372926,13.683946450373528]],[[76.56086589020889,13.683887257040814],[76.56097969406167,13.683917624563412],[76.56108770372926,13.683946450373528],[76.56086589020889,13.683887257040814]],[[76.55950375660592,13.683523781651642],[76.5597433796227,13.68358771178892],[76.5606037710391,13.683817307710397],[76.55950375660592,13.683523781651642]],[[76.55942173114133,13.683502920867138],[76.55942955664044,13.683503988179433],[76.55950375660592,13.683523781651642],[76.55942173114133,13.683502920867138]],[[76.55741405183842,13.683231017775192],[76.5583857330422,13.683362095631857],[76.55696211356974,13.68317012781938],[76.55741405183842,13.683231017775192]],[[76.55550377868676,13.682727282445912],[76.55589691781363,13.682948230671716],[76.55510713226984,13.682505061280024],[76.55550377868676,13.682727282445912]],[[76.55240742438637,13.678599933161063],[76.55300745342527,13.679273248157157],[76.55325828929858,13.680134721897682],[76.55240742438637,13.678599933161063]],[[76.54816138601076,13.673815752467148],[76.54865843888814,13.67483384363401],[76.5497583025277,13.677307905052349],[76.54816138601076,13.673815752467148]],[[76.54774581707777,13.673012538831525],[76.54781188116569,13.673088350406818],[76.54816138601076,13.673815752467148],[76.54774581707777,13.673012538831525]],[[76.54579250202836,13.670764730470099],[76.54733839375407,13.672542541226884],[76.54771719490485,13.67297952145515],[76.54579250202836,13.670764730470099]],[[76.54344405630428,13.66819257712058],[76.54511081527836,13.670004501868407],[76.54579250202836,13.670764730470099],[76.54344405630428,13.66819257712058]],[[76.53991170180636,13.663162587273558],[76.54055357731418,13.66400548163474],[76.5425966086765,13.667126022502577],[76.53991170180636,13.663162587273558]],[[76.53318706619157,13.667750159433858],[76.53800635249927,13.664102772897817],[76.53991170180636,13.663162587273558],[76.53318706619157,13.667750159433858]],[[76.52939056918412,13.665491719816309],[76.52909706091984,13.667005474937156],[76.52945168708818,13.665176504950796],[76.52939056918412,13.665491719816309]],[[76.529411445671,13.660517935601547],[76.52991332232503,13.662589247337024],[76.52940386951701,13.66048666878137],[76.529411445671,13.660517935601547]],[[76.53434889248204,13.653124355083952],[76.53421342093625,13.65360972260753],[76.53355586290107,13.654305043556423],[76.53434889248204,13.653124355083952]],[[76.53445143481119,13.651765559513056],[76.53443047626797,13.65204328499564],[76.53434889248204,13.653124355083952],[76.53445143481119,13.651765559513056]],[[76.534507129864,13.650758028341913],[76.5344826004782,13.651272923953552],[76.53445143481119,13.651765559513056],[76.534507129864,13.650758028341913]],[[76.52732230651729,13.6480887274117],[76.53146807967201,13.649268720085763],[76.53432640116709,13.650200575624908],[76.52732230651729,13.6480887274117]],[[76.52099062994624,13.64320475910888],[76.52212179648048,13.644068035155216],[76.51985260903612,13.642377422696365],[76.52099062994624,13.64320475910888]],[[76.5180850382554,13.64109938788649],[76.51912423286954,13.641847055245348],[76.51985260903612,13.642377422696365],[76.5180850382554,13.64109938788649]],[[76.51773858060544,13.637221960442384],[76.51787112306658,13.636952054083046],[76.518282909412,13.637190306147843],[76.51773858060544,13.637221960442384]],[[76.51472781983277,13.634238452137133],[76.51665505025704,13.634009487642084],[76.51759979683645,13.636385459188944],[76.51472781983277,13.634238452137133]],[[76.51254989429248,13.632069060098585],[76.5141267824612,13.63336286909678],[76.51472781983277,13.634238452137133],[76.51254989429248,13.632069060098585]],[[76.50383436222637,13.630043909790384],[76.51122878105343,13.631628127813688],[76.51254989429248,13.632069060098585],[76.50383436222637,13.630043909790384]],[[76.49800544937756,13.628709384651131],[76.49983059937954,13.629108626043275],[76.50383436222637,13.630043909790384],[76.49800544937756,13.628709384651131]],[[76.4996116846678,13.62326073521141],[76.49851353025824,13.625505104942635],[76.4979326114121,13.626623379308441],[76.4996116846678,13.62326073521141]],[[76.49746427988676,13.622888456921363],[76.49927687225156,13.622732035105471],[76.49981849626273,13.622756038017977],[76.49746427988676,13.622888456921363]],[[76.48691535533762,13.622714232112497],[76.48870365485533,13.622860691816038],[76.48898653372767,13.622889198306884],[76.48691535533762,13.622714232112497]],[[76.47993342787329,13.622134831809142],[76.48218887569361,13.62232284185883],[76.4845207725653,13.62251990629029],[76.47993342787329,13.622134831809142]],[[76.47628316914405,13.621077402094532],[76.47813302391695,13.621611449156577],[76.47993342787329,13.622134831809142],[76.47628316914405,13.621077402094532]],[[76.47421832916848,13.620917753186845],[76.4762805167175,13.621057835977918],[76.47628316914405,13.621077402094532],[76.47421832916848,13.620917753186845]],[[76.47231029340792,13.620790516128364],[76.47359685944234,13.620876103544433],[76.47421832916848,13.620917753186845],[76.47231029340792,13.620790516128364]],[[76.46708457456926,13.620221983199487],[76.4672796728268,13.620232685703483],[76.46982009868944,13.620527971776733],[76.46708457456926,13.620221983199487]],[[76.46683978247592,13.620208570348607],[76.46701904089237,13.620218387318987],[76.46708457456926,13.620221983199487],[76.46683978247592,13.620208570348607]],[[76.46585388163518,13.620154715997128],[76.46640454111052,13.620184767359454],[76.46683978247592,13.620208570348607],[76.46585388163518,13.620154715997128]],[[76.46436121475085,13.620073542257666],[76.46511964956866,13.620114741162443],[76.46576592943703,13.620149921473484],[76.46436121475085,13.620073542257666]],[[76.46278046722449,13.620039943339664],[76.46320714383276,13.620010972026575],[76.46436121475085,13.620073542257666],[76.46278046722449,13.620039943339664]],[[76.4573262264688,13.614678574236121],[76.45779175146043,13.615347587028483],[76.45647472937713,13.613534505360652],[76.4573262264688,13.614678574236121]],[[76.45616404395882,13.612903471990155],[76.45614925984256,13.612909993506614],[76.45610158988659,13.612818524261657],[76.45616404395882,13.612903471990155]],[[76.45623850062245,13.610146880237046],[76.45579711626462,13.610909118309502],[76.45537284528116,13.61136126537525],[76.45623850062245,13.610146880237046]],[[76.45667811268837,13.603422040036767],[76.45675287771864,13.604529757608416],[76.4559893448138,13.604559726814776],[76.45667811268837,13.603422040036767]],[[76.45756165269816,13.60337624511332],[76.45730025260443,13.603390486767458],[76.45667811268837,13.603422040036767],[76.45756165269816,13.60337624511332]],[[76.45836786224372,13.602652696449384],[76.4575411477701,13.60292334933298],[76.45836452036893,13.601376963745572],[76.45836786224372,13.602652696449384]],[[76.4596483305356,13.599629465034731],[76.4602823098493,13.60049741480782],[76.4589198045647,13.600410340660117],[76.4596483305356,13.599629465034731]],[[76.4581001752864,13.59756143649975],[76.45855758792203,13.598177652931566],[76.45793360723938,13.597430210476201],[76.4581001752864,13.59756143649975]],[[76.45742059475002,13.597032415148472],[76.4575606887448,13.597136402060203],[76.45787174147212,13.59738147124279],[76.45742059475002,13.597032415148472]],[[76.45537944697845,13.595449643370895],[76.45561680324019,13.595301177562094],[76.45574299408777,13.595660287102309],[76.45537944697845,13.595449643370895]],[[76.45506697792655,13.594497252965995],[76.45526584313043,13.595103119263733],[76.45537944697845,13.595449643370895],[76.45506697792655,13.594497252965995]],[[76.45492147683274,13.59366214737143],[76.45498051192459,13.594000553969355],[76.45506697792655,13.594497252965995],[76.45492147683274,13.59366214737143]],[[76.4537752264691,13.5908881800697],[76.45447711355679,13.590877126687491],[76.45492147683274,13.59366214737143],[76.4537752264691,13.5908881800697]],[[76.45304347002417,13.590924768688264],[76.45346745748307,13.590903538534773],[76.45351702911735,13.590901066159518],[76.45304347002417,13.590924768688264]],[[76.45227855240891,13.590963258912492],[76.45285548362496,13.59093420699215],[76.45304347002417,13.590924768688264],[76.45227855240891,13.590963258912492]],[[76.45142056003137,13.59095379562495],[76.45202909447613,13.5909754838022],[76.45026083971624,13.59091255839282],[76.45142056003137,13.59095379562495]],[[76.44933420023564,13.590963172250504],[76.44980121205661,13.59089619350155],[76.45026083971624,13.59091255839282],[76.44933420023564,13.590963172250504]],[[76.44774785829858,13.591351702476707],[76.4481098709765,13.591133673906516],[76.44933420023564,13.590963172250504],[76.44774785829858,13.591351702476707]],[[76.44343698469117,13.593058284597602],[76.44465939298226,13.592732987576504],[76.44533207716556,13.592561484231355],[76.44343698469117,13.593058284597602]],[[76.44283039732984,13.59324787744019],[76.44299470629655,13.593184175618363],[76.44343698469117,13.593058284597602],[76.44283039732984,13.59324787744019]],[[76.43969282740086,13.594095213477795],[76.4398884335351,13.594070563257624],[76.44005542154481,13.594049534022973],[76.43969282740086,13.594095213477795]],[[76.43854431654417,13.593481594334031],[76.43926205947565,13.593514142346423],[76.43923952282077,13.593858539134633],[76.43854431654417,13.593481594334031]],[[76.43705551399071,13.593597791408286],[76.43729984318642,13.593351883861727],[76.43797610420475,13.593426029456447],[76.43705551399071,13.593597791408286]],[[76.43618963989854,13.593777318154089],[76.43662128814414,13.593687665988805],[76.43705551399071,13.593597791408286],[76.43618963989854,13.593777318154089]],[[76.43599248518736,13.59379253219496],[76.43610321318317,13.593783977741477],[76.43618963989854,13.593777318154089],[76.43599248518736,13.59379253219496]],[[76.43571746629532,13.593813861358742],[76.43573812652397,13.593812250230753],[76.43599248518736,13.59379253219496],[76.43571746629532,13.593813861358742]],[[76.43543105426082,13.593836203802349],[76.43559162528331,13.593823677546132],[76.43492420877105,13.593876096678434],[76.43543105426082,13.593836203802349]],[[76.43422835808977,13.593865827497037],[76.43430772460943,13.593885724417262],[76.4343627177387,13.593899511516954],[76.43422835808977,13.593865827497037]],[[76.42782080953661,13.59082038776162],[76.42823457944385,13.591246651681764],[76.4293461419698,13.592395137740324],[76.42782080953661,13.59082038776162]],[[76.42725387839683,13.588835249009042],[76.42739248517316,13.589340805572448],[76.4268892823607,13.587648889041262],[76.42725387839683,13.588835249009042]],[[76.42427771621777,13.58111296462086],[76.42437956910503,13.58124021384529],[76.42482639987377,13.581799299452086],[76.42427771621777,13.58111296462086]],[[76.42358006992619,13.58065515126411],[76.42412351915947,13.580920313321547],[76.42427771621777,13.58111296462086],[76.42358006992619,13.58065515126411]],[[76.4201563109704,13.579045568069915],[76.42096377925203,13.579378510896905],[76.42307486366641,13.580408636948567],[76.4201563109704,13.579045568069915]],[[76.41753646668197,13.578545970585028],[76.41893443804965,13.578541791708286],[76.4201563109704,13.579045568069915],[76.41753646668197,13.578545970585028]],[[76.41558633557172,13.57853756487414],[76.41623688308616,13.57853912702445],[76.41645587338549,13.578540183407725],[76.41558633557172,13.57853756487414]],[[76.41113398397623,13.579203143767815],[76.41183440201087,13.578847231969595],[76.4109374309926,13.579303432039215],[76.41113398397623,13.579203143767815]],[[76.41010644572226,13.579727425524593],[76.41081997401828,13.579363361566376],[76.4109374309926,13.579303432039215],[76.41010644572226,13.579727425524593]],[[76.4091872308805,13.58089660862454],[76.40940248843994,13.580088844102118],[76.41010644572226,13.579727425524593],[76.4091872308805,13.58089660862454]],[[76.40757105393807,13.58539460264162],[76.40765293172252,13.585222599904078],[76.40744755301381,13.585654073385868],[76.40757105393807,13.58539460264162]],[[76.40641158404145,13.587202404416727],[76.40674728513437,13.586693241594256],[76.40693363670458,13.586422301068572],[76.40641158404145,13.587202404416727]],[[76.40552000828521,13.5892509290896],[76.40579090981029,13.588189657703566],[76.40641158404145,13.587202404416727],[76.40552000828521,13.5892509290896]],[[76.40184179315229,13.592151016752709],[76.40203036807706,13.592140228550665],[76.40186236931368,13.592267854845137],[76.40184179315229,13.592151016752709]],[[76.39966788546374,13.594065040243192],[76.39966189474369,13.59393952438468],[76.39967598127322,13.594234645826637],[76.39966788546374,13.594065040243192]],[[76.3996191070664,13.594826401136881],[76.39969047907826,13.594821281714498],[76.39953205256786,13.59483265202345],[76.3996191070664,13.594826401136881]],[[76.39797546644166,13.593018298648026],[76.39799786476574,13.593237166011466],[76.39796184519768,13.592895448812584],[76.39797546644166,13.593018298648026]],[[76.39795057863901,13.591933686149583],[76.39795912574978,13.592648122216158],[76.39796184519768,13.592895448812584],[76.39795057863901,13.591933686149583]],[[76.39793751929597,13.59095839699751],[76.39794439793613,13.591460210857015],[76.39795057863901,13.591933686149583],[76.39793751929597,13.59095839699751]],[[76.39793068489698,13.590954691856364],[76.39793747637067,13.590955461297494],[76.39793751929597,13.59095839699751],[76.39793068489698,13.590954691856364]],[[76.39734217809314,13.59055681434581],[76.39737854959783,13.590655362066212],[76.39714953046042,13.590531203639012],[76.39734217809314,13.59055681434581]],[[76.39651701868885,13.590447155206729],[76.39692018037687,13.590500717070034],[76.39637047285696,13.590427697908822],[76.39651701868885,13.590447155206729]],[[76.39531484577421,13.590423506004294],[76.39619348567408,13.590404204651778],[76.3963040999821,13.59041888823612],[76.39531484577421,13.590423506004294]],[[76.3951426014286,13.590340281656577],[76.39522133093273,13.59042176980566],[76.39479487060929,13.590413852133782],[76.3951426014286,13.590340281656577]],[[76.39435991656552,13.590330281799925],[76.39449283484231,13.590364163806502],[76.3941150423213,13.59041485339325],[76.39435991656552,13.590330281799925]],[[76.39231734972168,13.590656055349118],[76.3928713155742,13.590480619210458],[76.39362732918408,13.59048029136781],[76.39231734972168,13.590656055349118]],[[76.39113970456224,13.588405675668449],[76.39129245812721,13.588701880241205],[76.3911242230119,13.588382052200506],[76.39113970456224,13.588405675668449]],[[76.38991511384909,13.586589687056039],[76.39029828741643,13.587121966163915],[76.39042957647267,13.587322497643834],[76.38991511384909,13.586589687056039]],[[76.3891467321642,13.585579673583913],[76.38928372932463,13.585759254587332],[76.38991511384909,13.586589687056039],[76.3891467321642,13.585579673583913]],[[76.3878387304672,13.583734169610237],[76.38807613570367,13.58407071193467],[76.38768430264165,13.58352033629879],[76.3878387304672,13.583734169610237]],[[76.38611967763869,13.58147138694761],[76.38663695381732,13.582102268919906],[76.38727484938237,13.582984138175684],[76.38611967763869,13.58147138694761]],[[76.38544373483028,13.580743190517111],[76.38562203776361,13.580934260048263],[76.38577509298968,13.58109887012308],[76.38544373483028,13.580743190517111]],[[76.3849952925392,13.580367962096659],[76.38539099701728,13.580686829967977],[76.38541972725112,13.580717533571265],[76.3849952925392,13.580367962096659]],[[76.38106622110854,13.579683582021717],[76.3815049712478,13.577478644658438],[76.38342819869163,13.579097683730291],[76.38106622110854,13.579683582021717]],[[76.38055113877297,13.581915453545507],[76.38070651393116,13.581333325551388],[76.38080396641907,13.580971023277414],[76.38055113877297,13.581915453545507]],[[76.37983964893945,13.584607066150603],[76.38006316867519,13.583752613842597],[76.38029561130332,13.582872802388495],[76.37983964893945,13.584607066150603]],[[76.37919438405575,13.587219142087346],[76.37954794930799,13.585746330649771],[76.37983964893945,13.584607066150603],[76.37919438405575,13.587219142087346]],[[76.37906207672361,13.587789308465117],[76.37909272265871,13.587656884686922],[76.37919438405575,13.587219142087346],[76.37906207672361,13.587789308465117]],[[76.377226375162,13.59005858829574],[76.37808753415685,13.589499548056919],[76.37848706862877,13.58924578431667],[76.377226375162,13.59005858829574]],[[76.35689217489258,13.581713037919608],[76.35924467848777,13.582751457680176],[76.35515229205926,13.580947324998013],[76.35689217489258,13.581713037919608]],[[76.36642881565854,13.54854086211603],[76.36636812844758,13.548428564187487],[76.36653272808812,13.548507517456532],[76.36642881565854,13.54854086211603]],[[76.36411415755506,13.545390685037336],[76.34304749642376,13.513419862145637],[76.32131333840249,13.537212377913328],[76.29372453158322,13.527184436636206],[76.2925377200458,13.504696886005135],[76.23355400183333,13.50701753685505],[76.23208339204622,13.46888289430179],[76.1981068682455,13.46932730515867],[76.19954959890023,13.450804195818263],[76.18728342512188,13.452784699026662],[76.19403236980182,13.468757787189869],[76.16202697789953,13.469589811877787],[76.13879907501097,13.442338683671144],[76.13940392497788,13.406569315361839],[76.08909926937515,13.392443993146527],[76.08908551606662,13.371665796300993],[76.04143749920016,13.373979783374116],[76.02985191719274,13.342704991008786],[76.03668768426803,13.249518414357711],[75.98215307725818,13.266657703016069],[75.93741884334959,13.256212504438933],[75.90016789251578,13.266116606561777],[75.8600562524676,13.243953990139838],[75.85694543633618,13.258368437242494],[75.81341216694096,13.26086037828138],[75.80558734525161,13.21562710156758],[75.74319868613264,13.207408479211791],[75.7303707149786,13.163569945431789],[75.75379652031098,13.13721452638143],[75.72664928346614,13.096003852308195],[75.74258111297094,13.071097536900556],[75.74051975026572,13.029845596914589],[75.69438537700597,13.044941522477547],[75.63996508085727,13.024838012401398],[75.59481417575603,12.944193587959264],[75.54586677105617,12.904380436976039],[75.55380608033029,12.869310406187628],[75.60134731737614,12.874343791670473],[75.622398658562,12.856613121254885],[75.61287642338567,12.79654767180989],[75.6607241101815,12.746399890008089],[75.65520530538957,12.720155294971416],[75.62920054071147,12.70017389313399],[75.6365461147519,12.69164897035149],[75.71329177803051,12.707461091244763],[75.7604672605425,12.673605686968752],[75.80750752074204,12.701278378520685],[75.83491743584153,12.670868925089886],[75.87886603139987,12.671891399872095],[75.8849052137836,12.707854923986133],[75.85301536331922,12.72471610241498],[75.84901089649874,12.749919422675102],[75.87385569567506,12.777449382512604],[75.86360671658773,12.818988203145107],[75.88078121222442,12.833953122371051],[75.92719896420398,12.822770806481179],[75.9313354380453,12.807349757566175],[75.9675139057508,12.80371980792524],[75.9714821820008,12.784501025446636],[75.93281975362785,12.762587737861567],[75.93532535203859,12.731810359791268],[75.96385823217874,12.709881468692188],[75.93801642926077,12.643571814429759],[75.95536980101313,12.573884486279393],[75.96689397609903,12.559661854859966],[75.99361921800146,12.58822739381781],[76.01408642926394,12.569082510356422],[76.04596686219318,12.577578695087787],[76.04776989233538,12.561299927524647],[76.11583863277612,12.513038443807645],[76.11581854831965,12.528723812464168],[76.15072541467076,12.548969572862076],[76.15225459905089,12.580144760747244],[76.19643443709357,12.577485126468464],[76.21821344742342,12.64410284743714],[76.32715911076754,12.610125040749026],[76.32293567571361,12.63425698273149],[76.36277763742044,12.697277453665054],[76.33940787907784,12.73307045127452],[76.35728640018542,12.74954074833019],[76.33184188823904,12.811871451576],[76.36798430243755,12.808414305417191],[76.37086865114169,12.829918092330983],[76.4072977295964,12.845361872963391],[76.41485484425714,12.865706321804813],[76.42423400248605,12.826018589479537],[76.46960959352081,12.800868717474591],[76.45686177499617,12.776685468550715],[76.47573716796661,12.770935949405315],[76.48948135855794,12.784671514202975],[76.49087699668657,12.765225532007875],[76.49191728029994,12.80794329440433],[76.52032701189931,12.841453588332737],[76.57713756309538,12.84621391692144],[76.5747072839827,12.866987639642055],[76.59601702609687,12.880244401643676],[76.59593426534367,12.920879421456718],[76.61548366108123,12.93673633863999],[76.61055195015128,12.966205960665107],[76.63409924057949,12.98119592767726],[76.63199233005278,13.003956277358785],[76.60450768690077,13.01464762816821],[76.61828234123473,13.063930256862074],[76.51180350480008,13.070796695534394],[76.49512240213893,13.094430873862743],[76.4713872811855,13.093289533162894],[76.47337346849078,13.14978044713897],[76.4133424268846,13.191248815680567],[76.37000395641968,13.20008813715919],[76.37995147432875,13.232312930688177],[76.35664492718459,13.250465751873271],[76.34594586662176,13.359929609145974],[76.39351442133157,13.378837351392265],[76.4194625203453,13.449578359199144],[76.3974783284238,13.505475892274664],[76.4246934745476,13.523936727508996],[76.36411415755506,13.545390685037336]],[[77.12612822532788,12.24303759705884],[77.12289286999432,12.19440286148881],[77.04419379866685,12.166865538001563],[77.04201017909504,12.129154284233461],[77.01223954165562,12.137038429004749],[77.01398045573833,12.162521233450331],[76.99222336600684,12.176194421962114],[76.98888138407757,12.14067163628742],[76.9486375337209,12.097847638901307],[76.89042957422767,12.121687511107854],[76.8712506178731,12.1408782320789],[76.87129955208133,12.173992178524871],[76.85124476315508,12.179224909486626],[76.83312461933497,12.12914691471903],[76.87670876990158,12.115370152605255],[76.88384547367183,12.083288313879182],[76.87054786597622,12.055999117540539],[76.93896889385626,12.02649939436844],[76.90433567631074,11.998527032153056],[76.8823088286867,12.015191397041004],[76.8370459110588,11.999702925713983],[76.82048305818954,12.028112100796175],[76.79496960701941,12.014466379142736],[76.79259921637168,11.986519011892971],[76.74103733210629,12.009322977692674],[76.71601779270095,11.984018748269477],[76.6597501810977,12.007769636326449],[76.64284830498711,11.982085879382948],[76.57852877779317,11.988344931591735],[76.55787985426886,11.947658197638075],[76.57698848886933,11.922688287793248],[76.55432381099862,11.858314607732105],[76.53170419888218,11.874848866144015],[76.48904476262007,11.863398650910943],[76.48586693647272,11.822631226942043],[76.4598306340857,11.820128037402672],[76.455470967304,11.796585640889768],[76.41085905133477,11.80909912466157],[76.42766966448262,11.79424523969303],[76.41150482388211,11.786800363391134],[76.42300862188333,11.776298153621353],[76.41329455314558,11.740162899398953],[76.42744304685135,11.725977081217943],[76.40346212453122,11.70775967005696],[76.41672621196528,11.671742629039423],[76.45667093751597,11.66445630772037],[76.51167532387801,11.704978590199424],[76.55138427943636,11.672318049098049],[76.55967428181606,11.62519499573971],[76.5765033138099,11.61477568883279],[76.75691578608797,11.618436854776508],[76.84693266130174,11.594471498691258],[76.858124540077,11.614029850504325],[76.83373606860862,11.648957137831394],[76.9088441866719,11.795053111827814],[76.96992269874781,11.77685973573883],[76.9829906362635,11.811848920684232],[77.01294023997144,11.814615034763872],[77.03874926843135,11.79384669177619],[77.02886476375666,11.774674732742568],[77.06294256564887,11.790396713427702],[77.05987083631675,11.764231222061076],[77.11482115072003,11.721748408103862],[77.11074656172818,11.77347245279932],[77.23860169449803,11.794652748194066],[77.24987603454551,11.813012677877596],[77.29385437869021,11.80899827828816],[77.33514883211551,11.771230779678705],[77.38802365703474,11.788464998735476],[77.42893648473529,11.76263392838387],[77.46639873334453,11.846312717647516],[77.46150841394815,11.899382328307045],[77.48629716667315,11.888608072390598],[77.49536537400552,11.94405464077459],[77.5379839102043,11.932385395097862],[77.67566988695968,11.952011607155711],[77.70840935381501,12.035204599898629],[77.7767038885163,12.113650644772614],[77.73130873939546,12.18007361001432],[77.6125421443603,12.205904769497167],[77.51868368287576,12.19447924691126],[77.4722462284286,12.209891317374206],[77.47905950107459,12.271273489973368],[77.55133675340356,12.291206723264613],[77.61680736463268,12.368199513669522],[77.63480476805077,12.486844534136802],[77.62608818546097,12.496308980140741],[77.60742358288563,12.475123835312427],[77.58368012299631,12.478795449453028],[77.6163264909843,12.509180366188888],[77.58720216942686,12.514754731742004],[77.57934283429175,12.573085411078393],[77.6060159004452,12.628003979100317],[77.59406653566317,12.667154142037404],[77.61451510421607,12.711288327091752],[77.59421738396023,12.720516960459998],[77.56807032354604,12.701203118557281],[77.55909758859016,12.713260845263244],[77.5575853019666,12.730945209631189],[77.59843093382568,12.758236927969639],[77.58821949226973,12.78340406609484],[77.56641281757767,12.759233126150571],[77.56356244920217,12.788149503422375],[77.54580217289552,12.800745198798856],[77.54095007878442,12.748115621538194],[77.50284645176637,12.735646896892213],[77.47397090125646,12.75660924420602],[77.47878257489468,12.811452131747277],[77.44923846778383,12.818733503673641],[77.44400694292698,12.806653200809205],[77.41990570976172,12.826236649194547],[77.4377011397982,12.849741782405635],[77.41876949721227,12.869349335117581],[77.43130104670692,12.874911311512955],[77.37943441602992,12.855245923978599],[77.3366071153922,12.876849209423504],[77.3402368611478,12.93321847567898],[77.32113348201275,13.004446292351679],[77.33058550214827,13.047917995756],[77.31066828438703,13.046255767915568],[77.31377372963429,13.10681423203675],[77.291990346626,13.110566754020008],[77.28495665920903,13.13373927289152],[77.26841209771587,13.11884948716353],[77.2741849543882,13.153511907620224],[77.22153264973667,13.14626136859997],[77.20585971075475,13.180986527292314],[77.16831361012552,13.183963396297395],[77.16489205856513,13.19655886473629],[77.11879650353693,13.16348226204411],[77.11593318711311,13.131223230747077],[77.09576285260847,13.146226013230008],[77.07015528909383,13.128549846772705],[77.08172914757093,13.087711574239098],[77.06967198169738,13.03970930529697],[77.11813139120527,13.014484430428675],[77.10321682725933,12.992831688847424],[77.1365942021284,13.001690178860306],[77.14469493413364,12.986161793093638],[77.13110291037056,12.975748557261264],[77.15690209759559,12.958165326805622],[77.16519248447479,12.928871351146343],[77.10566241935773,12.892591367123154],[77.13319076773942,12.88825477162179],[77.13297212931353,12.858791294353823],[77.1572098563444,12.827317590766441],[77.13804028835288,12.812739336544361],[77.14989025963813,12.786780494504129],[77.10113780520649,12.777082277236042],[77.09201895076394,12.751104555148023],[77.07986270670253,12.759692967390412],[77.0741312187177,12.678610773060466],[77.09942406666589,12.673201526699856],[77.10120250836312,12.628914560289315],[77.12272718987093,12.622214051998755],[77.10824518570202,12.607680934013759],[77.12938134206999,12.563232724557736],[77.11392422768222,12.552708595036345],[77.13293795539244,12.516528689528501],[77.12504465194655,12.479904171188895],[77.14674213065217,12.462086062894029],[77.16952644545147,12.48387621274592],[77.23857993860155,12.500196949612718],[77.226066379773,12.489410348600472],[77.2254350717563,12.474658150369299],[77.23001906069626,12.48423510884162],[77.23344978339662,12.484050837597913],[77.23629417291592,12.470927053637093],[77.2694273329118,12.464760467659252],[77.28498319179245,12.393945858022594],[77.31220355983834,12.392284254194161],[77.33242316090961,12.353740756446102],[77.3250361766071,12.305974337140022],[77.30604129534757,12.296708323260786],[77.26973648386914,12.312532061476022],[77.16643154904881,12.310059999344483],[77.1690085661008,12.258999007972239],[77.12612822532788,12.24303759705884]],[[77.20384082381861,13.185141163417137],[77.20316712681694,13.184349026273647],[77.20272412274973,13.182092477990867],[77.20384082381861,13.185141163417137]],[[74.71662527025202,15.411071635648618],[74.71662843071175,15.411083653924917],[74.71662820929075,15.41108281387942],[74.71662527025202,15.411071635648618]],[[74.71664681212266,15.411153555727855],[74.71668273079763,15.411151731127317],[74.71668539452531,15.41115159635395],[74.71664681212266,15.411153555727855]],[[74.72844032867276,15.408921818500264],[74.72844054474871,15.408921775260163],[74.72844049812682,15.40892181370652],[74.72844032867276,15.408921818500264]],[[74.74196724769429,15.411770721766477],[74.76805122379962,15.417380879697063],[74.76554898304329,15.398333855673068],[74.79530932894048,15.377678876195553],[74.82016708619425,15.385225078538692],[74.82910991489979,15.339797463417982],[74.85481848756493,15.340497598264053],[74.87500027443215,15.300164882844516],[74.90041369226861,15.294336622497632],[74.91021314541891,15.251832345575737],[74.82895172253066,15.139679219771477],[74.8583594227576,15.104210302682825],[74.892560006434,15.096634173936515],[74.87736892528446,15.073767072444658],[74.89082040608191,15.045468791536061],[74.9173341615845,15.0389031423801],[74.94027078806057,15.066575970502177],[75.08253868568931,15.074595454560383],[75.06813051192736,15.014719383405081],[75.10337171243367,14.935078295082608],[75.06706766900963,14.91909755144254],[75.06768574970015,14.83676982083737],[75.09168318691901,14.811060112552802],[75.05530578972511,14.81461995781978],[75.07076406861898,14.78241561959565],[75.0405905996759,14.774098729018004],[75.04767335297355,14.744143065500063],[75.01444058055593,14.720230162463583],[75.0329178500599,14.710005827402552],[75.03533409218849,14.65797220625539],[75.09794510782436,14.652504006262967],[75.15830156702336,14.617509976450329],[75.16941727862267,14.634606295333684],[75.19764187565211,14.623520751233883],[75.20537569740027,14.63803711718008],[75.20527140000252,14.597513816458786],[75.18123823161018,14.597874155667041],[75.18383616217704,14.585862089001656],[75.20668928405959,14.57195084349524],[75.22534675301762,14.585198605222827],[75.23464823356505,14.555624512811947],[75.24380466026167,14.577575843617248],[75.26538586487239,14.580902983469281],[75.29768664190537,14.540427611052603],[75.26722332833512,14.514338893476266],[75.3245563393705,14.50980360843049],[75.34642873457024,14.48558702353615],[75.34418539669387,14.434187670645526],[75.38225305907706,14.433810889941721],[75.37768509062455,14.407371333535345],[75.35901422799975,14.409155684408093],[75.34939011909549,14.388696475330756],[75.47737045912164,14.317783888443888],[75.47673379665835,14.345154488375027],[75.49978948499032,14.34365911143755],[75.50390539749328,14.307890520483094],[75.53373863545049,14.290322129772424],[75.5269617766654,14.203171304404412],[75.5072834251601,14.218913423939076],[75.45329323719072,14.20514629273498],[75.48385874766224,14.176735102767342],[75.42291926152213,14.150484004814981],[75.39672813183033,14.118059827103089],[75.43849288435948,14.098498610453628],[75.51085724381143,14.101438216823205],[75.60505784192958,14.057412792496404],[75.63264144316018,14.080504752912097],[75.67392405939955,14.065672494035296],[75.72747566775823,14.076830669851315],[75.75894971929843,14.110628817344182],[75.81283845462562,14.10376193701283],[75.82097994448435,14.063615419880444],[75.79898623148715,14.033448671240897],[75.82452354973937,14.017081641949991],[75.83219141915156,13.968821636681762],[75.86968818869417,13.903661503402304],[75.87674619430862,13.809185184622047],[75.9462086985851,13.813945994228567],[75.96898670754338,13.854707118627706],[75.98840134426396,13.847820754255201],[76.02991502742734,13.867464577283691],[76.0292552695398,13.920403367182802],[76.04482298214964,13.942020301459921],[76.06597076736367,13.941361646093993],[76.07229651516614,13.982160000000206],[76.04355543830704,13.987262293007769],[76.05450022899049,14.089722177293666],[76.03398051192829,14.09080639976158],[76.02506074102727,14.113087539729177],[76.04569012796303,14.155443757692035],[76.06384474423201,14.159963298982854],[76.06079805221756,14.222257180175657],[76.07982720042904,14.247103595773924],[76.13456935212976,14.2560832494036],[76.10594231682495,14.308909843080235],[76.15879088982034,14.329440245748026],[76.1534911868684,14.397001845261597],[76.13606969275256,14.426972154943003],[76.17371183904899,14.447945732389753],[76.17459004713162,14.462421864719948],[76.21884587188353,14.441945626645216],[76.26008586625004,14.444458097422547],[76.28187168119611,14.404597018726944],[76.37819016630547,14.417706802556859],[76.42391741662387,14.44946752065259],[76.45990782151505,14.450251558811376],[76.46114999389299,14.504850921700786],[76.50824982679175,14.516269270534774],[76.53307426893225,14.54326936767301],[76.50527497733437,14.56547849250808],[76.42370379866831,14.580920131809595],[76.43294075448122,14.617969638213891],[76.39365429537004,14.626765364333878],[76.39017800785687,14.64827680080564],[76.37507815398439,14.646318143194323],[76.37971938353624,14.661991667062392],[76.34284158491052,14.66572413220882],[76.33785934413125,14.685923014644363],[76.27942583410756,14.68505157998853],[76.25683930403794,14.700989806031433],[76.23047236144474,14.649235408428456],[76.19359143067719,14.69774652354978],[76.14544979225929,14.705234419873934],[76.10947965868169,14.686488681607104],[76.10800386488933,14.659863518630928],[76.14608338618321,14.614860829477221],[76.11526451749249,14.568069387487977],[76.12880575292614,14.527048288424972],[76.05273100118546,14.505451568211768],[76.03708450753084,14.52118675935001],[75.95299387822674,14.521699484940086],[75.93933450423202,14.560427936478517],[75.91024102095128,14.562923624003204],[75.86834370968536,14.593725989953441],[75.86629506414853,14.614210334691041],[75.83219052313116,14.607280347637698],[75.83443866151548,14.635944067821946],[75.8076787462016,14.63595177288438],[75.79592651044904,14.683163913658738],[75.74153933912439,14.684615449256365],[75.76000697018851,14.737706145268604],[75.70429092120713,14.723948787967828],[75.72075002848138,14.775951902580035],[75.66361382256314,14.803276626176615],[75.6905708856843,14.856781613195789],[75.73250213902467,14.863861562502176],[75.73905709110338,14.886860541481665],[75.69674429789798,14.891334606597555],[75.68876520111301,14.975156387720325],[75.63219038115666,14.991419119540822],[75.59612381997472,14.956121613190877],[75.54130406768371,14.978324194699708],[75.53308818764499,15.034682493739178],[75.41683252538526,15.061273664609132],[75.43392614011272,15.10802249018789],[75.41160849328068,15.161944897745093],[75.39551770765134,15.165172925482565],[75.39827423870831,15.200834614561156],[75.44933100470492,15.208030617493923],[75.4159992928559,15.234243135240702],[75.40214300603212,15.273248264329807],[75.41625396516118,15.274746884644175],[75.41225087873342,15.300173077730049],[75.44995620979651,15.301438920066836],[75.44529503493553,15.386300932031926],[75.46862880322533,15.385553304490996],[75.46948152976587,15.39699917597881],[75.48990239140664,15.372403581343507],[75.49442909527674,15.469615699563157],[75.47103914980453,15.493113390846847],[75.47359835312139,15.519720749574306],[75.52948082417278,15.538129874505271],[75.554279951417,15.646899059101546],[75.50221144227301,15.647551787267924],[75.4873565362513,15.703323385260871],[75.41063266028594,15.65530484219562],[75.36256774285683,15.668954851203045],[75.3599488821523,15.645697361509356],[75.33602622996078,15.64794255810188],[75.33664990478462,15.6739563700927],[75.29502649654398,15.691767956055237],[75.2773394877598,15.68900605755065],[75.27319189796393,15.648055653301942],[75.24879865581369,15.647119495875526],[75.23612905311046,15.67926802367964],[75.2033577399157,15.681435696011619],[75.2023205028855,15.649167298438899],[75.10724739915106,15.6721781892915],[75.09218603879803,15.60852642281295],[75.05567424080088,15.63264475064445],[75.0633193748626,15.669235057611827],[75.04982741857201,15.682782531589522],[75.01941599692267,15.644789725274237],[74.96693997535476,15.653076043568902],[74.9651977481662,15.626412755294028],[74.89202649186937,15.630686199342025],[74.83030188344661,15.610051001537627],[74.84085273851763,15.57461455635686],[74.79721176899743,15.547556354067762],[74.81437244549282,15.503965559661136],[74.78603731424907,15.485843073145816],[74.77826504311625,15.458540781651752],[74.7481855653942,15.495365095447738],[74.72668362303332,15.488006161425835],[74.74345738126638,15.466060697944087],[74.72941204346058,15.430774382540735],[74.74196724769429,15.411770721766477]],[[75.05246578932814,14.648655381387766],[75.05247911084902,14.648647577768502],[75.0524527718371,14.64866302606811],[75.05246578932814,14.648655381387766]],[[75.05044537335077,14.646646082031644],[75.05053353183722,14.646406392168458],[75.050517646679,14.646686841154132],[75.05044537335077,14.646646082031644]],[[75.05045668422511,14.644045911899115],[75.05017194028495,14.641850752596966],[75.05061577653942,14.64495437998201],[75.05045668422511,14.644045911899115]],[[75.04771803808801,14.64142631608357],[75.04481620587207,14.640482265912723],[75.04278250061006,14.639392858854379],[75.04771803808801,14.64142631608357]],[[75.04091451378085,14.639021242828552],[75.04086046671165,14.638563510979012],[75.041141284327,14.63923418984849],[75.04091451378085,14.639021242828552]],[[75.04040208892835,14.637690120920535],[75.03985360516315,14.637322310105526],[75.03973211040729,14.636954680776954],[75.04040208892835,14.637690120920535]],[[75.0396619802479,14.63693063601057],[75.03948829175762,14.63700401062429],[75.03970368623847,14.63689914487818],[75.0396619802479,14.63693063601057]],[[75.03895338211524,14.634853404395267],[75.03861256330843,14.634664601233029],[75.03845453490148,14.634379804527168],[75.03895338211524,14.634853404395267]],[[75.0378658597099,14.633756891170972],[75.03742322185748,14.633867240691915],[75.03698345211788,14.633287689247618],[75.0378658597099,14.633756891170972]],[[75.03698345211788,14.633287689247618],[75.0369402376171,14.632949858046292],[75.03711247159036,14.632165736168755],[75.03698345211788,14.633287689247618]],[[75.03206990429034,14.623199080013853],[75.02729965322962,14.613898090529585],[75.03301337664114,14.624701784485865],[75.03206990429034,14.623199080013853]],[[75.02719506815578,14.613277740540125],[75.02693541216284,14.613261129176099],[75.02708984108595,14.612653582529303],[75.02719506815578,14.613277740540125]],[[75.02539586462424,14.607757314657173],[75.02523507989555,14.607979147491836],[75.02494079812134,14.607846053929974],[75.02539586462424,14.607757314657173]],[[75.02438779001581,14.608079131314527],[75.02437888379251,14.608090779119214],[75.0243784992586,14.608091277488752],[75.02438779001581,14.608079131314527]],[[75.0243784992586,14.608091277488752],[75.02409341931518,14.607845146649153],[75.0240740045557,14.607810268052548],[75.0243784992586,14.608091277488752]],[[75.0240506274732,14.60776826735828],[75.02385385565839,14.60722581058578],[75.0240740045557,14.607810268052548],[75.0240506274732,14.60776826735828]],[[75.02392415153898,14.606783308054709],[75.02430590955153,14.60679461902518],[75.02385385565839,14.60722581058578],[75.02392415153898,14.606783308054709]],[[75.0241990000882,14.605993993101288],[75.02507122259559,14.60601284157839],[75.02441351704223,14.606601769609759],[75.0241990000882,14.605993993101288]],[[75.02536235555854,14.604875404227606],[75.02294541739845,14.601949228401306],[75.02484571001936,14.599618253733434],[75.02536235555854,14.604875404227606]],[[75.02430814149864,14.598694614311801],[75.0244974317571,14.598987338977619],[75.02428160768447,14.598742784523482],[75.02430814149864,14.598694614311801]],[[75.02531885528263,14.592237504378005],[75.02532045811493,14.592196947423318],[75.02535932880606,14.592064229888745],[75.02531885528263,14.592237504378005]],[[75.02550794804597,14.590672652168806],[75.0254968412388,14.591475514241175],[75.02546135124379,14.590806101598274],[75.02550794804597,14.590672652168806]],[[75.02644061303248,14.585968289584336],[75.02631427472865,14.58669429679706],[75.02640889965242,14.586150182795565],[75.02644061303248,14.585968289584336]],[[75.02718005005408,14.5857282630484],[75.02681196821743,14.585812028026698],[75.02681374747732,14.585774492267882],[75.02718005005408,14.5857282630484]],[[75.02786224676898,14.584925698842412],[75.02764500761582,14.58512747838743],[75.02772721918258,14.585034256213014],[75.02786224676898,14.584925698842412]],[[75.02589096386424,14.582313373927834],[75.0259275156022,14.582211975419765],[75.02590580534613,14.582369013986956],[75.02589096386424,14.582313373927834]],[[75.02611018613011,14.581951909096247],[75.02609943081156,14.581916375164269],[75.02611696428735,14.581883399890437],[75.02611018613011,14.581951909096247]],[[75.02525420545219,14.58131828565564],[75.02471308112641,14.581241286754594],[75.02533031059727,14.581304121807376],[75.02525420545219,14.58131828565564]],[[75.02471308112641,14.581241286754594],[75.02379082711931,14.580722538297314],[75.02341073555021,14.579578610549754],[75.02471308112641,14.581241286754594]],[[75.02316673063568,14.578447473544205],[75.02281914915282,14.579310946058257],[75.02310832269538,14.578459304565282],[75.02316673063568,14.578447473544205]],[[75.02316673063568,14.578447473544205],[75.02333770486084,14.578413417012081],[75.02468447370529,14.57816124459135],[75.02316673063568,14.578447473544205]],[[75.02461187258584,14.576773120365436],[75.024052769346,14.576002770550614],[75.02478439434645,14.576926581620885],[75.02461187258584,14.576773120365436]],[[75.02291134707315,14.575363057732195],[75.02306128926237,14.57498600232654],[75.02301412461163,14.575255988453264],[75.02291134707315,14.575363057732195]],[[75.02291134707315,14.575363057732195],[75.0226673945495,14.575478153158988],[75.02241076785535,14.575006269105572],[75.02291134707315,14.575363057732195]],[[75.02151402084905,14.574903532803493],[75.02138837166412,14.574883530803278],[75.02121065630814,14.574835603152605],[75.02151402084905,14.574903532803493]],[[75.02080759332145,14.574708663659017],[75.021065439169,14.574810330447605],[75.02099317610872,14.574797754179375],[75.02080759332145,14.574708663659017]],[[75.020762994469,14.574673819686396],[75.02084667705654,14.574590087533544],[75.02080759332145,14.574708663659017],[75.020762994469,14.574673819686396]],[[75.02062232845098,14.574393508410502],[75.02065906905067,14.573925240292139],[75.02061381121126,14.574498631423953],[75.02062232845098,14.574393508410502]],[[75.02056828093703,14.57344153571985],[75.02055339875929,14.57336177101508],[75.02065906905067,14.573925240292139],[75.02056828093703,14.57344153571985]],[[75.02055339875929,14.57336177101508],[75.02051961511646,14.572870824869366],[75.0207185330145,14.572381050060624],[75.02055339875929,14.57336177101508]],[[75.02069999716937,14.57135235254067],[75.02100597814457,14.570673933254726],[75.0207521407762,14.572181455881452],[75.02069999716937,14.57135235254067]],[[75.02100597814457,14.570673933254726],[75.02134629996468,14.569961621488583],[75.02181551906791,14.569533134781992],[75.02100597814457,14.570673933254726]],[[75.02181551906791,14.569533134781992],[75.02135817875381,14.568980464902769],[75.02156392382163,14.568557321064327],[75.02181551906791,14.569533134781992]],[[75.02164843691354,14.568383409252501],[75.02176860365337,14.568340219351674],[75.02156392382163,14.568557321064327],[75.02164843691354,14.568383409252501]],[[75.02163592496771,14.567504107164055],[75.02215285489831,14.566806660140019],[75.02162952896006,14.567521022746641],[75.02163592496771,14.567504107164055]],[[75.02235185474258,14.566115542004319],[75.02252352389607,14.565563624274771],[75.02245829192475,14.56642450689267],[75.02235185474258,14.566115542004319]],[[75.02265166335822,14.563872535788537],[75.02257485957439,14.564886134506382],[75.02231286750148,14.5641780835939],[75.02265166335822,14.563872535788537]],[[75.02384563989887,14.56175013545489],[75.0230568589258,14.561761504531288],[75.02330443450498,14.561663274177386],[75.02384563989887,14.56175013545489]],[[75.02437287844256,14.561421694954092],[75.02418995831437,14.561433826673014],[75.02438194686147,14.561418708422615],[75.02437287844256,14.561421694954092]],[[75.02418995831437,14.561433826673014],[75.0239452427884,14.561406823625108],[75.02395727439026,14.56109668905663],[75.02418995831437,14.561433826673014]],[[75.02395727439026,14.56109668905663],[75.02436421599299,14.560614281997633],[75.02566319675412,14.560722339241089],[75.02395727439026,14.56109668905663]],[[75.03655398536331,14.555618108231098],[75.03662127547102,14.555447420774392],[75.0372858220384,14.554050293183996],[75.03655398536331,14.555618108231098]],[[75.03745973327143,14.553685786106891],[75.03748059481586,14.553669630375037],[75.0372858220384,14.554050293183996],[75.03745973327143,14.553685786106891]],[[75.03989521786853,14.548955486164873],[75.04000617070423,14.548741124787473],[75.04111437997256,14.548229681789072],[75.03989521786853,14.548955486164873]],[[75.0468493999311,14.545957498394001],[75.04855405456615,14.54638132440597],[75.04529586312812,14.54567459227505],[75.0468493999311,14.545957498394001]],[[75.04855405456615,14.54638132440597],[75.05110890600619,14.546716106835461],[75.05263293114295,14.54773889865752],[75.04855405456615,14.54638132440597]],[[75.0559129159955,14.547917280246766],[75.0585671436444,14.545497692673212],[75.06044595633709,14.544754661744264],[75.0559129159955,14.547917280246766]],[[75.06001013844364,14.543951017168775],[75.0603144411715,14.544077049562281],[75.06018727366147,14.544074679051096],[75.06001013844364,14.543951017168775]],[[75.05999889480385,14.543706047794071],[75.06005986076042,14.543654270437049],[75.06001013844364,14.543951017168775],[75.05999889480385,14.543706047794071]],[[75.05918849555358,14.542656222177945],[75.0587838935433,14.542493410368417],[75.06020372068484,14.542795702993626],[75.05918849555358,14.542656222177945]],[[75.0587838935433,14.542493410368417],[75.05845905575357,14.5422719850423],[75.05853591448805,14.541970357488848],[75.0587838935433,14.542493410368417]],[[75.05800257636164,14.540845407470401],[75.05789164165353,14.540872242904758],[75.05772620996375,14.540912259214895],[75.05800257636164,14.540845407470401]],[[75.05666154043257,14.540794190178874],[75.05614875128349,14.540615796989856],[75.05717391405041,14.540935838449279],[75.05666154043257,14.540794190178874]],[[75.05614875128349,14.540615796989856],[75.0554824318104,14.54038413694748],[75.0551228727888,14.540223610412204],[75.05614875128349,14.540615796989856]],[[75.0551228727888,14.540223610412204],[75.05484855814801,14.54000092060024],[75.05477306354264,14.539877912774013],[75.0551228727888,14.540223610412204]],[[75.05477306354264,14.539877912774013],[75.05430713788324,14.539484249084358],[75.05430429331382,14.539465162533752],[75.05477306354264,14.539877912774013]],[[75.0534448765188,14.538708449613825],[75.05333068916022,14.538720772560627],[75.05336052597775,14.53855517368715],[75.0534448765188,14.538708449613825]],[[75.05326541679214,14.538382347901122],[75.05326540471079,14.538382320183583],[75.05322050906625,14.538251575150884],[75.05326541679214,14.538382347901122]],[[75.05322050906625,14.538251575150884],[75.05306081606291,14.538169543941354],[75.05309738143775,14.537541091675307],[75.05322050906625,14.538251575150884]],[[75.05294583629262,14.53666663057557],[75.0529479720701,14.536678954654446],[75.0529460983114,14.53667602486611],[75.05294583629262,14.53666663057557]],[[75.05284691416144,14.536179343198162],[75.05283888128854,14.536169463512264],[75.05283227141148,14.536107213461932],[75.05284691416144,14.536179343198162]],[[75.05283227141148,14.536107213461932],[75.05279684843546,14.535774109003219],[75.05269545861093,14.534833534002301],[75.05283227141148,14.536107213461932]],[[75.05275367565828,14.534839070137425],[75.0527307090672,14.534809688835027],[75.05274182536323,14.534804532272195],[75.05275367565828,14.534839070137425]],[[75.05180843301098,14.53389493002834],[75.05170614050235,14.533838426754105],[75.0516789473529,14.53381852895526],[75.05180843301098,14.53389493002834]],[[75.05097367712204,14.533560162607014],[75.05062531751828,14.53318444012196],[75.05161606127444,14.533780683253852],[75.05097367712204,14.533560162607014]],[[75.0496527194471,14.532506799818389],[75.04951895970603,14.532484597062703],[75.04933603971288,14.532454233473361],[75.0496527194471,14.532506799818389]],[[75.04762116720245,14.532167476722984],[75.04811579810351,14.532250113062142],[75.0479381386351,14.532235069354334],[75.04762116720245,14.532167476722984]],[[75.04698984020868,14.532158946628975],[75.04635934952971,14.531857784046197],[75.04742437632554,14.532195579008418],[75.04698984020868,14.532158946628975]],[[75.04569677722124,14.53162810620481],[75.04542633603656,14.531566251055308],[75.04524615127617,14.531471898658841],[75.04569677722124,14.53162810620481]],[[75.04393270784576,14.530870623032207],[75.04332449376045,14.530660328263984],[75.03821944564899,14.528895138419365],[75.04393270784576,14.530870623032207]],[[75.04128088031862,14.519646705660078],[75.04118317032719,14.521525480540802],[75.04127357656346,14.519723242763671],[75.04128088031862,14.519646705660078]],[[75.04121458234,14.516650203737377],[75.04129836025284,14.516764931461053],[75.0411840791632,14.51669555564499],[75.04121458234,14.516650203737377]],[[75.04130109701646,14.51652147673521],[75.04134497526167,14.516456190313178],[75.04121458234,14.516650203737377],[75.04130109701646,14.51652147673521]],[[75.04165801656754,14.511621729543036],[75.04160893259731,14.511047042813354],[75.0418253419224,14.512428094612753],[75.04165801656754,14.511621729543036]],[[75.04160807000038,14.510962938623479],[75.04167250530226,14.510711898410051],[75.04160893259731,14.511047042813354],[75.04160807000038,14.510962938623479]],[[75.04167696745324,14.508112757765977],[75.04180439991421,14.508232059060242],[75.04167986693136,14.50818535673765],[75.04167696745324,14.508112757765977]],[[75.04031612501517,14.506257460820189],[75.04051753403527,14.507266056038388],[75.04023122605821,14.506691075139317],[75.04031612501517,14.506257460820189]],[[75.0391587592159,14.500019959530686],[75.03638971165296,14.499687773590534],[75.03999520226348,14.500057435575183],[75.0391587592159,14.500019959530686]],[[75.03638971165296,14.499687773590534],[75.03602748122697,14.49974694069146],[75.03559952002453,14.499711887286887],[75.03638971165296,14.499687773590534]],[[75.03559952002453,14.499711887286887],[75.03474363884386,14.499915125082214],[75.03463451390111,14.499930016441729],[75.03559952002453,14.499711887286887]],[[75.03344487343904,14.500159223260935],[75.03322661552971,14.500220443399314],[75.0331386181957,14.500218566571302],[75.03344487343904,14.500159223260935]],[[75.03014935570856,14.49981270441314],[75.03007835166633,14.499775442925008],[75.03018761134447,14.49982913284575],[75.03014935570856,14.49981270441314]],[[75.02929269344702,14.499271039090111],[75.02934205791705,14.49927668978242],[75.02932844272901,14.499276017763751],[75.02929269344702,14.499271039090111]],[[75.02894583211675,14.49922273318797],[75.02881742759801,14.49920484968442],[75.02929269344702,14.499271039090111],[75.02894583211675,14.49922273318797]],[[75.02715335136577,14.498932354261525],[75.02755328009987,14.499032224995558],[75.02753940325174,14.499031763128924],[75.02715335136577,14.498932354261525]],[[75.02710259072985,14.498919432640887],[75.02703210966517,14.498901460712045],[75.02715335136577,14.498932354261525],[75.02710259072985,14.498919432640887]],[[75.02703210966517,14.498901460712045],[75.02694449542216,14.49890578797257],[75.02675899709133,14.498914584992699],[75.02703210966517,14.498901460712045]],[[75.02658299757088,14.498975512224677],[75.0265195024662,14.498997486754892],[75.02675899709133,14.498914584992699],[75.02658299757088,14.498975512224677]],[[75.0265195024662,14.498997486754892],[75.02623878547345,14.499195315126338],[75.02608677124067,14.499023854982635],[75.0265195024662,14.498997486754892]],[[75.02535277485397,14.498346011556002],[75.0257593557468,14.49868200708827],[75.02541066262461,14.498405882750282],[75.02535277485397,14.498346011556002]],[[75.01795885838392,14.4961222897628],[75.01795015074524,14.496119750035385],[75.01697012325488,14.495478010856413],[75.01795885838392,14.4961222897628]],[[75.01697012325488,14.495478010856413],[75.0103240769035,14.49075468033689],[75.00864608738316,14.489553995637843],[75.01697012325488,14.495478010856413]],[[75.00858026359495,14.489515486208502],[75.00857056921656,14.489509789555292],[75.00864608738316,14.489553995637843],[75.00858026359495,14.489515486208502]],[[75.00644147311263,14.488053000512222],[75.00713282374927,14.488664966604668],[75.00712693184224,14.4886615042805],[75.00644147311263,14.488053000512222]],[[75.00652771114991,14.487845246612746],[75.00646103408049,14.487783715967984],[75.00648359932971,14.487765676841954],[75.00652771114991,14.487845246612746]],[[75.0005748008201,14.47888900237371],[74.99740593997623,14.478268922676367],[74.99344927695265,14.475659896814843],[75.0005748008201,14.47888900237371]],[[74.99278281879452,14.474697515939566],[74.99285054671046,14.47452795029839],[74.99344927695265,14.475659896814843],[74.99278281879452,14.474697515939566]],[[74.99189348860101,14.47448800653226],[74.99238183074849,14.474177889031251],[74.99213525353996,14.4744900978583],[74.99189348860101,14.47448800653226]],[[74.99034080291248,14.473019660188655],[74.99026697214472,14.473042989611542],[74.99016454981529,14.472798854674146],[74.99034080291248,14.473019660188655]],[[74.99016454981529,14.472798854674146],[74.98999937273074,14.472776422803738],[74.99001186006781,14.472669352568412],[74.99016454981529,14.472798854674146]],[[74.98846309824259,14.476506590919408],[74.98850227900375,14.476575027302479],[74.98840872989449,14.476716467815999],[74.98846309824259,14.476506590919408]],[[74.98840872989449,14.476716467815999],[74.98789483432559,14.47749344724695],[74.98776971991066,14.47768220001213],[74.98840872989449,14.476716467815999]],[[74.98773891597804,14.477768380435721],[74.9876600093048,14.477988991493545],[74.98776971991066,14.47768220001213],[74.98773891597804,14.477768380435721]],[[74.98796474387493,14.478297624032892],[74.98802652945625,14.479327628092436],[74.98783951879528,14.479926019987788],[74.98796474387493,14.478297624032892]],[[74.98793044303983,14.480662761712557],[74.98792391272544,14.480665395442248],[74.98792146802548,14.48066638084653],[74.98793044303983,14.480662761712557]],[[74.98791862894515,14.480667526387998],[74.98782094458812,14.480706917001106],[74.98792146802548,14.48066638084653],[74.98791862894515,14.480667526387998]],[[74.98469814883218,14.487879906082908],[74.98461302321107,14.48830778713462],[74.98507680895642,14.485926587612562],[74.98469814883218,14.487879906082908]],[[74.98687793632212,14.490202684827501],[74.98757827103476,14.490806608858898],[74.98760766044794,14.490832156223696],[74.98687793632212,14.490202684827501]],[[74.98988568352326,14.491542503744338],[74.99179143562588,14.492649019241004],[74.99193347242763,14.492940806436804],[74.98988568352326,14.491542503744338]],[[74.99264600760773,14.49513904310849],[74.99281233321935,14.494746233091602],[74.99277046649195,14.495165888046541],[74.99264600760773,14.49513904310849]],[[74.98876879562135,14.50455219207391],[74.9881730676111,14.505702753763012],[74.98901784348104,14.503707652584659],[74.98876879562135,14.50455219207391]],[[74.98250201319904,14.512861311799432],[74.9811914496139,14.512755129479896],[74.98258038236149,14.512626471939939],[74.98250201319904,14.512861311799432]],[[74.9795189757051,14.516802212257696],[74.97949035171405,14.516837023523932],[74.97924607782915,14.516778869860737],[74.9795189757051,14.516802212257696]],[[74.97457955797265,14.517067306611377],[74.97633912130522,14.51653022251277],[74.9755155690283,14.51678160279793],[74.97457955797265,14.517067306611377]],[[74.97831421376071,14.524606079516722],[74.98029363037064,14.52591991167367],[74.97454505237954,14.524499623911009],[74.97831421376071,14.524606079516722]],[[74.98029363037064,14.52591991167367],[74.97978132683494,14.52743956561101],[74.97958891974382,14.527943566019788],[74.98029363037064,14.52591991167367]],[[74.97946542727328,14.528251605783328],[74.97922384159888,14.52885421312796],[74.97958891974382,14.527943566019788],[74.97946542727328,14.528251605783328]],[[74.97890007946123,14.52971859822466],[74.97858246046165,14.530624352759244],[74.97855355295681,14.53068121563283],[74.97890007946123,14.52971859822466]],[[74.9779057515428,14.534029477166023],[74.97791341084732,14.534163229943529],[74.97796948031522,14.535154546261637],[74.9779057515428,14.534029477166023]],[[74.97823303533559,14.537986965687058],[74.97835910902944,14.540139464133919],[74.97808855418971,14.537567132738198],[74.97823303533559,14.537986965687058]],[[74.97826893668532,14.541630152947182],[74.97825719349174,14.54188652017781],[74.97824588206878,14.542011281543978],[74.97826893668532,14.541630152947182]],[[74.97817653663884,14.542949715031764],[74.97803527287998,14.545184292977059],[74.97787786548668,14.546991553280039],[74.97817653663884,14.542949715031764]],[[74.97853605018787,14.547989339885477],[74.97790362615332,14.547036845673116],[74.97854454464137,14.547904881569714],[74.97853605018787,14.547989339885477]],[[74.97843879459808,14.549024311028147],[74.97770705112808,14.549582038069877],[74.97614925187561,14.550098841738437],[74.97843879459808,14.549024311028147]],[[74.97614925187561,14.550098841738437],[74.97533986436395,14.550209971609515],[74.97452537065858,14.550229232486423],[74.97614925187561,14.550098841738437]],[[74.97069357924096,14.550900242421918],[74.97046858652728,14.550960563763192],[74.97041282457924,14.550953182954059],[74.97069357924096,14.550900242421918]],[[74.96896768567612,14.551130046808503],[74.96892337939236,14.551149676182812],[74.96891892785241,14.55113601405263],[74.96896768567612,14.551130046808503]],[[74.96891892785241,14.55113601405263],[74.96888615162197,14.551008499939313],[74.96881586409054,14.550718933722422],[74.96891892785241,14.55113601405263]],[[74.96645729067261,14.551313387666486],[74.96441731399037,14.551209620103473],[74.96774490682081,14.550915294608524],[74.96645729067261,14.551313387666486]],[[74.96263239690728,14.551105549824989],[74.96424387032116,14.551200796130377],[74.9627422009447,14.551137793302136],[74.96263239690728,14.551105549824989]],[[74.95610492592947,14.55419561159447],[74.95693112170095,14.553804495957765],[74.95637282814839,14.55408508877227],[74.95610492592947,14.55419561159447]],[[74.95610492592947,14.55419561159447],[74.95493011146462,14.554103890022219],[74.95458262284065,14.55383474144278],[74.95610492592947,14.55419561159447]],[[74.95082239200242,14.538542308253211],[74.95370180812026,14.544793765906888],[74.95332706495219,14.543980186320747],[74.95082239200242,14.538542308253211]],[[74.94509320385174,14.532985319630033],[74.94502410857443,14.533112644158848],[74.94487979885287,14.533369468457627],[74.94509320385174,14.532985319630033]],[[74.94376650886906,14.534338340069034],[74.94468780902865,14.53365157709206],[74.94392272667356,14.534626060862582],[74.94376650886906,14.534338340069034]],[[74.94296288198774,14.534296340353928],[74.94278148977189,14.534288389060972],[74.94275640798551,14.53420842829533],[74.94296288198774,14.534296340353928]],[[74.94310386515886,14.53368130778475],[74.94317178149511,14.533544072962044],[74.94320410029339,14.533478776710224],[74.94310386515886,14.53368130778475]],[[74.94320410029339,14.533478776710224],[74.94338685114941,14.53307315049434],[74.94351608430082,14.532795738942117],[74.94320410029339,14.533478776710224]],[[74.94370276466806,14.53153590757478],[74.94366372889603,14.531461823302005],[74.94360117295238,14.531343059674736],[74.94370276466806,14.53153590757478]],[[74.94348262498103,14.531118024324382],[74.94348256717262,14.531117923364702],[74.94347637279887,14.531106156031848],[74.94348262498103,14.531118024324382]],[[74.94347637279887,14.531106156031848],[74.94340260025807,14.530976121483942],[74.94320936708827,14.530635375369856],[74.94347637279887,14.531106156031848]],[[74.9425183276911,14.530419543697619],[74.94250435569309,14.530415037546087],[74.94232148269035,14.530355927250968],[74.9425183276911,14.530419543697619]],[[74.94232148269035,14.530355927250968],[74.9421956467329,14.530315101009771],[74.94204435873674,14.53019737065829],[74.94232148269035,14.530355927250968]],[[74.94204435873674,14.53019737065829],[74.94170793640706,14.529879746115334],[74.94158745468039,14.528776293691694],[74.94204435873674,14.53019737065829]],[[74.9415365085633,14.528480180323927],[74.94155847378734,14.52834003529508],[74.94158745468039,14.528776293691694],[74.9415365085633,14.528480180323927]],[[74.94160926256366,14.528013811193333],[74.94165475507087,14.527800767259677],[74.94155847378734,14.52834003529508],[74.94160926256366,14.528013811193333]],[[74.94148930029161,14.527393902479222],[74.9413970519323,14.527394799484787],[74.94136570520978,14.527357178680626],[74.94148930029161,14.527393902479222]],[[74.94037271513064,14.527062131603211],[74.94051953015047,14.527105754740475],[74.94046212839916,14.527104562388104],[74.94037271513064,14.527062131603211]],[[74.94033254322599,14.527043003478598],[74.94030874310992,14.527028184589543],[74.94037271513064,14.527062131603211],[74.94033254322599,14.527043003478598]],[[74.93922811932748,14.526484755842633],[74.93917074345327,14.526446384663616],[74.9390200741857,14.526345269237789],[74.93922811932748,14.526484755842633]],[[74.9390200741857,14.526345269237789],[74.93904777390807,14.525708986115248],[74.9398186474946,14.525476597736896],[74.9390200741857,14.526345269237789]],[[74.9400453520102,14.523809737372865],[74.93973461410629,14.52346833744679],[74.94015666210913,14.52392749052223],[74.9400453520102,14.523809737372865]],[[74.93959151433481,14.523395441089553],[74.93947492639782,14.52333126151013],[74.93973461410629,14.52346833744679],[74.93959151433481,14.523395441089553]],[[74.93947492639782,14.52333126151013],[74.93934126360273,14.523257969881135],[74.93930388602986,14.523217450130133],[74.93947492639782,14.52333126151013]],[[74.93825753087835,14.52059834475321],[74.93866206081404,14.521800526096472],[74.93850187500622,14.52135713488358],[74.93825753087835,14.52059834475321]],[[74.93205245428645,14.522854157425753],[74.92913805351178,14.527412053407414],[74.93205005345348,14.522852032213596],[74.93205245428645,14.522854157425753]],[[74.92913805351178,14.527412053407414],[74.92691527036085,14.528621461719826],[74.9248710937724,14.528732990238725],[74.92913805351178,14.527412053407414]],[[74.92449742422797,14.528754101152362],[74.92419748561133,14.528770443932308],[74.9248710937724,14.528732990238725],[74.92449742422797,14.528754101152362]],[[74.92419748561133,14.528770443932308],[74.92299216059618,14.52873313982263],[74.92247619922004,14.528708539515733],[74.92419748561133,14.528770443932308]],[[74.92127983397391,14.528651494348392],[74.92126884072516,14.52865090584247],[74.92247619922004,14.528708539515733],[74.92127983397391,14.528651494348392]],[[74.90342300913547,14.531348928254328],[74.90138712883967,14.529370340331582],[74.90387875784306,14.531643745047267],[74.90342300913547,14.531348928254328]],[[74.90129583028062,14.529291914549743],[74.90158305943608,14.526135686335625],[74.90138712883967,14.529370340331582],[74.90129583028062,14.529291914549743]],[[74.9008944575966,14.513010594692108],[74.89933653080755,14.510146929599262],[74.90237525783556,14.515515330828116],[74.9008944575966,14.513010594692108]],[[74.89887695813304,14.509288560078138],[74.89885180373811,14.509241537440587],[74.89933653080755,14.510146929599262],[74.89887695813304,14.509288560078138]],[[74.89699237452197,14.50873223972871],[74.89545098089562,14.508295533499192],[74.89885180373811,14.509241537440587],[74.89699237452197,14.50873223972871]],[[74.89545098089562,14.508295533499192],[74.89467708385077,14.503611046695207],[74.89442041289499,14.501948097990365],[74.89545098089562,14.508295533499192]],[[74.8936165582748,14.499477735145494],[74.89352841240391,14.49938490371183],[74.89349658339135,14.49930982704607],[74.8936165582748,14.499477735145494]],[[74.89349658339135,14.49930982704607],[74.89339443431432,14.499068888555877],[74.89336635098344,14.498630793318418],[74.89349658339135,14.49930982704607]],[[74.89281173796346,14.497707575375921],[74.891821531825,14.49523047722961],[74.89164802403299,14.494730241890533],[74.89281173796346,14.497707575375921]],[[74.89001134426547,14.489739233453674],[74.89005499274525,14.49014593093276],[74.88993584046409,14.489804405428842],[74.89001134426547,14.489739233453674]],[[74.89010121022943,14.489661991264624],[74.8900308082486,14.489722424764718],[74.89006786583504,14.489690423048089],[74.89010121022943,14.489661991264624]],[[74.89014459602893,14.489349445061],[74.8901544775978,14.48924647652977],[74.89015512166634,14.489239768263015],[74.89014459602893,14.489349445061]],[[74.8901621822658,14.489166197047263],[74.89021479830507,14.488648820993618],[74.8902202743032,14.488595107629232],[74.8901621822658,14.489166197047263]],[[74.8903439875799,14.487401937451205],[74.89036705200752,14.487228264099832],[74.89032463555819,14.487569156207584],[74.8903439875799,14.487401937451205]],[[74.89027634991572,14.484944905379656],[74.88892717399828,14.4800205779954],[74.88910222828844,14.479732487588732],[74.89027634991572,14.484944905379656]],[[74.88910222828844,14.479732487588732],[74.89149824628264,14.475502041374163],[74.89342022125594,14.47389162670866],[74.88910222828844,14.479732487588732]],[[74.89342022125594,14.47389162670866],[74.89367857705625,14.473675173747429],[74.89444328330198,14.473783365275077],[74.89342022125594,14.47389162670866]],[[74.8982978393239,14.474312239267068],[74.89826635464252,14.47370336659851],[74.89826553006621,14.473687412205884],[74.8982978393239,14.474312239267068]],[[74.89826553006621,14.473687412205884],[74.89830911346428,14.473416983177419],[74.89899816300907,14.47332956214392],[74.89826553006621,14.473687412205884]],[[74.91048911878943,14.469875786813422],[74.91072386450497,14.46982694093618],[74.9098223293641,14.470097009286157],[74.91048911878943,14.469875786813422]],[[74.91299093961493,14.468824405742005],[74.91395664412583,14.468320696157447],[74.91252907787909,14.469095433044622],[74.91299093961493,14.468824405742005]],[[74.91415350687298,14.468251105324343],[74.91417543167898,14.468243355583596],[74.91395664412583,14.468320696157447],[74.91415350687298,14.468251105324343]],[[74.91520711144281,14.467574148539935],[74.9162427101983,14.466816194316308],[74.91644316176695,14.466672522379746],[74.91520711144281,14.467574148539935]],[[74.91470475454352,14.459274437822918],[74.91743240644364,14.459359648872995],[74.9172363909076,14.459375038079475],[74.91470475454352,14.459274437822918]],[[74.91470475454352,14.459274437822918],[74.91287250825025,14.45884269879698],[74.91271968105511,14.458806265575866],[74.91470475454352,14.459274437822918]],[[74.91271807605028,14.458805880578987],[74.9109603021313,14.458377656074045],[74.91271968105511,14.458806265575866],[74.91271807605028,14.458805880578987]],[[74.90977837276124,14.458092014321968],[74.90887707405861,14.45787348350491],[74.9109603021313,14.458377656074045],[74.90977837276124,14.458092014321968]],[[74.90887707405861,14.45787348350491],[74.90175926133088,14.462661315616655],[74.89898522290696,14.464185680890903],[74.90887707405861,14.45787348350491]],[[74.89898522290696,14.464185680890903],[74.89892159646357,14.464555785341918],[74.896458926948,14.46342334661719],[74.89898522290696,14.464185680890903]],[[74.88793069746404,14.459765367745144],[74.88928588716222,14.460346643764144],[74.88845307778047,14.460251817310215],[74.88793069746404,14.459765367745144]],[[74.88622315993047,14.45817125444609],[74.8857458568419,14.457725394070893],[74.88793069746404,14.459765367745144],[74.88622315993047,14.45817125444609]],[[74.88402947267569,14.456120062838288],[74.88133381293149,14.453494634741176],[74.8857458568419,14.457725394070893],[74.88402947267569,14.456120062838288]],[[74.87411103212146,14.447362396756802],[74.87447564710796,14.44739200974515],[74.87429703791403,14.447508640579182],[74.87411103212146,14.447362396756802]],[[74.8777199985272,14.4407620909656],[74.87787154004674,14.440523290089814],[74.8779322162751,14.44046366675357],[74.8777199985272,14.4407620909656]],[[74.8778951191285,14.439649989539424],[74.87808479794492,14.440069950326853],[74.87792064206333,14.439852623549477],[74.8778951191285,14.439649989539424]],[[74.87804959476756,14.436283411396213],[74.87883056019932,14.435449683939163],[74.8778951191285,14.439649989539424],[74.87804959476756,14.436283411396213]],[[74.8804890100497,14.430307273323368],[74.88025118043107,14.429350547474057],[74.88331862539958,14.429540321399255],[74.8804890100497,14.430307273323368]],[[74.8908003842296,14.429963806483196],[74.89691112340307,14.430459677565969],[74.8884353003155,14.429791870362916],[74.8908003842296,14.429963806483196]],[[74.9012331060864,14.430860538271759],[74.90740132650032,14.431442332959147],[74.89981776531741,14.430727456353484],[74.9012331060864,14.430860538271759]],[[74.91756743012924,14.430354847130339],[74.92065179082256,14.424457874968974],[74.91761456455305,14.430462298544645],[74.91756743012924,14.430354847130339]],[[74.92067830729866,14.424407209049427],[74.92071370402847,14.424386295356335],[74.92065179082256,14.424457874968974],[74.92067830729866,14.424407209049427]],[[74.93288223740795,14.405441401527455],[74.93173845002539,14.40708238572246],[74.93177714851151,14.406994969523232],[74.93288223740795,14.405441401527455]],[[74.93333198257896,14.404857510215233],[74.93335973744053,14.404730808057968],[74.93344721227666,14.40471554033204],[74.93333198257896,14.404857510215233]],[[74.93363908957885,14.404310532884274],[74.93369369094893,14.404195851966062],[74.93374528009042,14.404087667212687],[74.93363908957885,14.404310532884274]],[[74.93374528009042,14.404087667212687],[74.93349802025872,14.403999523311022],[74.93358456863348,14.403781773948346],[74.93374528009042,14.404087667212687]],[[74.93364822504165,14.403689433257718],[74.93365502003766,14.403689398563321],[74.93358456863348,14.403781773948346],[74.93364822504165,14.403689433257718]],[[74.93393225214754,14.403424319194192],[74.93426518620038,14.403504687138946],[74.93392834377727,14.403440860316527],[74.93393225214754,14.403424319194192]],[[74.9365731919089,14.402112438522385],[74.93629369597677,14.402237752550322],[74.9363131042764,14.402219709331792],[74.9365731919089,14.402112438522385]],[[74.93667391644024,14.402070786093407],[74.93679488973478,14.402178735831004],[74.9365731919089,14.402112438522385],[74.93667391644024,14.402070786093407]],[[74.93797950994303,14.402057889653145],[74.93767928716107,14.402321232801985],[74.93787856397488,14.402142995939633],[74.93797950994303,14.402057889653145]],[[74.93836957829801,14.401704530759886],[74.9387205405019,14.4014183468635],[74.93830048145449,14.40177162744602],[74.93836957829801,14.401704530759886]],[[74.93928313796475,14.401220410392257],[74.93875737113122,14.401362377014086],[74.93910202871753,14.40113137100591],[74.93928313796475,14.401220410392257]],[[74.93948635818897,14.401224769405827],[74.93949605242202,14.401234609108833],[74.93928313796475,14.401220410392257],[74.93948635818897,14.401224769405827]],[[74.94201390777623,14.40110052514742],[74.942169984753,14.40118381517717],[74.9421709296038,14.401327351474002],[74.94201390777623,14.40110052514742]],[[74.9439134316672,14.401261625437131],[74.94437174435187,14.401924874609028],[74.94335486502756,14.401551556845675],[74.9439134316672,14.401261625437131]],[[74.94452687842026,14.401977803393036],[74.94446009938922,14.401939249753628],[74.94449349127702,14.40191837116089],[74.94452687842026,14.401977803393036]],[[74.94454382790651,14.40198758886568],[74.9445911683103,14.401939218270854],[74.9446641263031,14.402057040921678],[74.94454382790651,14.40198758886568]],[[74.9452404276591,14.401911178351828],[74.94495241003438,14.401907239909768],[74.94496382822673,14.40188872771581],[74.9452404276591,14.401911178351828]],[[74.9485241018308,14.39700618217231],[74.94906061994566,14.398013285357289],[74.94879762107611,14.397520692534798],[74.9485241018308,14.39700618217231]],[[74.94829680164685,14.396709060988863],[74.94829457552684,14.394348969748782],[74.94839157716564,14.396731583490972],[74.94829680164685,14.396709060988863]],[[74.94839602546284,14.393529882606204],[74.94845674538308,14.393040559981674],[74.94829457552684,14.394348969748782],[74.94839602546284,14.393529882606204]],[[74.94920394768697,14.391228124929558],[74.94990481404473,14.390155494056653],[74.94858414325634,14.392731140917782],[74.94920394768697,14.391228124929558]],[[74.94945208466915,14.379565862874685],[74.94938394578239,14.378053854162792],[74.94981911831552,14.380073227175172],[74.94945208466915,14.379565862874685]],[[74.94877295617859,14.375868993468817],[74.94925994073925,14.376077424710312],[74.94884666827855,14.375900854952983],[74.94877295617859,14.375868993468817]],[[74.94497501620924,14.3737786997232],[74.94457421579213,14.373085740802571],[74.9452925483662,14.374218145262576],[74.94497501620924,14.3737786997232]],[[74.94441950578874,14.372848041138354],[74.94380605694508,14.372157989474223],[74.94339409561887,14.371685565274237],[74.94441950578874,14.372848041138354]],[[74.94339409561887,14.371685565274237],[74.94336928416533,14.371657120449349],[74.94240252264025,14.370008789947923],[74.94339409561887,14.371685565274237]],[[74.94221595041799,14.369973815010423],[74.94217422076056,14.369963033705298],[74.94240252264025,14.370008789947923],[74.94221595041799,14.369973815010423]],[[74.94188767395481,14.369883474016751],[74.94143387136747,14.369293057810001],[74.94116622065646,14.368418234206391],[74.94188767395481,14.369883474016751]],[[74.94014748312566,14.367929951799475],[74.94015566837841,14.367775110017275],[74.94076844501124,14.367891854046643],[74.94014748312566,14.367929951799475]],[[74.94015566837841,14.367775110017275],[74.94016789341767,14.367574058418764],[74.94019064643608,14.367243398150395],[74.94015566837841,14.367775110017275]],[[74.94017674262047,14.366937131746205],[74.9389419702246,14.358453698708905],[74.94014583131633,14.357404706444106],[74.94017674262047,14.366937131746205]],[[74.94182031818018,14.35605595176555],[74.94142407517697,14.356347997271513],[74.94142422867145,14.356347883473894],[74.94182031818018,14.35605595176555]],[[74.94441098443981,14.354125702646812],[74.94440950102583,14.354120500877537],[74.94439249205281,14.354060822844541],[74.94441098443981,14.354125702646812]],[[74.94439249205281,14.354060822844541],[74.94501531542447,14.353855051530214],[74.94592079456982,14.353587578689952],[74.94439249205281,14.354060822844541]],[[74.94653106570978,14.35340921273545],[74.94622148421988,14.35349939262164],[74.94645338491517,14.353414763582093],[74.94653106570978,14.35340921273545]],[[74.94668140885828,14.353398494835865],[74.94680219053537,14.353426899267637],[74.94653106570978,14.35340921273545],[74.94668140885828,14.353398494835865]],[[74.94739575307668,14.353092881307976],[74.94728551663822,14.353458428518623],[74.94730569362814,14.353391202014533],[74.94739575307668,14.353092881307976]],[[74.94744594836413,14.352927669854765],[74.94744862881761,14.352918855785855],[74.94739575307668,14.353092881307976],[74.94744594836413,14.352927669854765]],[[74.94744862881761,14.352918855785855],[74.94778360098087,14.352943774793234],[74.94859194452093,14.353004344048351],[74.94744862881761,14.352918855785855]],[[74.94987163981995,14.350929689993585],[74.949938129054,14.350786086092484],[74.9499427882337,14.35077602502705],[74.94987163981995,14.350929689993585]],[[74.95000111834464,14.350701257332222],[74.95019209056998,14.350485395869702],[74.94994806849137,14.350764620828766],[74.95000111834464,14.350701257332222]],[[74.95106631707618,14.350908438189474],[74.95136369060248,14.350929551354778],[74.95167411683882,14.351188090611268],[74.95106631707618,14.350908438189474]],[[74.95261323177985,14.35115428347593],[74.95241880726222,14.351354383716526],[74.9525459440567,14.351223506554641],[74.95261323177985,14.35115428347593]],[[74.95257641203584,14.35076026135696],[74.95257472313551,14.35075658084086],[74.95264609560317,14.350599789409127],[74.95257641203584,14.35076026135696]],[[74.953651912131,14.35028194997078],[74.95389352236504,14.350216262560641],[74.95291903479755,14.35054640836463],[74.953651912131,14.35028194997078]],[[74.95964719924064,14.341769816550427],[74.96077675229414,14.341016877929977],[74.96155970338452,14.34163209281407],[74.95964719924064,14.341769816550427]],[[74.96542098888814,14.340190847017931],[74.97412783007098,14.338190541487743],[74.96280842042343,14.340956984141103],[74.96542098888814,14.340190847017931]],[[74.97311772682826,14.326991843433207],[74.97213708234433,14.320646149479076],[74.9731368420454,14.320999128980873],[74.97311772682826,14.326991843433207]],[[74.9750084969029,14.318775688478837],[74.97316846421384,14.318129565718817],[74.97262391385694,14.317139089820225],[74.9750084969029,14.318775688478837]],[[74.9705042202154,14.315850766956267],[74.97019254554615,14.31607357276659],[74.96970186293156,14.316025665069022],[74.9705042202154,14.315850766956267]],[[74.96571771569556,14.317579879337849],[74.96734647877895,14.316527735967574],[74.96660588001096,14.317517805786025],[74.96571771569556,14.317579879337849]],[[74.96414646254489,14.317917440372366],[74.96498162878714,14.317881201935467],[74.96489715669412,14.318355343432302],[74.96414646254489,14.317917440372366]],[[74.96203709075168,14.320524524858685],[74.96204947161901,14.320902708057082],[74.9614899741312,14.32148155496155],[74.96203709075168,14.320524524858685]],[[74.9614899741312,14.32148155496155],[74.96132304395132,14.322017403638004],[74.96037829010122,14.322202581836589],[74.9614899741312,14.32148155496155]],[[74.95948700166448,14.32278066238733],[74.95923736861026,14.323060098708126],[74.95883496395162,14.323203567369179],[74.95948700166448,14.32278066238733]],[[74.9578632382459,14.32389716390971],[74.95676423711168,14.322940046169514],[74.95826562184924,14.32387809759308],[74.9578632382459,14.32389716390971]],[[74.95662728009995,14.320648195910916],[74.95654373999703,14.321279748929575],[74.95641620072738,14.321054848586726],[74.95662728009995,14.320648195910916]],[[74.95665186583534,14.320389832606825],[74.95629857748288,14.320308428866703],[74.9559944195051,14.319920819302926],[74.95665186583534,14.320389832606825]],[[74.95221147141332,14.318336384583437],[74.95241436581841,14.317777067952898],[74.95273152721055,14.318724042123696],[74.95221147141332,14.318336384583437]],[[74.95224114037585,14.31725985487492],[74.95196629609289,14.317527737776283],[74.95172658416826,14.317704206239778],[74.95224114037585,14.31725985487492]],[[74.95032208617013,14.319292918585353],[74.94908046650632,14.319989293811027],[74.95144235249485,14.317949658009965],[74.95032208617013,14.319292918585353]],[[74.942537455056,14.318215106525669],[74.94355679938202,14.318453632826424],[74.94275078884337,14.318681656151593],[74.942537455056,14.318215106525669]],[[74.9385208683008,14.321395961135963],[74.93662498528711,14.322547514290308],[74.93876631655733,14.321037179550101],[74.9385208683008,14.321395961135963]],[[74.93582492956955,14.321972667828142],[74.93493867236432,14.321658160020897],[74.93442976977785,14.320970234306559],[74.93582492956955,14.321972667828142]],[[74.93229127248978,14.32091348961938],[74.93289043032952,14.321219500264686],[74.93256289533896,14.321194288554924],[74.93229127248978,14.32091348961938]],[[74.93212136555333,14.320856848303112],[74.93183444021143,14.320408209745155],[74.93229127248978,14.32091348961938],[74.93212136555333,14.320856848303112]],[[74.93090743670963,14.319044330163779],[74.92816552441195,14.319510015200922],[74.92626953099783,14.319721894247847],[74.93090743670963,14.319044330163779]],[[74.92458479884094,14.319098625804916],[74.92375630914572,14.318040595990958],[74.92626953099783,14.319721894247847],[74.92458479884094,14.319098625804916]],[[74.92087495459704,14.316113023868311],[74.92187659000584,14.316783099160487],[74.92127963664169,14.316507888461095],[74.92087495459704,14.316113023868311]],[[74.92087495459704,14.316113023868311],[74.92009637045585,14.31502426643766],[74.91997609267749,14.314363939899243],[74.92087495459704,14.316113023868311]],[[74.91917678002083,14.313767996985423],[74.91895014783353,14.31290669102341],[74.9198697351825,14.314156980203409],[74.91917678002083,14.313767996985423]],[[74.91756092010701,14.310239842016761],[74.91747910838991,14.31014307512401],[74.91722172012511,14.309550891128358],[74.91756092010701,14.310239842016761]],[[74.91722172012511,14.309550891128358],[74.91619782335673,14.308503900434404],[74.91519880203248,14.306571760675387],[74.91722172012511,14.309550891128358]],[[74.90942915082954,14.296294386922678],[74.90938869123566,14.296273935832513],[74.90912179406584,14.29606809892394],[74.90942915082954,14.296294386922678]],[[74.90652483130309,14.29428336327896],[74.90602542574793,14.294057360275904],[74.90581700806034,14.2938060852377],[74.90652483130309,14.29428336327896]],[[74.90581700806034,14.2938060852377],[74.90573067100136,14.293298650082589],[74.90623129438006,14.29220514470017],[74.90581700806034,14.2938060852377]],[[74.90685269278406,14.291093932060589],[74.90757764222683,14.289872130129407],[74.90650207304805,14.291735926749263],[74.90685269278406,14.291093932060589]],[[74.90848463781354,14.287629418243261],[74.90847346678787,14.287333036500533],[74.90858605951523,14.287069137979751],[74.90848463781354,14.287629418243261]],[[74.90801848358835,14.285783500297356],[74.90801100657953,14.285503610202685],[74.90823005909319,14.286027130688387],[74.90801848358835,14.285783500297356]],[[74.907546289252,14.285342011377118],[74.90751013070204,14.285339224649041],[74.90751280651469,14.28510320900269],[74.907546289252,14.285342011377118]],[[74.9076565482879,14.284526718653213],[74.9080159790999,14.284401261595352],[74.90765152908587,14.284803027649593],[74.9076565482879,14.284526718653213]],[[74.90824468421903,14.283911166044778],[74.90806015969487,14.28434147089605],[74.90807179760517,14.284074732976956],[74.90824468421903,14.283911166044778]],[[74.90819660441548,14.283002270264207],[74.90921775103956,14.281351968548481],[74.90826025700349,14.283318079380173],[74.90819660441548,14.283002270264207]],[[74.9093833713754,14.281256340408566],[74.90931997093303,14.280308961733855],[74.9094034459119,14.280131963000311],[74.9093833713754,14.281256340408566]],[[74.9095400746964,14.279917671871239],[74.90976555868502,14.279564046153775],[74.9094034459119,14.280131963000311],[74.9095400746964,14.279917671871239]],[[74.91010607675118,14.278394934949104],[74.90987083764942,14.27920258863028],[74.90988501298662,14.278972712921185],[74.91010607675118,14.278394934949104]],[[74.91010607675118,14.278394934949104],[74.90993832237204,14.277697273637292],[74.91041914918934,14.27761324657549],[74.91010607675118,14.278394934949104]],[[74.9122187025028,14.276005088408905],[74.91350842082015,14.275885060046164],[74.91107669047243,14.27728431094383],[74.9122187025028,14.276005088408905]],[[74.9148851973208,14.275817063459666],[74.91378307443591,14.275846341287208],[74.91457371091487,14.275697336279594],[74.9148851973208,14.275817063459666]],[[74.9265334250587,14.274773266984939],[74.92630057796475,14.275903303845512],[74.92631952638457,14.275423351394371],[74.9265334250587,14.274773266984939]],[[74.92840260155916,14.26460441886327],[74.92874148994552,14.264875578075904],[74.92838931675817,14.264751234415819],[74.92840260155916,14.26460441886327]],[[74.92858743836985,14.264448508287186],[74.92967644440152,14.264228458855916],[74.92998506654172,14.264195679057943],[74.92858743836985,14.264448508287186]],[[74.93010471096086,14.264169725887353],[74.93020768365363,14.264202164638377],[74.92998506654172,14.264195679057943],[74.93010471096086,14.264169725887353]],[[74.93080875069346,14.264219675729949],[74.93087349064953,14.264202530112371],[74.93115634286686,14.264229802251576],[74.93080875069346,14.264219675729949]],[[74.93143043012786,14.264019034392025],[74.93207684113938,14.263811156794304],[74.9311743453334,14.264231537391941],[74.93143043012786,14.264019034392025]],[[74.93275393939892,14.263570406040214],[74.93222855864357,14.263738667038982],[74.93237761703423,14.263620691562263],[74.93275393939892,14.263570406040214]],[[74.93275393939892,14.263570406040214],[74.93295508442125,14.263426083929847],[74.93381017596109,14.26327237174561],[74.93275393939892,14.263570406040214]],[[74.93525812777008,14.261025719450828],[74.93513031479753,14.261499245818902],[74.93511406502229,14.261109194673848],[74.93525812777008,14.261025719450828]],[[74.93547245571352,14.25982197640411],[74.93541913032308,14.259742224370928],[74.93542819531514,14.259667545213098],[74.93547245571352,14.25982197640411]],[[74.93530883692536,14.259251085828067],[74.93525894687673,14.259154471806669],[74.93533701130406,14.258743683114014],[74.93530883692536,14.259251085828067]],[[74.93533701130406,14.258743683114014],[74.93541320817069,14.257877756341207],[74.93594372275214,14.257481748956478],[74.93533701130406,14.258743683114014]],[[74.93643921359342,14.256023992931883],[74.9363658941459,14.25641215327972],[74.93635663942229,14.25614544801076],[74.93643921359342,14.256023992931883]],[[74.93643921359342,14.256023992931883],[74.93663582596491,14.255663311326016],[74.93674977659745,14.25549002406943],[74.93643921359342,14.256023992931883]],[[74.93709256531496,14.25540148464992],[74.93711682999337,14.255430293574825],[74.93674977659745,14.25549002406943],[74.93709256531496,14.25540148464992]],[[74.93917698307462,14.255095045450508],[74.93916720202306,14.255052441895414],[74.93918609154674,14.255022369248515],[74.93917698307462,14.255095045450508]],[[74.93674070229437,14.252516442159555],[74.93633149156777,14.251646014967259],[74.93644718871141,14.251115278991687],[74.93674070229437,14.252516442159555]],[[74.93544453284666,14.244848090278703],[74.93497462449264,14.245618686574511],[74.93510596366333,14.245197276940704],[74.93544453284666,14.244848090278703]],[[74.93210974487594,14.242086032141518],[74.93203500327063,14.242050046855043],[74.93202415634639,14.242015142928587],[74.93210974487594,14.242086032141518]],[[74.93098627090963,14.241155508090863],[74.93095304715824,14.241149627444832],[74.93076608672597,14.240973139220188],[74.93098627090963,14.241155508090863]],[[74.93076608672597,14.240973139220188],[74.93044572915954,14.239681650252471],[74.93043141180416,14.239623499289783],[74.93076608672597,14.240973139220188]],[[74.93043141180416,14.239623499289783],[74.9304569211827,14.239409072126174],[74.93059812540685,14.238820005558381],[74.93043141180416,14.239623499289783]],[[74.92891218652917,14.238077891092482],[74.92882533597641,14.23803899048116],[74.92881007019557,14.237838628799395],[74.92891218652917,14.238077891092482]],[[74.92810842185554,14.236546566857767],[74.92812706070958,14.235772060187703],[74.92870513207622,14.237159097890828],[74.92810842185554,14.236546566857767]],[[74.92745427675665,14.234773622719949],[74.9273364214671,14.234781998602104],[74.9272322039325,14.234728139365751],[74.92745427675665,14.234773622719949]],[[74.92715869512112,14.234515799422537],[74.92726581791513,14.234215687880944],[74.9272322039325,14.234728139365751],[74.92715869512112,14.234515799422537]],[[74.92662853872156,14.233863729779424],[74.92621947559452,14.233703265106318],[74.92594190989877,14.233594382497348],[74.92662853872156,14.233863729779424]],[[74.92459949841773,14.232499477095127],[74.92422270288763,14.23165008484753],[74.92545166501091,14.232780841575575],[74.92459949841773,14.232499477095127]],[[74.92230455155537,14.230346452247751],[74.92308815984727,14.230565403453392],[74.92257672893805,14.230499648660922],[74.92230455155537,14.230346452247751]],[[74.92176234391493,14.228742499517145],[74.92171897550597,14.22867403033217],[74.921701991584,14.228568428629092],[74.92176234391493,14.228742499517145]],[[74.92051641727201,14.22734348741097],[74.92015718889138,14.227369699542612],[74.91965206436808,14.227120729138736],[74.92051641727201,14.22734348741097]],[[74.91727308633982,14.227306517571208],[74.91825057025689,14.227230180084034],[74.91814126855618,14.227302032998582],[74.91727308633982,14.227306517571208]],[[74.91630288528366,14.227683931757646],[74.91702290995032,14.227368631725968],[74.91671381065046,14.227602970844753],[74.91630288528366,14.227683931757646]],[[74.91280545601076,14.228414966823674],[74.91360847857663,14.228863817057983],[74.91339997663758,14.228965415512041],[74.91280545601076,14.228414966823674]],[[74.91224760681405,14.22816954894755],[74.91112699406567,14.227480470721778],[74.91269119530207,14.228364699683757],[74.91224760681405,14.22816954894755]],[[74.90753752709986,14.229224700254772],[74.90718796559023,14.229418341237956],[74.90667654466033,14.2295939782381],[74.90753752709986,14.229224700254772]],[[74.90667654466033,14.2295939782381],[74.9053913482149,14.230082701991964],[74.9036139243741,14.229248235889191],[74.90667654466033,14.2295939782381]],[[74.901872825514,14.22814646514167],[74.9022768932492,14.228131309804324],[74.90213424425154,14.228229331883377],[74.901872825514,14.22814646514167]],[[74.90089129795645,14.228294646496202],[74.90123331201247,14.228203816811808],[74.90112254833588,14.228284868489123],[74.90089129795645,14.228294646496202]],[[74.90078321238903,14.228260295046177],[74.90066070972263,14.228221359286229],[74.90089129795645,14.228294646496202],[74.90078321238903,14.228260295046177]],[[74.90023453230067,14.228355208556467],[74.89976495525946,14.22830934376858],[74.90032103994614,14.22829029292764],[74.90023453230067,14.228355208556467]],[[74.898684524968,14.228126049340128],[74.89855367264865,14.22813322980897],[74.89871769977121,14.228107553048114],[74.898684524968,14.228126049340128]],[[74.89793220732724,14.227646025002203],[74.89771349011022,14.22743890446863],[74.89855367264865,14.22813322980897],[74.89793220732724,14.227646025002203]],[[74.89768484673674,14.227410447458519],[74.8976604779356,14.227386204703677],[74.89771349011022,14.22743890446863],[74.89768484673674,14.227410447458519]],[[74.89679332210116,14.226986404131877],[74.89648691538333,14.226976266239097],[74.89711060828004,14.226955434643855],[74.89679332210116,14.226986404131877]],[[74.89648691538333,14.226976266239097],[74.89615723043426,14.22614596021893],[74.89655083924845,14.225525574210153],[74.89648691538333,14.226976266239097]],[[74.89661020680985,14.225487718550381],[74.89735378174572,14.225013580901189],[74.89655083924845,14.225525574210153],[74.89661020680985,14.225487718550381]],[[74.89778151338282,14.22503021732098],[74.89778391071933,14.225030881326626],[74.89735378174572,14.225013580901189],[74.89778151338282,14.22503021732098]],[[74.89814920868228,14.224764923746005],[74.89795951943475,14.224975005808165],[74.89796908854777,14.224964274850228],[74.89814920868228,14.224764923746005]],[[74.89821289539958,14.22469443660176],[74.89730336734794,14.223791059092294],[74.89720206707212,14.22312624233487],[74.89821289539958,14.22469443660176]],[[74.89692525925207,14.222696803997387],[74.8970564981537,14.22290040740614],[74.89692714480381,14.222745933323985],[74.89692525925207,14.222696803997387]],[[74.89636629126299,14.221944792696249],[74.89645975350754,14.221868173518791],[74.89655465786146,14.222121854759937],[74.89636629126299,14.221944792696249]],[[74.88822047787725,14.215095995327538],[74.88795576665805,14.21474676814285],[74.88825843851029,14.215111979378525],[74.88822047787725,14.215095995327538]],[[74.88741562924575,14.214652736191036],[74.88781277147083,14.2146812962278],[74.88758448737133,14.214665688139219],[74.88741562924575,14.214652736191036]],[[74.88726972855603,14.214641525546702],[74.8874101387333,14.214652314313783],[74.88729287601475,14.21464332015231],[74.88726972855603,14.214641525546702]],[[74.88711309883898,14.214632439974155],[74.88702113405266,14.214628748356576],[74.88692464504895,14.214621508392247],[74.88711309883898,14.214632439974155]],[[74.87909631367049,14.21416741274551],[74.87906450488508,14.214167234221815],[74.87900271028879,14.214161983122505],[74.87909631367049,14.21416741274551]],[[74.87986760386346,14.219794912984645],[74.87947688834878,14.220544231807255],[74.87822208777945,14.21797734454774],[74.87986760386346,14.219794912984645]],[[74.87629284317678,14.219717934458114],[74.87912179312809,14.221318906250302],[74.87894889093221,14.221558461609428],[74.87629284317678,14.219717934458114]],[[74.87568672894616,14.219360163861573],[74.87626677881437,14.219698071507116],[74.87626011979565,14.219795058329227],[74.87568672894616,14.219360163861573]],[[74.87575128017008,14.221853345108467],[74.87586990026536,14.225836426045463],[74.87566985322073,14.219474872850563],[74.87575128017008,14.221853345108467]],[[74.87626962458147,14.22645496493221],[74.87971089987809,14.229881271631395],[74.8795587977227,14.230350670920158],[74.87626962458147,14.22645496493221]],[[74.87993307668322,14.231044772371938],[74.88076876181262,14.232723841681322],[74.88086988488688,14.232927346860931],[74.87993307668322,14.231044772371938]],[[74.8787523329157,14.234882255533028],[74.87873026892044,14.234902476004892],[74.88086988488688,14.232927346860931],[74.8787523329157,14.234882255533028]],[[74.8762579704079,14.23722652357431],[74.87530278678716,14.238124655922729],[74.87355806940116,14.239755761104036],[74.8762579704079,14.23722652357431]],[[74.872305966502,14.239806532862717],[74.87034724725369,14.238187797929758],[74.87341049015033,14.240307179719201],[74.872305966502,14.239806532862717]],[[74.86921000347311,14.233877211717626],[74.8692101660386,14.233876278971676],[74.86922037481642,14.23381794587825],[74.86921000347311,14.233877211717626]],[[74.86922037481642,14.23381794587825],[74.86887444639208,14.233488416135408],[74.86867668013141,14.233218177603524],[74.86922037481642,14.23381794587825]],[[74.86867668013141,14.233218177603524],[74.86854554314482,14.233021302765664],[74.86854244797588,14.232921813220543],[74.86867668013141,14.233218177603524]],[[74.86853809859474,14.232783145007037],[74.86851427004929,14.232491139546772],[74.8684843835002,14.232124282206774],[74.86853809859474,14.232783145007037]],[[74.86828609408373,14.229855994457013],[74.86835145033021,14.230603622726298],[74.86830027174355,14.230045789730333],[74.86828609408373,14.229855994457013]],[[74.86818862506304,14.228890994929474],[74.86810664269936,14.227940095805844],[74.86812829097273,14.227750082732713],[74.86818862506304,14.228890994929474]],[[74.8679486035407,14.225919156528951],[74.86917593904194,14.225657546244626],[74.86911789027745,14.225670783930061],[74.8679486035407,14.225919156528951]],[[74.86748531949816,14.220995978598294],[74.86765865838615,14.222734241257204],[74.86759196749387,14.222232441046298],[74.86748531949816,14.220995978598294]],[[74.86031490769898,14.217557929882117],[74.86027480301246,14.217565023218656],[74.86024593932376,14.21755626587433],[74.86031490769898,14.217557929882117]],[[74.86024593932376,14.21755626587433],[74.86022964473727,14.217415867361984],[74.86022529879376,14.216740005280736],[74.86024593932376,14.21755626587433]],[[74.86020462022317,14.216075270335832],[74.86017755485753,14.216570269360203],[74.86013437642366,14.21641676932395],[74.86020462022317,14.216075270335832]],[[74.86025580608208,14.215804803036828],[74.86021835800275,14.215778581956947],[74.86019863207768,14.215764742798475],[74.86025580608208,14.215804803036828]],[[74.85988943910526,14.215671001105203],[74.85965423093944,14.215515087236911],[74.86005042439746,14.215696776607672],[74.85988943910526,14.215671001105203]],[[74.85965423093944,14.215515087236911],[74.8591459217252,14.215012449703599],[74.85894143103258,14.214441921393108],[74.85965423093944,14.215515087236911]],[[74.85374803806641,14.209950015150246],[74.85374998412,14.20966431142854],[74.85375298556316,14.209898314104036],[74.85374803806641,14.209950015150246]],[[74.85372417930535,14.209973906617108],[74.85347118414927,14.21022724204871],[74.85374803806641,14.209950015150246],[74.85372417930535,14.209973906617108]],[[74.85328876042416,14.21040991110155],[74.85312230273273,14.210580452690909],[74.85311753538963,14.210585336071802],[74.85328876042416,14.21040991110155]],[[74.85308245078792,14.210621282844608],[74.85293353261135,14.210762753384353],[74.8531143839257,14.210588565635364],[74.85308245078792,14.210621282844608]],[[74.85291557469249,14.210779813941665],[74.85267378202832,14.211009516212298],[74.85293353261135,14.210762753384353],[74.85291557469249,14.210779813941665]],[[74.85067021324734,14.213067109862234],[74.84869039979732,14.216985968480685],[74.846616160034,14.217372929338039],[74.85067021324734,14.213067109862234]],[[74.84602273257781,14.21806658232514],[74.84600377956,14.218714691057462],[74.8459732764304,14.219225600911619],[74.84602273257781,14.21806658232514]],[[74.84590108667508,14.219294900738758],[74.84589889869993,14.219318308750111],[74.84577413137885,14.219416773711519],[74.84590108667508,14.219294900738758]],[[74.83804944086621,14.225281755470169],[74.83785988572895,14.225598141332123],[74.83818399900653,14.225043956086116],[74.83804944086621,14.225281755470169]],[[74.8351139521686,14.227787675558979],[74.83299804503481,14.229224968094995],[74.8329670667457,14.229229104031033],[74.8351139521686,14.227787675558979]],[[74.83276021718989,14.229220911564001],[74.83243587938745,14.229163174574078],[74.83216359299159,14.22904186830019],[74.83276021718989,14.229220911564001]],[[74.82947472878017,14.228433103041652],[74.82861792521146,14.227861070112889],[74.83097450517451,14.228645871600548],[74.82947472878017,14.228433103041652]],[[74.82487350884419,14.226651755224001],[74.82441594809106,14.226461704104983],[74.82540540731881,14.226791219371217],[74.82487350884419,14.226651755224001]],[[74.79891262838657,14.23120403693666],[74.80990983041495,14.228254529175533],[74.8053293494396,14.230345131636431],[74.79891262838657,14.23120403693666]],[[74.79888772769065,14.2312073687483],[74.79872386122642,14.231093733989843],[74.79891262838657,14.23120403693666],[74.79888772769065,14.2312073687483]],[[74.77600796583714,14.240810161931858],[74.78144794652714,14.236747425850266],[74.78033262863849,14.237697200537516],[74.77600796583714,14.240810161931858]],[[74.7651451193804,14.244755030797494],[74.7647037266819,14.246628306523036],[74.76468871319237,14.246634555038474],[74.7651451193804,14.244755030797494]],[[74.75911317061444,14.248955027629101],[74.76453029754799,14.246700506912987],[74.7627186666455,14.247454745700434],[74.75911317061444,14.248955027629101]],[[74.73303314776312,14.267414979240156],[74.74801031558334,14.254860006156763],[74.74251070600977,14.259487821769117],[74.73303314776312,14.267414979240156]],[[74.73153448774006,14.264752915525394],[74.73083186005016,14.26366569051529],[74.72851655345428,14.260041780827462],[74.73153448774006,14.264752915525394]],[[74.71719569239939,14.242320440676075],[74.71279642342934,14.235433073207949],[74.71250589220674,14.23497208509547],[74.71719569239939,14.242320440676075]],[[74.72237977317137,14.190671471987372],[74.72613419854893,14.173795974362209],[74.71789226537975,14.211769654968437],[74.72237977317137,14.190671471987372]],[[74.72674898895733,14.173292868433666],[74.73158181487796,14.169418059253045],[74.7391604687495,14.163451947557407],[74.72674898895733,14.173292868433666]],[[74.74794593978592,14.152994771623261],[74.74808601497688,14.151638538357481],[74.74810059850576,14.151497345747327],[74.74794593978592,14.152994771623261]],[[74.74693425698715,14.141493548760943],[74.74688666217659,14.141616946127284],[74.74607156868905,14.143523924700823],[74.74693425698715,14.141493548760943]],[[74.74481770988919,14.14631002689572],[74.74484097832608,14.146315762190463],[74.74482764305417,14.146349409927154],[74.74481770988919,14.14631002689572]],[[74.74539180443418,14.146334437510282],[74.74485923555999,14.146320260302797],[74.74496559995887,14.14622212437308],[74.74539180443418,14.146334437510282]],[[74.74524988476415,14.146397838699052],[74.74557444143403,14.146606097095152],[74.7452882138091,14.146929369070358],[74.74524988476415,14.146397838699052]],[[74.7447691039071,14.147857841751977],[74.74461744579143,14.147494238497066],[74.74482567689672,14.147514047473324],[74.7447691039071,14.147857841751977]],[[74.74533025509811,14.148143213548288],[74.74493812815258,14.148992448436807],[74.74489262877414,14.148003006963545],[74.74533025509811,14.148143213548288]],[[74.74474268578868,14.149232947373276],[74.74434824130856,14.148871501433353],[74.7448039075946,14.149052901419607],[74.74474268578868,14.149232947373276]],[[74.74434824130856,14.148871501433353],[74.74361505837118,14.149424246178503],[74.74352609160456,14.149444257744584],[74.74434824130856,14.148871501433353]],[[74.74045583462907,14.150134968424597],[74.74021512817173,14.150189118141473],[74.74352609160456,14.149444257744584],[74.74045583462907,14.150134968424597]],[[74.72953890554403,14.152599574282414],[74.72082651683559,14.154415640332369],[74.73303645957279,14.151809651148362],[74.72953890554403,14.152599574282414]],[[74.72082651683559,14.154415640332369],[74.72002732546656,14.155304157321273],[74.71619414956444,14.159565630550405],[74.72082651683559,14.154415640332369]],[[74.71596074694766,14.159824710634743],[74.71023286277261,14.16605387961088],[74.71613934728389,14.159626552897082],[74.71596074694766,14.159824710634743]],[[74.71023286277261,14.16605387961088],[74.70904355503603,14.167283732919055],[74.70068422003878,14.169779394512691],[74.71023286277261,14.16605387961088]],[[74.69578083378107,14.17279895740779],[74.69579758675174,14.172821322655661],[74.69576911064547,14.172831882577372],[74.69578083378107,14.17279895740779]],[[74.69469855664028,14.173228884225145],[74.67637901454754,14.179193082870496],[74.67460808524378,14.179722220065292],[74.69469855664028,14.173228884225145]],[[74.67460808524378,14.179722220065292],[74.66476914681581,14.18300526185426],[74.66440778291408,14.182539073723323],[74.67460808524378,14.179722220065292]],[[74.66440778291408,14.182539073723323],[74.65985825505255,14.176669617878568],[74.65654443143126,14.172278215586637],[74.66440778291408,14.182539073723323]],[[74.65413847573276,14.169119530199414],[74.6531005272163,14.16780255052749],[74.65297187490886,14.167639311647006],[74.65413847573276,14.169119530199414]],[[74.65239921695974,14.167685334537206],[74.65047446790533,14.169729155247826],[74.64890907652777,14.169252999666952],[74.65239921695974,14.167685334537206]],[[74.64211501636805,14.167289940704102],[74.64247432668391,14.167391696070986],[74.64212167313853,14.16729182820855],[74.64211501636805,14.167289940704102]],[[74.64211501636805,14.167289940704102],[74.63955582184555,14.166567098543913],[74.6350824938951,14.165285007900968],[74.64211501636805,14.167289940704102]],[[74.63493832103151,14.165243720315006],[74.63397656822445,14.164968091275279],[74.6350824938951,14.165285007900968],[74.63493832103151,14.165243720315006]],[[74.62913128127762,14.162064496299305],[74.62981839652991,14.163940061490276],[74.62975436430156,14.1639267564227],[74.62913128127762,14.162064496299305]],[[74.62898001033159,14.16161237635157],[74.62703194811453,14.158145487900944],[74.62781509584525,14.153354961105416],[74.62898001033159,14.16161237635157]],[[74.63274092425709,14.143119801487707],[74.62927092818016,14.144152102554882],[74.62919799434508,14.144095582480244],[74.63274092425709,14.143119801487707]],[[74.63518299303563,14.142494469534151],[74.64312828141527,14.1405662186831],[74.64407650517077,14.140413986951705],[74.63518299303563,14.142494469534151]],[[74.64366294565606,14.126712472124973],[74.64423903122893,14.12358563199561],[74.64327890519989,14.12955686166564],[74.64366294565606,14.126712472124973]],[[74.6454990514883,14.11695047252067],[74.64562743019174,14.11629780679013],[74.64577329903739,14.11562896965737],[74.6454990514883,14.11695047252067]],[[74.64598165349524,14.11469703883035],[74.64598514764467,14.114660741650761],[74.64640087904681,14.114694139876818],[74.64598165349524,14.11469703883035]],[[74.6555498715849,14.115428957997372],[74.65554341351351,14.11542041626247],[74.65228580099624,14.111110938255178],[74.6555498715849,14.115428957997372]],[[74.6458972368827,14.1023735102033],[74.64592968446041,14.102344426269152],[74.64594548867953,14.102331765950396],[74.6458972368827,14.1023735102033]],[[74.65758726029871,14.091071135868486],[74.66207827088893,14.085732907710158],[74.65484299622855,14.09436820188366],[74.65758726029871,14.091071135868486]],[[74.67385695153243,14.057883581249568],[74.67379445745458,14.057449896412948],[74.67245375016745,14.048145517380373],[74.67385695153243,14.057883581249568]],[[74.67245375016745,14.048145517380373],[74.67248655282322,14.047937346126878],[74.67287055491262,14.047715929918139],[74.67245375016745,14.048145517380373]],[[74.6772050768494,14.034566602708052],[74.67716418535568,14.033801991697235],[74.67813819569226,14.042286739246205],[74.6772050768494,14.034566602708052]],[[74.6770752834516,14.033097536111057],[74.67701312141676,14.03248611196423],[74.67712371445236,14.033570012751888],[74.6770752834516,14.033097536111057]],[[74.67694760888037,14.031844915985662],[74.6769410379967,14.03178641824385],[74.67691873920563,14.031562357557016],[74.67694760888037,14.031844915985662]],[[74.67689691047434,14.031343014523264],[74.6768833407445,14.031168902037491],[74.67685625201383,14.030818455906696],[74.67689691047434,14.031343014523264]],[[74.67685625201383,14.030818455906696],[74.67673323229437,14.029501760554096],[74.67669897724987,14.029061825265224],[74.67685625201383,14.030818455906696]],[[74.67668869799613,14.028947566407592],[74.67666751879904,14.028711805265443],[74.67665910962522,14.028601161312023],[74.67668869799613,14.028947566407592]],[[74.67661854615035,14.028121961396575],[74.6765834115784,14.027788624125577],[74.67656963857314,14.02754418774815],[74.67661854615035,14.028121961396575]],[[74.67484258216416,14.020718341320999],[74.67474765055726,14.020529715712309],[74.67466082782657,14.02033699671042],[74.67484258216416,14.020718341320999]],[[74.67432293399393,14.019669891500708],[74.67456178351568,14.020143045752544],[74.6743621205195,14.019757598043961],[74.67432293399393,14.019669891500708]],[[74.67407364532731,14.019179959910039],[74.67341942781565,14.017836497167798],[74.67273777404043,14.016305607594177],[74.67407364532731,14.019179959910039]],[[74.67183020497448,14.014300808737326],[74.67209722037346,14.014892809146318],[74.67200421224172,14.014698613149799],[74.67183020497448,14.014300808737326]],[[74.67109258994826,14.012756696509333],[74.67120477690919,14.01300126297902],[74.67119238500156,14.012976816602633],[74.67109258994826,14.012756696509333]],[[74.67041366743426,14.011306305894111],[74.67068065023693,14.011897389768823],[74.67047356937955,14.011468099175437],[74.67041366743426,14.011306305894111]],[[74.6698679969664,14.01016738534091],[74.66963866789408,14.009712604697107],[74.66942959138996,14.00927738257123],[74.6698679969664,14.01016738534091]],[[74.66932494665338,14.009059829902903],[74.66922029594646,14.008842319779044],[74.6691156755465,14.008624780829086],[74.66932494665338,14.009059829902903]],[[74.66910899757579,14.008610909753266],[74.66901092747179,14.008407206305062],[74.66901091633811,14.008407181353425],[74.66910899757579,14.008610909753266]],[[74.66837943677915,14.007082189898098],[74.66794700657313,14.006185936966968],[74.66845526144952,14.007235889016075],[74.66837943677915,14.007082189898098]],[[74.66762944495105,14.00554673206173],[74.66761208168754,14.005513523036836],[74.66759590753068,14.005479226388793],[74.66762944495105,14.00554673206173]],[[74.66715850265132,14.004624264949472],[74.66680430144929,14.003962780035366],[74.66727921823055,14.004843866921876],[74.66715850265132,14.004624264949472]],[[74.66618210033279,14.0027529294526],[74.66635285114353,14.003074462401779],[74.6662356407526,14.002853816924025],[74.66618210033279,14.0027529294526]],[[74.6660014018879,14.002412664573908],[74.66594671826866,14.002309695201387],[74.66588425320893,14.002192065095166],[74.6660014018879,14.002412664573908]],[[74.66460939356136,13.999977000031805],[74.66436295118646,13.999518021988994],[74.66473532279947,14.00020501965916],[74.66460939356136,13.999977000031805]],[[74.66423015555631,13.999293992817478],[74.6640975742441,13.999068697348875],[74.66436295118646,13.999518021988994],[74.66423015555631,13.999293992817478]],[[74.6640975742441,13.999068697348875],[74.66370818874826,13.99837071399494],[74.66338282170763,13.997652199743111],[74.6640975742441,13.999068697348875]],[[74.66328114487568,13.997450696451166],[74.66318920679002,13.997282976296454],[74.66312404906671,13.997139363750783],[74.66328114487568,13.997450696451166]],[[74.66263071014603,13.996164053092041],[74.6628657712865,13.996635251294467],[74.66264603857434,13.996197931998717],[74.66263071014603,13.996164053092041]],[[74.6621897726026,13.995295213668097],[74.66208290977144,13.995065944951818],[74.66227179851093,13.995444587012022],[74.6621897726026,13.995295213668097]],[[74.66208281162172,13.99506574820311],[74.66173896538625,13.994382055363248],[74.66153824489308,13.993974122155832],[74.66208281162172,13.99506574820311]],[[74.66136136992814,13.993622024098075],[74.661346311391,13.993441664572371],[74.66136542625614,13.992784853895825],[74.66136136992814,13.993622024098075]],[[74.66136542625614,13.992784853895825],[74.6613560801496,13.991070674661708],[74.66137932599172,13.989407284056176],[74.66136542625614,13.992784853895825]],[[74.66152949266096,13.988844753077668],[74.66138064106123,13.989288204394395],[74.66138102088838,13.98925379878085],[74.66152949266096,13.988844753077668]],[[74.66172400675713,13.988344070543876],[74.66209744063664,13.98736092637294],[74.66233120419737,13.986778418720908],[74.66172400675713,13.988344070543876]],[[74.66292675426023,13.98521502461296],[74.66300721751928,13.985017905042909],[74.6630668265647,13.984872013431405],[74.66292675426023,13.98521502461296]],[[74.66394888023244,13.982592157476336],[74.66463317327258,13.981165312163947],[74.66379245882814,13.983005318741089],[74.66394888023244,13.982592157476336]],[[74.09283502264284,14.907733634549576],[74.09452603173686,14.910987542976157],[74.09080954045417,14.90429894685713],[74.09283502264284,14.907733634549576]],[[74.09452603173686,14.910987542976157],[74.09662353206996,14.912370937793169],[74.10163088683082,14.915787518256623],[74.09452603173686,14.910987542976157]],[[74.10732389944944,14.91417490186406],[74.10339232566866,14.914522484424806],[74.10479596976495,14.912900293595763],[74.10732389944944,14.91417490186406]],[[74.1085125894098,14.913944678873962],[74.10860872198425,14.914205188510655],[74.10732389944944,14.91417490186406],[74.1085125894098,14.913944678873962]],[[74.11071410403079,14.917237349985365],[74.11461497823963,14.918355427115133],[74.10961932567598,14.916972323161334],[74.11071410403079,14.917237349985365]],[[74.12144089120106,14.918219959102608],[74.12135467296481,14.917809024744335],[74.12159642003198,14.917969335383766],[74.12144089120106,14.918219959102608]],[[74.12425519864509,14.925321033334804],[74.12689301433414,14.925165888203683],[74.12811793395538,14.92542335435949],[74.12425519864509,14.925321033334804]],[[74.1630480901598,14.913120461664516],[74.1604004073367,14.913014452664367],[74.16211852449351,14.91214001131445],[74.1630480901598,14.913120461664516]],[[74.1659116966387,14.91859239235808],[74.1653796541268,14.919539116796553],[74.1661948072508,14.916549825966843],[74.1659116966387,14.91859239235808]],[[74.16424387427092,14.921914052215442],[74.16502904208879,14.920824864613923],[74.1648385920088,14.921312901271023],[74.16424387427092,14.921914052215442]],[[74.16419280480012,14.922356862793954],[74.16419287151604,14.922795226138184],[74.16355164350091,14.923491267850693],[74.16419280480012,14.922356862793954]],[[74.1636447586944,14.924327192980424],[74.16362652039686,14.924463824116081],[74.16355164350091,14.923491267850693],[74.1636447586944,14.924327192980424]],[[74.16362652039686,14.924463824116081],[74.16257616547364,14.926885062169639],[74.1599674517857,14.928348590920791],[74.16362652039686,14.924463824116081]],[[74.1591420947448,14.929646556659389],[74.15937908582873,14.928973248390104],[74.15937910199037,14.929343805893067],[74.1591420947448,14.929646556659389]],[[74.1581154851859,14.932805432209106],[74.15786192973127,14.93303277596287],[74.1581713070897,14.93182909903655],[74.1581154851859,14.932805432209106]],[[74.15752080670907,14.934359963941073],[74.15764762325082,14.93386656602096],[74.15768803810272,14.934034586721667],[74.15752080670907,14.934359963941073]],[[74.15675867757602,14.934961061631878],[74.15678183855455,14.934567976285908],[74.15676455227016,14.93486136084634],[74.15675867757602,14.934961061631878]],[[74.15675867757602,14.934961061631878],[74.15694925692527,14.93547175007649],[74.15633852407781,14.936975998384021],[74.15675867757602,14.934961061631878]],[[74.15619819215503,14.937648990397479],[74.15623862577553,14.93886548441822],[74.15496551386448,14.939277166698869],[74.15619819215503,14.937648990397479]],[[74.15416158609185,14.943429812719224],[74.15415918167359,14.943425798737854],[74.15416158594805,14.943427642817113],[74.15416158609185,14.943429812719224]],[[74.15533131556494,14.946476307425701],[74.15533080745041,14.946475912014495],[74.15533131289374,14.946476302417455],[74.15533131556494,14.946476307425701]],[[74.15581200435842,14.94685037611592],[74.15683462460046,14.947406072038781],[74.15785957545897,14.948884163204585],[74.15581200435842,14.94685037611592]],[[74.15786026191078,14.948884771423641],[74.15786201969026,14.948888149615577],[74.15785957545897,14.948884163204585],[74.15786026191078,14.948884771423641]],[[74.15786201969026,14.948888149615577],[74.15833369823557,14.9493061848648],[74.15831065978985,14.950284899034987],[74.15786201969026,14.948888149615577]],[[74.15781579599012,14.951287700114333],[74.15809952327463,14.953064986992969],[74.15781338636819,14.951283648546541],[74.15781579599012,14.951287700114333]],[[74.15810368421259,14.95307575724748],[74.1587689925724,14.95357860554512],[74.15891090178994,14.954246630605923],[74.15810368421259,14.95307575724748]],[[74.15891604343547,14.954254406722066],[74.15945928928583,14.954826606662305],[74.1594593308061,14.955106445380382],[74.15891604343547,14.954254406722066]],[[74.16036821859441,14.955526032576985],[74.16131062793774,14.956588380479994],[74.15980286387352,14.955934047126844],[74.16036821859441,14.955526032576985]],[[74.1627250078739,14.957202187366784],[74.16137795587748,14.9566175991871],[74.1622927167189,14.95685884325013],[74.1627250078739,14.957202187366784]],[[74.16963686966302,14.95765301363191],[74.16783736108158,14.958225592943949],[74.16882803936524,14.957689289772059],[74.16963686966302,14.95765301363191]],[[74.17137511631361,14.957191751457678],[74.17344065115726,14.958306027659752],[74.17054832559003,14.957809487789797],[74.17137511631361,14.957191751457678]],[[74.17766879341178,14.95744350741326],[74.1769437075237,14.957668762767277],[74.17705058418147,14.95760638570965],[74.17766879341178,14.95744350741326]],[[74.1798659208305,14.951658904328037],[74.17972168036353,14.95080032900031],[74.18003290988976,14.950750092694104],[74.1798659208305,14.951658904328037]],[[74.18269184180825,14.948990273724808],[74.18200542118254,14.949444582475492],[74.18217533407763,14.949109685722986],[74.18269184180825,14.948990273724808]],[[74.18352687570402,14.948602082463227],[74.18527503126823,14.947296939294166],[74.18783804693742,14.946597901544969],[74.18352687570402,14.948602082463227]],[[74.19494926319088,14.938292687720246],[74.19165752751591,14.933042368546312],[74.19371616263929,14.93140558026624],[74.19494926319088,14.938292687720246]],[[74.1966073764331,14.929106717922798],[74.19999742311693,14.926411069348598],[74.20154479151901,14.925723680045232],[74.1966073764331,14.929106717922798]],[[74.20550455136677,14.930831694897504],[74.20617131534406,14.93227907380154],[74.20483853496417,14.930125940195548],[74.20550455136677,14.930831694897504]],[[74.20912854146923,14.938059165770799],[74.20884326769875,14.936920958435945],[74.20884533525717,14.936923597329718],[74.20912854146923,14.938059165770799]],[[74.21263448636748,14.940270752788779],[74.21235070064849,14.940091944943712],[74.21263145436353,14.94026884180864],[74.21263448636748,14.940270752788779]],[[74.22342490209623,14.94876243276587],[74.22396481567579,14.948879262964148],[74.22442014851565,14.949238226332113],[74.22342490209623,14.94876243276587]],[[74.23029062943856,14.9510881428865],[74.22897208890302,14.950268505903763],[74.22980339905125,14.950499050038957],[74.23029062943856,14.9510881428865]],[[74.23029062943856,14.9510881428865],[74.23174760420441,14.95336763563047],[74.2314524197252,14.95809906399983],[74.23029062943856,14.9510881428865]],[[74.23221555501,14.959928821266278],[74.23243029509862,14.961736294129581],[74.23174084608445,14.958722498477002],[74.23221555501,14.959928821266278]],[[74.23496031430473,14.964595602676974],[74.23383978207644,14.964062870143794],[74.23422102072037,14.964157601052017],[74.23496031430473,14.964595602676974]],[[74.23496031430473,14.964595602676974],[74.23534168854398,14.965011149099935],[74.2360329114135,14.966285955814621],[74.23496031430473,14.964595602676974]],[[74.23812785553673,14.966583390828056],[74.23804845939266,14.96657211835882],[74.23808486504159,14.96654168047235],[74.23812785553673,14.966583390828056]],[[74.24218341615027,14.964104087189778],[74.24051555347113,14.965754231391854],[74.24139801513198,14.964316795908106],[74.24218341615027,14.964104087189778]],[[74.24902064399312,14.959452120579373],[74.24923437163531,14.959041230143734],[74.24941559865306,14.959172383421041],[74.24902064399312,14.959452120579373]],[[74.25172248104761,14.959637610965041],[74.25374529823948,14.961118662108337],[74.2542592074778,14.967392733155009],[74.25172248104761,14.959637610965041]],[[74.25783224220875,14.970180154030345],[74.25909882684813,14.970061322560113],[74.25935407097721,14.97088843943357],[74.25783224220875,14.970180154030345]],[[74.26432050934696,14.978524687985269],[74.26430553042827,14.978515465510394],[74.26431693775312,14.978522488761323],[74.26432050934696,14.978524687985269]],[[74.26373712527668,14.979390758822882],[74.25741947935896,14.988462942813666],[74.26432050954693,14.978524688108402],[74.26373712527668,14.979390758822882]],[[74.25766794740493,14.999761983778086],[74.25360515711081,14.99814551039479],[74.25646332950541,14.999259159891857],[74.25766794740493,14.999761983778086]],[[74.25950275150473,15.000508519234463],[74.26095352774249,15.000129746300757],[74.26191112678686,15.000243375727308],[74.25950275150473,15.000508519234463]],[[74.26191112678686,15.000243375727308],[74.2628687432671,15.000429237728584],[74.26442122295812,15.000760157144681],[74.26191112678686,15.000243375727308]],[[74.26781013608569,15.001928078583449],[74.26802338448428,15.00240702977722],[74.26486272134008,15.00100451838929],[74.26781013608569,15.001928078583449]],[[74.27421827871873,15.015675356990293],[74.2775305514564,15.018505219296152],[74.27245284013335,15.01424767296772],[74.27421827871873,15.015675356990293]],[[74.2822122560102,15.022504769828805],[74.28362135727453,15.023972821538255],[74.28326010534884,15.031568106567946],[74.2822122560102,15.022504769828805]],[[74.28766657247452,15.03573627023899],[74.28801411340908,15.03611532247406],[74.28522143613576,15.0338961140154],[74.28766657247452,15.03573627023899]],[[74.2938823028283,15.03929525286871],[74.29330756815979,15.038983808211652],[74.29356148921103,15.039096314198773],[74.2938823028283,15.03929525286871]],[[74.2938823028283,15.03929525286871],[74.29649498528737,15.041207726521085],[74.29597303082721,15.043803239384863],[74.2938823028283,15.03929525286871]],[[74.29502916061699,15.047254936728837],[74.29515917433864,15.046528462545755],[74.2950932538642,15.046959177486261],[74.29502916061699,15.047254936728837]],[[74.29502916061699,15.047254936728837],[74.29461349283402,15.049173022838849],[74.29069312629703,15.053029412844735],[74.29502916061699,15.047254936728837]],[[74.28999323989736,15.055460675060122],[74.28983846270542,15.057082479518657],[74.28975046729401,15.058004499189988],[74.28999323989736,15.055460675060122]],[[74.28975046729401,15.058004499189988],[74.29005677290762,15.06067020876872],[74.29013514741888,15.061420764682873],[74.28975046729401,15.058004499189988]],[[74.28974639752397,15.063538254081699],[74.28951031453829,15.06482414920104],[74.29013514741888,15.061420764682873],[74.28974639752397,15.063538254081699]],[[74.28458969292471,15.065882337446695],[74.28607791592948,15.065950914847097],[74.28559884736853,15.06595064351296],[74.28458969292471,15.065882337446695]],[[74.2807880236158,15.070502952826521],[74.28056246042672,15.072449772151545],[74.28076154581856,15.069756867489186],[74.2807880236158,15.070502952826521]],[[74.28055923572435,15.072493390701156],[74.28055895037978,15.072992529621],[74.28037718423867,15.074955888275799],[74.28055923572435,15.072493390701156]],[[74.27983435622731,15.082066688283275],[74.2803788902456,15.075203503955914],[74.28105784669741,15.076951729896338],[74.27983435622731,15.082066688283275]],[[74.27831767539111,15.09014675523055],[74.27943260872776,15.084397592528111],[74.27961731093293,15.088033990471875],[74.27831767539111,15.09014675523055]],[[74.27840536791014,15.091069215712473],[74.27881696503799,15.095398739082508],[74.27631729353023,15.095618001700362],[74.27840536791014,15.091069215712473]],[[74.27631729353023,15.095618001700362],[74.2735260258339,15.097046691461621],[74.2726451055247,15.097497567959715],[74.27631729353023,15.095618001700362]],[[74.27653301078362,15.105359282923384],[74.27964700901394,15.104885971009004],[74.282424390907,15.106685155225756],[74.27653301078362,15.105359282923384]],[[74.2827214184031,15.1131767614221],[74.28389479146033,15.115706406157322],[74.28413394934196,15.119280775501217],[74.2827214184031,15.1131767614221]],[[74.28413394934196,15.119280775501217],[74.28656534092298,15.121154202170068],[74.28549101595092,15.124322569078085],[74.28413394934196,15.119280775501217]],[[74.28518549413657,15.13672284931802],[74.2849104892365,15.139348993611609],[74.28369573165475,15.142562421110313],[74.28518549413657,15.13672284931802]],[[74.28475981872471,15.146468146803004],[74.28362620747761,15.145303709148177],[74.28460602642484,15.145416965411195],[74.28475981872471,15.146468146803004]],[[74.29489930926093,15.150660149941768],[74.29566586957128,15.151242844046406],[74.29808033091871,15.154832201363138],[74.29489930926093,15.150660149941768]],[[74.30157604205219,15.159041214930582],[74.30133366392182,15.158749379364032],[74.30149367285773,15.15891859452708],[74.30157604205219,15.159041214930582]],[[74.30157604205219,15.159041214930582],[74.3046426055416,15.163606121453029],[74.31030323798952,15.173179597233236],[74.30157604205219,15.159041214930582]],[[74.31737802429768,15.18375009635216],[74.31729772334253,15.183632135453141],[74.31730781019239,15.183642109495432],[74.31737802429768,15.18375009635216]],[[74.31734847404944,15.183888357927332],[74.31733827685687,15.183910969760323],[74.31737802429768,15.18375009635216],[74.31734847404944,15.183888357927332]],[[74.31704985724559,15.185723086064069],[74.31660251664934,15.186888878520248],[74.3170384362186,15.185124541864624],[74.31704985724559,15.185723086064069]],[[74.31660251664934,15.186888878520248],[74.31560144943207,15.188361780125511],[74.31495448758231,15.188831463792074],[74.31660251664934,15.186888878520248]],[[74.31413510298484,15.189680835637162],[74.31468921618544,15.189075473039852],[74.3144563381712,15.18938722720313],[74.31413510298484,15.189680835637162]],[[74.30894256653835,15.200181852576533],[74.30908655572195,15.198893493415593],[74.30899745100459,15.199973607041873],[74.30894256653835,15.200181852576533]],[[74.31004576104779,15.206287325441666],[74.30909278311852,15.206710297241418],[74.3101203515318,15.205925760394432],[74.31004576104779,15.206287325441666]],[[74.30872372446616,15.207294528503683],[74.30891937290716,15.206842693974032],[74.30890200552305,15.206882802979083],[74.30872372446616,15.207294528503683]],[[74.30813219964692,15.20821632563622],[74.307885477686,15.208460243588528],[74.30872372446616,15.207294528503683],[74.30813219964692,15.20821632563622]],[[74.30642399682284,15.208852883540372],[74.30736012507765,15.208601384282222],[74.3071221490781,15.208681411883322],[74.30642399682284,15.208852883540372]],[[74.30564886284587,15.210203161683001],[74.30574599877625,15.210614469657411],[74.30574586421999,15.211012128194417],[74.30564886284587,15.210203161683001]],[[74.3054936039109,15.212611798251427],[74.30540506899447,15.212869411608285],[74.3051411616281,15.213020057787665],[74.3054936039109,15.212611798251427]],[[74.30482202892041,15.21536833976033],[74.30473296919942,15.216425785390935],[74.3042301853894,15.21680973725139],[74.30482202892041,15.21536833976033]],[[74.30294529516637,15.217658840348228],[74.30311966373563,15.217320626507842],[74.3030664253581,15.217487086497627],[74.30294529516637,15.217658840348228]],[[74.30294529516637,15.217658840348228],[74.3018515833522,15.217920457977899],[74.30144305791015,15.21705591799214],[74.30294529516637,15.217658840348228]],[[74.30028717088183,15.219149055434913],[74.30144123322638,15.217055185655996],[74.30046652055566,15.21902565211491],[74.30028717088183,15.219149055434913]],[[74.30033541619098,15.221370224253212],[74.30060424422398,15.221924639846813],[74.30072700816109,15.223002719684256],[74.30033541619098,15.221370224253212]],[[74.29602042534711,15.229438233808715],[74.29677029900027,15.228430824620832],[74.29650019817412,15.2288464527599],[74.29602042534711,15.229438233808715]],[[74.2956991532237,15.22971377687912],[74.29428369095213,15.230770686260797],[74.29602042534711,15.229438233808715],[74.2956991532237,15.22971377687912]],[[74.29149863359883,15.233815409263604],[74.2866962898946,15.232810197334103],[74.29194127140681,15.233110546531524],[74.29149863359883,15.233815409263604]],[[74.25208986546191,15.251031779448557],[74.25131237426385,15.257569706509141],[74.25129375943548,15.25772623077268],[74.25208986546191,15.251031779448557]],[[74.25554076769026,15.246502313331215],[74.25530177559018,15.247511112343028],[74.25208986546191,15.251031779448557],[74.25554076769026,15.246502313331215]],[[74.26092638139428,15.260509213881004],[74.26261299368144,15.262607710935688],[74.26418228577997,15.266472438499548],[74.26092638139428,15.260509213881004]],[[74.27057152609645,15.276865777337553],[74.27081174448702,15.278104098687367],[74.26865541941098,15.27404470594609],[74.27057152609645,15.276865777337553]],[[74.29490023018137,15.288889185063018],[74.29431666599358,15.289125129785857],[74.29485316942733,15.288908212314523],[74.29490023018137,15.288889185063018]],[[74.30407145102126,15.285180835419256],[74.30405594628131,15.285187104704214],[74.30407084127648,15.285181081457077],[74.30407145102126,15.285180835419256]],[[74.31967879752501,15.283511651486027],[74.31964628755803,15.283511627737449],[74.319676569869,15.28350866202318],[74.31967879752501,15.283511651486027]],[[74.33404693606371,15.297674330192097],[74.33041887162237,15.302077733928147],[74.33587366167379,15.29545712262751],[74.33404693606371,15.297674330192097]],[[74.33041887162237,15.302077733928147],[74.32915681378252,15.30360945074628],[74.32683788468832,15.30642375412436],[74.33041887162237,15.302077733928147]],[[74.32623788081978,15.283946914632239],[74.33016700109272,15.288234333660508],[74.33587366167379,15.29545712262751],[74.32623788081978,15.283946914632239]],[[74.31851686628258,15.323557824826793],[74.31697926241469,15.329490631002313],[74.32074345407626,15.31496591991528],[74.31851686628258,15.323557824826793]],[[74.31695090675353,15.329600037080706],[74.31667023828832,15.330682949627494],[74.31697926241469,15.329490631002313],[74.31695090675353,15.329600037080706]],[[74.3232260909622,15.31148616975843],[74.32317945385712,15.311586305452781],[74.32074345407626,15.31496591991528],[74.3232260909622,15.31148616975843]],[[74.31767232935525,15.333995871759134],[74.31765459680473,15.333761222357055],[74.31770370534021,15.333914793131816],[74.31767232935525,15.333995871759134]],[[74.32184223682951,15.343595041893918],[74.32105829217092,15.342010469644228],[74.32106016143258,15.342013353321224],[74.32184223682951,15.343595041893918]],[[74.32225956069578,15.36704452927479],[74.32097087497796,15.36874985402638],[74.31625869745798,15.363000699621375],[74.32225956069578,15.36704452927479]],[[74.31387182739819,15.371991991156873],[74.30976781150633,15.3738205450182],[74.32097087497796,15.36874985402638],[74.31387182739819,15.371991991156873]],[[74.30838946270323,15.374610160308173],[74.30714964470849,15.375541231952035],[74.30161016456846,15.379583259137332],[74.30838946270323,15.374610160308173]],[[74.28697605341821,15.382726779099524],[74.28299318180036,15.382941801742378],[74.29870513444602,15.381936967494388],[74.28697605341821,15.382726779099524]],[[74.2988124650354,15.381850006294497],[74.29870750736868,15.381940785655528],[74.29870513444602,15.381936967494388],[74.2988124650354,15.381850006294497]],[[74.27728331031129,15.389811702173697],[74.2765202159661,15.390771254796336],[74.27587165849305,15.391586771292289],[74.27728331031129,15.389811702173697]],[[74.27779817731597,15.406364344865535],[74.27820267063603,15.40518971269589],[74.27829699394269,15.405691268134944],[74.27779817731597,15.406364344865535]],[[74.27497460329019,15.412128405674105],[74.27432397839209,15.413583464256028],[74.27531636034625,15.41095229514434],[74.27497460329019,15.412128405674105]],[[74.27496039066465,15.432562424899738],[74.27689282643733,15.435211551680093],[74.27626411102145,15.43563919036855],[74.27496039066465,15.432562424899738]],[[74.2768342045813,15.441699356494361],[74.27735440474085,15.440437478824414],[74.27736568803591,15.440494500536289],[74.2768342045813,15.441699356494361]],[[74.26610150100053,15.467399134926572],[74.26672409687613,15.465880565705945],[74.26621692620773,15.467117605136062],[74.26610150100053,15.467399134926572]],[[74.26610150100053,15.467399134926572],[74.264544789609,15.47132473640628],[74.25829377067652,15.482058141674115],[74.26610150100053,15.467399134926572]],[[74.94067698545845,24.069918514752093],[74.93820044278921,24.063080320112583],[74.93878228742759,24.05972947799122],[74.94067698545845,24.069918514752093]],[[74.96670895254354,24.039101026329647],[74.96602602021156,24.038942702410857],[74.96651137200142,24.039036231656805],[74.96670895254354,24.039101026329647]],[[74.96992248270624,24.03984601769216],[74.9717656513872,24.03864476240268],[74.97376984096962,24.039813221454917],[74.96992248270624,24.03984601769216]],[[74.97424276662943,24.038385908010714],[74.97518078710615,24.038192628656397],[74.97397474957654,24.039577866323974],[74.97424276662943,24.038385908010714]],[[74.97617310765482,24.036502179850732],[74.97707940917769,24.036011898168812],[74.97571652205852,24.03757729105898],[74.97617310765482,24.036502179850732]],[[74.71693695286719,23.215779318901944],[74.73401212410832,23.2206124107234],[74.71566418299251,23.219141860414297],[74.71693695286719,23.215779318901944]],[[75.41362237032247,12.292047239184136],[75.41372732478695,12.292359334383546],[75.40852328023047,12.294842850163045],[75.41362237032247,12.292047239184136]],[[75.93678719003617,11.935604778464887],[75.93960178279349,11.940996045100455],[75.93721506784053,11.940621401599701],[75.93678719003617,11.935604778464887]],[[75.74601164149226,24.12126918713226],[75.76410597195944,24.12118930820024],[75.75095917096763,24.14333226202728],[75.74601164149226,24.12126918713226]],[[77.45446477049708,13.682395919013045],[77.45535763233667,13.682597910352632],[77.45530940946996,13.682605248180177],[77.45446477049708,13.682395919013045]],[[77.4554133131919,13.683392754480531],[77.45537416858386,13.682833969094085],[77.45535763233667,13.682597910352632],[77.4554133131919,13.683392754480531]],[[77.45393757703138,13.682406208993603],[77.45406897354172,13.68238634821751],[77.45400757059389,13.682395629862294],[77.45393757703138,13.682406208993603]],[[77.4534237834443,13.682244325520871],[77.45378559645351,13.682429182617561],[77.45346074310227,13.682478284965189],[77.4534237834443,13.682244325520871]],[[77.45339186075054,13.682228015614],[77.45334225481554,13.682228401246162],[77.45334059918336,13.68220182511161],[77.45339186075054,13.682228015614]],[[77.45265970815886,13.682252493778153],[77.45203254767472,13.682328245256182],[77.45113237376412,13.68243696825156],[77.45265970815886,13.682252493778153]],[[77.45053115540574,13.682509594870131],[77.44993371441375,13.682641923945248],[77.44956251508503,13.682714865713196],[77.45053115540574,13.682509594870131]],[[77.44956251508503,13.682714865713196],[77.4464826469542,13.683035635816353],[77.44493736978303,13.683085111698988],[77.44956251508503,13.682714865713196]],[[77.44154455492412,13.6834597275199],[77.44154390383117,13.683459826479409],[77.44146471689088,13.683470528585712],[77.44154455492412,13.6834597275199]],[[77.43893709099278,13.683841313284203],[77.43706468835575,13.683881326893827],[77.4408546816674,13.68355448416594],[77.43893709099278,13.683841313284203]],[[77.4363423089463,13.681057653811683],[77.43565872122917,13.678562165987294],[77.43551647103351,13.67757946763609],[77.4363423089463,13.681057653811683]],[[77.43549324595237,13.677424591332997],[77.4354626707494,13.677220690952963],[77.43551647103351,13.67757946763609],[77.43549324595237,13.677424591332997]],[[77.4354626707494,13.677220690952963],[77.43532330638324,13.676150138679683],[77.435304621097,13.675684197019526],[77.4354626707494,13.677220690952963]],[[77.43530445543189,13.673737943416247],[77.43530973528708,13.673722437374373],[77.43533229826068,13.67365909489312],[77.43530445543189,13.673737943416247]],[[77.4351192988257,13.673276554740374],[77.43464178530836,13.673261636795448],[77.4353679614996,13.673273038942087],[77.4351192988257,13.673276554740374]],[[77.43360089506783,13.673456291760989],[77.43338869830707,13.6735038592489],[77.43288276508866,13.673516461128322],[77.43360089506783,13.673456291760989]],[[77.43142512421133,13.674138860175201],[77.43117688276328,13.674048952092473],[77.43288276508866,13.673516461128322],[77.43142512421133,13.674138860175201]],[[77.42977537867851,13.674452661652465],[77.42884301127914,13.674555299253834],[77.42994330773031,13.674434012391703],[77.42977537867851,13.674452661652465]],[[77.42798421682608,13.674647844205746],[77.42790801857812,13.674656054469839],[77.42884301127914,13.674555299253834],[77.42798421682608,13.674647844205746]],[[77.42720421315431,13.67476553884472],[77.42665717055075,13.674851771668699],[77.4262439171751,13.674916914362834],[77.42720421315431,13.67476553884472]],[[77.42518714288184,13.675138504145691],[77.4243746806961,13.675303395924523],[77.4262439171751,13.674916914362834],[77.42518714288184,13.675138504145691]],[[77.41591863396512,13.67574933803401],[77.41457253942099,13.675795247486707],[77.4169859338984,13.675664073107422],[77.41591863396512,13.67574933803401]],[[77.41404746809954,13.67582378650315],[77.41344975313223,13.675863226700235],[77.41246714596996,13.67590968119478],[77.41404746809954,13.67582378650315]],[[77.40682397851357,13.676145467255001],[77.4116131491753,13.67595024933228],[77.41020103810456,13.67601742924133],[77.40682397851357,13.676145467255001]],[[77.40472067085598,13.676227281235569],[77.40461919004953,13.67623094635779],[77.4039981313906,13.676253374186782],[77.40472067085598,13.676227281235569]],[[77.40308289571723,13.676093301768606],[77.40272063717464,13.675935347078699],[77.40270577349952,13.675928865360609],[77.40308289571723,13.676093301768606]],[[77.39668311972912,13.673651661711746],[77.3959753201876,13.672318460398358],[77.39716949326113,13.67453682171196],[77.39668311972912,13.673651661711746]],[[77.39565807646775,13.671119507856556],[77.39586430033525,13.672141120671435],[77.39571007451535,13.671407683793882],[77.39565807646775,13.671119507856556]],[[77.39614344034776,13.669518230528809],[77.39551410178441,13.667919905785492],[77.39544762151978,13.667751065087005],[77.39614344034776,13.669518230528809]],[[77.38746826537437,13.662821293181192],[77.3835907304644,13.660602158504703],[77.38112174742972,13.656516325841983],[77.38746826537437,13.662821293181192]],[[77.37492234692043,13.642110501516296],[77.37570833851112,13.642726540253076],[77.37511123004889,13.642258543565697],[77.37492234692043,13.642110501516296]],[[77.37249228441905,13.642123255286144],[77.37208541240021,13.642105624766534],[77.37390013809326,13.642184127809298],[77.37249228441905,13.642123255286144]],[[77.36871583839081,13.64105184617128],[77.370307920967,13.642029010858854],[77.36998566731818,13.642015548836254],[77.36871583839081,13.64105184617128]],[[77.36803486995166,13.639767966019372],[77.36749319395292,13.638735517331257],[77.36871583839081,13.64105184617128],[77.36803486995166,13.639767966019372]],[[77.36695976223551,13.636165936211498],[77.36685178120035,13.637509579138577],[77.36691145519002,13.636164845439477],[77.36695976223551,13.636165936211498]],[[77.36745815561939,13.635850547419382],[77.36697083095756,13.636028204524896],[77.36697446642374,13.635874189581937],[77.36745815561939,13.635850547419382]],[[77.36745815561939,13.635850547419382],[77.36896054432866,13.63437454844103],[77.36957350891504,13.633776944422587],[77.36745815561939,13.635850547419382]],[[77.36221052228551,13.624808295660495],[77.36179665192033,13.622080871074576],[77.36222184750748,13.624881076481117],[77.36221052228551,13.624808295660495]],[[77.36179665192033,13.622080871074576],[77.36147378730273,13.619934006845307],[77.36141007815083,13.619510246921923],[77.36179665192033,13.622080871074576]],[[77.36076972310413,13.61511745357304],[77.36040804227238,13.61380165159237],[77.36035571751856,13.613611291705903],[77.36076972310413,13.61511745357304]],[[77.36035571751856,13.613611291705903],[77.36036840659528,13.613071569677903],[77.36138901956821,13.608268600919052],[77.36035571751856,13.613611291705903]],[[77.36138901956821,13.608268600919052],[77.36218015969814,13.606177083432113],[77.3623743052473,13.605795987211732],[77.36138901956821,13.608268600919052]],[[77.3623995091079,13.605746587261045],[77.36240715950088,13.605731597606383],[77.3623743052473,13.605795987211732],[77.3623995091079,13.605746587261045]],[[77.36277158185102,13.602286497695331],[77.3646240121834,13.601912656517005],[77.3625573737158,13.605484691640584],[77.36277158185102,13.602286497695331]],[[77.36472206826572,13.601898116198152],[77.36476606928267,13.601891592853594],[77.3646240121834,13.601912656517005],[77.36472206826572,13.601898116198152]],[[77.36352095790535,13.591215326723011],[77.36365281025307,13.590184484881345],[77.36365261134563,13.594184212750534],[77.36352095790535,13.591215326723011]],[[77.3666124299231,13.5893079883943],[77.36492044729115,13.589761671765931],[77.36557561381225,13.589507273460159],[77.3666124299231,13.5893079883943]],[[77.3666124299231,13.5893079883943],[77.36732668618383,13.589118562261334],[77.3676047552534,13.589044831902426],[77.3666124299231,13.5893079883943]],[[77.36809848095713,13.588913950181913],[77.36916883943363,13.588630367372428],[77.3676047552534,13.589044831902426],[77.36809848095713,13.588913950181913]],[[77.36934678331784,13.588583249013231],[77.36958850175324,13.58851925572874],[77.36916883943363,13.588630367372428],[77.36934678331784,13.588583249013231]],[[77.36958850175324,13.58851925572874],[77.3700608864435,13.588477694547805],[77.37065484957527,13.588504169549777],[77.36958850175324,13.58851925572874]],[[77.37118309377351,13.58852771324162],[77.3740403049209,13.58981398279785],[77.37418193065488,13.58993398073552],[77.37118309377351,13.58852771324162]],[[77.37423718263345,13.589806839205684],[77.37433651563435,13.589791346038707],[77.37418193065488,13.58993398073552],[77.37423718263345,13.589806839205684]],[[77.37612871582478,13.586376943574107],[77.37450032775448,13.589640197510773],[77.37456864863411,13.589496322523107],[77.37612871582478,13.586376943574107]],[[77.37787967319001,13.582509573651022],[77.37790542401915,13.582420479838444],[77.3782239496604,13.581319434401513],[77.37787967319001,13.582509573651022]],[[77.3782239496604,13.581319434401513],[77.37897928985599,13.57925966408855],[77.379480235527,13.577976891006506],[77.3782239496604,13.581319434401513]],[[77.38262368090857,13.575390029436994],[77.38288902151265,13.575085174868024],[77.38299172150342,13.574967181295243],[77.38262368090857,13.575390029436994]],[[77.38299172150342,13.574967181295243],[77.38300599065441,13.574314694110708],[77.38303572605889,13.573700397474083],[77.38299172150342,13.574967181295243]],[[77.3830370414912,13.573673223156426],[77.38304654454731,13.573517379217492],[77.38303572605889,13.573700397474083],[77.3830370414912,13.573673223156426]],[[77.38307535335468,13.573044952365345],[77.38308971292517,13.572407651403704],[77.38310407562349,13.571770375301755],[77.38307535335468,13.573044952365345]],[[77.38314064492874,13.570892003879168],[77.3831542176647,13.570484297588129],[77.38316791759989,13.570236931687296],[77.38314064492874,13.570892003879168]],[[77.38322995350238,13.56888320744211],[77.38320253624543,13.569460713382126],[77.38321149778119,13.569190552345676],[77.38322995350238,13.56888320744211]],[[77.38323545175862,13.568562688618576],[77.38326565677154,13.568131168313858],[77.38323822833071,13.568708909826544],[77.38323545175862,13.568562688618576]],[[77.38337746536071,13.565780643396957],[77.3833887996938,13.565406186340715],[77.38339943461338,13.565054889182772],[77.38337746536071,13.565780643396957]],[[77.38345269454989,13.563922808525502],[77.38343368084871,13.563646319328226],[77.38338866590244,13.562991712866348],[77.38345269454989,13.563922808525502]],[[77.3834775986235,13.558002287022106],[77.3836023625482,13.55712657254528],[77.3834445981379,13.5594170165267],[77.3834775986235,13.558002287022106]],[[77.38412854982701,13.552635669395098],[77.38433451261177,13.552062876065474],[77.38411134233765,13.552869803477815],[77.38412854982701,13.552635669395098]],[[77.38395278798562,13.550316410574291],[77.38402141504628,13.550452148465732],[77.38400268752189,13.550421120179294],[77.38395278798562,13.550316410574291]],[[77.38129214636665,13.549249408521302],[77.38245993581855,13.549130404693098],[77.38167723834577,13.5492192135027],[77.38129214636665,13.549249408521302]],[[77.38061917685025,13.549302173747968],[77.38051228260656,13.549310664463421],[77.38046213310264,13.549314647280267],[77.38061917685025,13.549302173747968]],[[77.38046213310264,13.549314647280267],[77.3796184911007,13.548478782416051],[77.37970749613558,13.548004768142032],[77.38046213310264,13.549314647280267]],[[77.37970749613558,13.548004768142032],[77.38003685090472,13.546327142748623],[77.38027461465975,13.545433073678259],[77.37970749613558,13.548004768142032]],[[77.38050153784292,13.544615520128657],[77.38041720095862,13.544914323440198],[77.38047869033177,13.544690611369045],[77.38050153784292,13.544615520128657]],[[77.38056339208374,13.54401165381139],[77.38065994060109,13.54409530604752],[77.38055665994818,13.544015296972994],[77.38056339208374,13.54401165381139]],[[77.38162416514605,13.542561945516837],[77.38225541015962,13.53974595287322],[77.38247307454903,13.539152184505726],[77.38282325840964,13.539593463683557],[77.38162416514605,13.542561945516837]],[[77.38281699106953,13.537440863215624],[77.38381024245984,13.537148822922749],[77.38282325840964,13.539593463683557],[77.38281699106953,13.537440863215624]],[[77.39156860916184,13.53370391897664],[77.39158273272818,13.53312273040077],[77.39158982499595,13.532830890648011],[77.39156860916184,13.53370391897664]],[[77.39152065137728,13.527395074882243],[77.39125451132742,13.525219082288562],[77.39125313890668,13.525127202589807],[77.39152065137728,13.527395074882243]],[[77.39074758907404,13.520510881275603],[77.39062740965385,13.519220667859573],[77.39090467627999,13.52198548440816],[77.39074758907404,13.520510881275603]],[[77.38682387529462,13.518464396645735],[77.38659631499753,13.517912874043072],[77.38754678851592,13.518663095057237],[77.38682387529462,13.518464396645735]],[[77.38193812995927,13.514875306798489],[77.3816651692295,13.51471604727548],[77.38171578558571,13.514645823516144],[77.38193812995927,13.514875306798489]],[[77.3817477570415,13.51455890509178],[77.38175490744044,13.514542729423054],[77.38171578558571,13.514645823516144],[77.3817477570415,13.51455890509178]],[[77.38191461437121,13.51360669014485],[77.38236859179246,13.510362150111593],[77.38290706229955,13.506949134413086],[77.38191461437121,13.51360669014485]],[[77.38273735366269,13.503337375680902],[77.382708499913,13.502900567968982],[77.3827014887867,13.502770983639744],[77.38273735366269,13.503337375680902]],[[77.38260127556616,13.50094749180283],[77.38405736443083,13.499266845824236],[77.38466849636127,13.498864450050784],[77.38260127556616,13.50094749180283]],[[77.93578020475938,13.245683116379059],[77.9655768918193,13.244435210414489],[77.94628741954806,13.218697109620633],[77.9635601029671,13.192175413733889],[77.95768137117264,13.13017221883742],[77.93794838600438,13.125866573737069],[77.93941616730037,13.109412300091794],[77.9151240309607,13.117442861146955],[77.90123026006188,13.101961903552066],[77.91200038014196,13.078448749930638],[77.93927781858723,13.083929444924681],[77.94159701553647,13.069115095724216],[77.89007040642338,13.050289293534059],[77.86449117849824,12.973225723760256],[77.87217254971452,12.940958828012993],[77.8408606010025,12.925373189060247],[77.86043430783582,12.915775465014546],[77.85303954538836,12.876723812073601],[77.87594367202522,12.86680343441936],[77.92932457922362,12.890915582916216],[77.94132498474173,12.868739653716206],[77.91856715622477,12.830575519260385],[77.94067831668767,12.823344374356873],[77.93999455872712,12.853142646269113],[77.95233599661238,12.857116812135699],[77.99520259248389,12.805857587399375],[78.01511005509538,12.813366172433133],[78.00371017881129,12.824782108884412],[78.02898787055418,12.845185703850124],[78.02386568890867,12.856500915989878],[78.05355914207378,12.853790336659701],[78.13423755103206,12.781965723035027],[78.23095281233756,12.760658589608164],[78.25219797857675,12.860551001436113],[78.31244642021561,12.8585181842069],[78.31362685361609,12.876453247992126],[78.33707990390793,12.882364585136838],[78.3203300156692,12.88725940437105],[78.32353285239218,12.901783355975752],[78.33973117035514,12.903184630537583],[78.35587500921886,12.940740720997455],[78.38869573258917,12.906858139105989],[78.44557971055453,12.91179603734596],[78.4647711162672,12.866763658975858],[78.46669669102937,12.90540965287125],[78.43801608483412,12.929013924657745],[78.41881751550812,12.921724779450285],[78.41116305888643,12.945268010388698],[78.43797268944826,12.96398542376345],[78.43533014081079,12.981039789211513],[78.46746125490439,12.975022485179545],[78.4621958661754,13.043214096649825],[78.51425156802587,13.06185540859737],[78.50947043747507,13.091495112782054],[78.53850595597643,13.105730185974428],[78.51704501581042,13.131590358318654],[78.54464535984074,13.142003409508888],[78.55011349515227,13.164188910687733],[78.5797651669244,13.167361591975169],[78.57605958511128,13.186691794406059],[78.55006029533145,13.200181376122977],[78.5787021693798,13.212992155785422],[78.5664014972656,13.220854901528183],[78.58736419635407,13.280642532506297],[78.56554907977124,13.312003334410404],[78.56163761516721,13.288514477703636],[78.53932266332201,13.287870303862231],[78.53217871106324,13.266937844241689],[78.47930994302524,13.301290302759268],[78.4834016125729,13.321171050433362],[78.44420565889445,13.308111015858163],[78.44038473276146,13.32842944793612],[78.40110419838334,13.315469505145307],[78.37714794635752,13.331970970430838],[78.40868340632505,13.34288302352564],[78.36507712826447,13.361798964303471],[78.3816754705427,13.396983211422244],[78.37531632082072,13.508954048002494],[78.4020014135838,13.587970969947387],[78.25860489911386,13.58300582306677],[78.23634010349005,13.598581763879483],[78.1929720149315,13.564846535925255],[78.20455111021793,13.527718821769442],[78.18828297314553,13.51316329956902],[78.20563694528613,13.458110362367615],[78.1814945815127,13.420177548644126],[78.13616456334366,13.40561146424421],[78.12443472394925,13.385734105031323],[78.15014862140866,13.355932217141147],[78.13140396413752,13.352771769919967],[78.13253263776666,13.328934657203742],[78.10964518797923,13.323443325184638],[78.13580216237784,13.305105537996317],[78.13352088778888,13.28720085172589],[78.09184243189895,13.311166919320236],[78.06019013456323,13.301013559853372],[78.04698742305027,13.279036092874813],[77.98919280479868,13.304558275587398],[77.98416855848109,13.28616981247758],[77.93831765446829,13.267780178109232],[77.93578020475938,13.245683116379059]],[[76.9500392891553,14.091973795782136],[76.95194687484297,14.091955149960693],[76.94865814268658,14.092038934354196],[76.9500392891553,14.091973795782136]],[[76.9601788949982,14.091224933329622],[76.96298872626747,14.089533788909467],[76.96459962734103,14.088597748151667],[76.9601788949982,14.091224933329622]],[[76.96892546803375,14.086114837864994],[76.96896820869641,14.086091340933786],[76.96881426833522,14.086175971715466],[76.96892546803375,14.086114837864994]],[[76.97272816669198,14.083861599033234],[76.97327002696767,14.083602149691048],[76.97344549232659,14.083519382863178],[76.97272816669198,14.083861599033234]],[[76.973593564401,14.083311440989705],[76.97399600840228,14.082443595238601],[76.97496764325102,14.080906680052987],[76.973593564401,14.083311440989705]],[[76.97518743909399,14.075067772878187],[76.97525643934135,14.074001211399285],[76.97698532159912,14.072021830781859],[76.97518743909399,14.075067772878187]],[[76.97695767552447,14.068121031649255],[76.97688045926658,14.067699681382027],[76.97710347387424,14.068839827339195],[76.97695767552447,14.068121031649255]],[[76.97662850396398,14.066165004267495],[76.97686912321052,14.067637820687002],[76.9766885373486,14.066652396037405],[76.97662850396398,14.066165004267495]],[[76.97649568315622,14.065602901517243],[76.97645553476379,14.065276817309066],[76.97649692752445,14.065604090592274],[76.97649568315622,14.065602901517243]],[[76.97599697430128,14.064838597251365],[76.97479738785013,14.06367763957642],[76.97645553476379,14.065276817309066],[76.97599697430128,14.064838597251365]],[[76.97479738785013,14.06367763957642],[76.97296766528166,14.061084256969192],[76.97255525601895,14.060221123524483],[76.97479738785013,14.06367763957642]],[[76.96281360144164,14.057648677119642],[76.9586005205209,14.057044512273684],[76.96779043799488,14.057673994869345],[76.96281360144164,14.057648677119642]],[[76.9586005205209,14.057044512273684],[76.9535813244544,14.054673288030408],[76.95313242039994,14.054410606896582],[76.9586005205209,14.057044512273684]],[[76.9366321712731,14.053510836352968],[76.93821562217934,14.05333084798583],[76.93666943947517,14.053507447163287],[76.9366321712731,14.053510836352968]],[[76.9366321712731,14.053510836352968],[76.93238471765937,14.053924810359707],[76.93257465130249,14.052136877628541],[76.9366321712731,14.053510836352968]],[[76.93382708000767,14.04325631863226],[76.93242798366116,14.038452690121293],[76.93429908775073,14.044376100824069],[76.93382708000767,14.04325631863226]],[[76.93242798366116,14.038452690121293],[76.93217766374943,14.03691168754359],[76.93193193834597,14.035207991227708],[76.93242798366116,14.038452690121293]],[[76.93199564139796,14.030390476389066],[76.93166300769381,14.033219587841897],[76.93113463479703,14.030200854578505],[76.93199564139796,14.030390476389066]],[[76.93221322261586,14.030503409099897],[76.93239530511337,14.030708928962158],[76.93199564139796,14.030390476389066],[76.93221322261586,14.030503409099897]],[[76.93929986768796,14.03007694607718],[76.9397765425388,14.029715289029065],[76.93870462067879,14.030601107612453],[76.93929986768796,14.03007694607718]],[[76.9401475298177,14.029507560394464],[76.94040598715402,14.029430418641624],[76.9397765425388,14.029715289029065],[76.9401475298177,14.029507560394464]],[[76.94040598715402,14.029430418641624],[76.94098458986561,14.029430271806255],[76.94153082926324,14.029574747127326],[76.94040598715402,14.029430418641624]],[[76.94344649363038,14.027174533806],[76.94325663130645,14.026876315175262],[76.94362244779606,14.027391410280073],[76.94344649363038,14.027174533806]],[[76.94313158897535,14.026636828927314],[76.9430852572528,14.026478667646217],[76.94325663130645,14.026876315175262],[76.94313158897535,14.026636828927314]],[[76.94309445965646,14.026279819318784],[76.94311755307444,14.026099043826967],[76.94308992536482,14.02637778220077],[76.94309445965646,14.026279819318784]],[[76.94311755307444,14.026099043826967],[76.94326556702175,14.025714869269711],[76.94338125301347,14.02559733923899],[76.94311755307444,14.026099043826967]],[[76.94338125301347,14.02559733923899],[76.94429240769279,14.023088921113123],[76.94557597507261,14.02080963179419],[76.94338125301347,14.02559733923899]],[[76.94649469141814,14.019748604301878],[76.94779101029853,14.01851504449018],[76.94615239732295,14.020521489104702],[76.94649469141814,14.019748604301878]],[[76.95303770912982,14.013930441977124],[76.948761844712,14.016846615005857],[76.94994159232729,14.015092809007877],[76.95303770912982,14.013930441977124]],[[76.95303770912982,14.013930441977124],[76.95685576028536,14.01253732346351],[76.96029918941571,14.012075234296333],[76.95303770912982,14.013930441977124]],[[76.96122484135762,14.01195742226588],[76.96241897712483,14.01192989931299],[76.96029918941571,14.012075234296333],[76.96122484135762,14.01195742226588]],[[76.96898579240445,14.009401303193547],[76.9705220447996,14.00843361266099],[76.96784286745189,14.010169993317502],[76.96898579240445,14.009401303193547]],[[76.97179915652602,14.007619665395621],[76.97402946067447,14.006213320045772],[76.9705220447996,14.00843361266099],[76.97179915652602,14.007619665395621]],[[76.97758778838632,14.004151130393279],[76.97791712031179,14.003978458559455],[76.97632919986071,14.00489731196211],[76.97758778838632,14.004151130393279]],[[76.98638274585883,13.997568890486368],[76.98758101474719,13.996659995102066],[76.9852724271384,13.998531973387928],[76.98638274585883,13.997568890486368]],[[76.9896813438759,13.994882993337741],[76.99038456050094,13.994349403608535],[76.9893421404884,13.995208532378033],[76.9896813438759,13.994882993337741]],[[76.99095825517728,13.993955968163453],[76.99118991121713,13.993864362958753],[76.99038456050094,13.994349403608535],[76.99095825517728,13.993955968163453]],[[76.99526101611518,13.991233375092634],[76.99637137618062,13.990505247339431],[76.99474754787352,13.991721695968078],[76.99526101611518,13.991233375092634]],[[76.99637137618062,13.990505247339431],[76.99699604921922,13.99028802170965],[76.99779204521771,13.990242441744451],[76.99637137618062,13.990505247339431]],[[76.99894114918303,13.990192785700833],[76.99949266991018,13.990338845970195],[76.99779204521771,13.990242441744451],[76.99894114918303,13.990192785700833]],[[76.99891173873092,13.985629218745066],[76.99863016538752,13.984804628515896],[76.99955417733405,13.987057657498458],[76.99891173873092,13.985629218745066]],[[76.99709754521541,13.979977331517208],[76.99689787717811,13.97924760000739],[76.99744433176414,13.981029776108164],[76.99709754521541,13.979977331517208]],[[76.99664147656571,13.97828117963979],[76.99656391008645,13.977977196504225],[76.99667530029652,13.978375496580648],[76.99664147656571,13.97828117963979]],[[76.99573869408343,13.974805755784562],[76.99554685081753,13.971503677938058],[76.99634290741886,13.977360973061739],[76.99573869408343,13.974805755784562]],[[76.99531523786605,13.970146630876844],[76.99512487058774,13.968876817692648],[76.99544310225815,13.970740307682817],[76.99531523786605,13.970146630876844]],[[76.9937658850208,13.962564234728998],[76.99376586766319,13.962564092668202],[76.9938216190281,13.963011470527727],[76.9937658850208,13.962564234728998]],[[76.99894183575141,13.960280387453595],[76.99925501299226,13.960183244419284],[76.9988568810827,13.960366633814791],[76.99894183575141,13.960280387453595]],[[77.00239123085599,13.958805618284503],[76.99961377026727,13.960025655431668],[77.00020858767857,13.95965806514027],[77.00239123085599,13.958805618284503]],[[77.01039829803419,13.955501019342215],[77.00584818609384,13.956696306320342],[77.00725798945535,13.956168318628135],[77.01039829803419,13.955501019342215]],[[77.0149177684307,13.953162175969187],[77.01709436265541,13.94943032043426],[77.01771676372016,13.948567545133022],[77.0149177684307,13.953162175969187]],[[77.0219049447245,13.943305610559483],[77.02111335797414,13.943941238486207],[77.02157163026477,13.943471434385769],[77.0219049447245,13.943305610559483]],[[77.02437264991875,13.939952142159054],[77.02788496034326,13.939036227994563],[77.02285643681475,13.942626300671392],[77.02437264991875,13.939952142159054]],[[77.02788496034326,13.939036227994563],[77.02932877454309,13.93867978578135],[77.03064079442893,13.938458632057651],[77.02788496034326,13.939036227994563]],[[77.03566194330469,13.937220678186577],[77.03139078484946,13.938299564134843],[77.03226264537639,13.937853938290178],[77.03566194330469,13.937220678186577]],[[77.03865809858534,13.93531660268849],[77.03994745748867,13.934384229559248],[77.03711957957505,13.936854511630223],[77.03865809858534,13.93531660268849]],[[77.04146361398956,13.93112374017943],[77.04195107144852,13.92663630492664],[77.04160647532397,13.932588040141082],[77.04146361398956,13.93112374017943]],[[77.04195107144852,13.92663630492664],[77.04227554325931,13.925145048285835],[77.04244832628598,13.924643947153172],[77.04195107144852,13.92663630492664]],[[77.04422020800288,13.917739401363216],[77.04411559173455,13.916306001920393],[77.0443376561336,13.91428490343972],[77.04422020800288,13.917739401363216]],[[77.03365477923018,13.905383553678131],[77.03075436937128,13.904785909285602],[77.03977538753291,13.905548562416323],[77.03365477923018,13.905383553678131]],[[77.02316009166566,13.895793727387995],[77.02280420396966,13.89522585896528],[77.02324515937778,13.895929463463842],[77.02316009166566,13.895793727387995]],[[77.02088735240157,13.892710691027842],[77.02062846077338,13.892353562486424],[77.02103055564172,13.892884386012142],[77.02088735240157,13.892710691027842]],[[77.01674628503159,13.884623821979675],[77.01663826787302,13.884576431872004],[77.01679010748306,13.884639560934097],[77.01674628503159,13.884623821979675]],[[77.01780502806372,13.87614612649486],[77.01741703300522,13.87847870477369],[77.01753143173468,13.87757410387146],[77.01780502806372,13.87614612649486]],[[77.01549398208647,13.872394063144808],[77.01680513262713,13.87243905797938],[77.01613231185448,13.872435043456369],[77.01549398208647,13.872394063144808]],[[77.01518179710801,13.872320708617185],[77.01468457967768,13.872203875529534],[77.01549398208647,13.872394063144808],[77.01518179710801,13.872320708617185]],[[77.01360240930481,13.871719802111672],[77.01337461492076,13.871608391100716],[77.01468457967768,13.872203875529534],[77.01360240930481,13.871719802111672]],[[77.01337461492076,13.871608391100716],[77.01314930222244,13.871299294659421],[77.01318739217577,13.869120976797946],[77.01337461492076,13.871608391100716]],[[77.01318739217577,13.869120976797946],[77.01313800497556,13.866111146545192],[77.01314804782868,13.864515843082389],[77.01318739217577,13.869120976797946]],[[77.01314804782868,13.864515843082389],[77.01314856055718,13.863485444968003],[77.01368582565233,13.861830796386611],[77.01314804782868,13.864515843082389]],[[77.01271589896821,13.859200952181798],[77.01398133353325,13.86013865640332],[77.01384408823225,13.860042074509037],[77.01271589896821,13.859200952181798]],[[77.01271589896821,13.859200952181798],[77.00966482983361,13.855850685885338],[77.007598598947,13.85334146073734],[77.01271589896821,13.859200952181798]],[[77.00379771817039,13.851242591700817],[77.00375624687865,13.8509952796526],[77.00394092994085,13.851563534940157],[77.00379771817039,13.851242591700817]],[[77.00049598175893,13.84995739917947],[76.99894435778728,13.84941810786962],[77.00147495504405,13.850206368004304],[77.00049598175893,13.84995739917947]],[[76.99221594597647,13.848679556529856],[76.99387650385515,13.848904750269405],[76.99223083395137,13.84900751933204],[76.99221594597647,13.848679556529856]],[[76.9917847069353,13.846640551586013],[76.9919059111883,13.847545410512474],[76.99182212211116,13.847265203687336],[76.9917847069353,13.846640551586013]],[[76.97802124591053,13.826866589323656],[76.97794868054837,13.82647692002638],[76.97941352135078,13.827381223348832],[76.97802124591053,13.826866589323656]],[[76.97773849597095,13.825348222368953],[76.97752512515696,13.823838865809156],[76.97794868054837,13.82647692002638],[76.97773849597095,13.825348222368953]],[[76.97752512515696,13.823838865809156],[76.97668604326942,13.81900355987099],[76.97640947596713,13.817327724384858],[76.97752512515696,13.823838865809156]],[[76.97640786720748,13.817317974693875],[76.97694891703247,13.817254489847329],[76.97640947596713,13.817327724384858],[76.97640786720748,13.817317974693875]],[[76.98988988493257,13.81038871780888],[76.99030096936583,13.809349095308757],[76.9898829636327,13.810508911355125],[76.98988988493257,13.81038871780888]],[[76.990911742324,13.80035994317564],[76.99076987320198,13.799971466875744],[76.99120799370948,13.800987989866936],[76.990911742324,13.80035994317564]],[[76.9901872788934,13.798619737159658],[76.98983307898781,13.79778443122165],[76.98987870012162,13.796464776528033],[76.9901872788934,13.798619737159658]],[[76.98682980566396,13.793049539166027],[76.98682403989876,13.793040619444477],[76.98683242898832,13.793048192302171],[76.98682980566396,13.793049539166027]],[[76.98682403989876,13.793040619444477],[76.9852011046433,13.790795115660002],[76.98536728945031,13.79017138130411],[76.98682403989876,13.793040619444477]],[[76.98666031036001,13.786424319817009],[76.98711245417648,13.785343586541407],[76.98639585922344,13.787169766876726],[76.98666031036001,13.786424319817009]],[[76.98925600475978,13.780055477186568],[76.98853994497243,13.78142514446697],[76.98864608380269,13.780973167339138],[76.98925600475978,13.780055477186568]],[[76.99055401716686,13.777329753881627],[76.99198998642434,13.773089993058218],[76.99252569293823,13.771752031847697],[76.99055401716686,13.777329753881627]],[[76.99486382826143,13.759381601266806],[76.99555231690566,13.758563281705033],[76.9945034988229,13.759991875263932],[76.99486382826143,13.759381601266806]],[[76.99838932503192,13.755050423051097],[76.9977647766926,13.754264364345513],[76.99747315299929,13.75355949176861],[76.99838932503192,13.755050423051097]],[[76.99747315299929,13.75355949176861],[76.99732017098007,13.75273704989727],[76.9973519300013,13.75153037805431],[76.99747315299929,13.75355949176861]],[[76.9973519300013,13.75153037805431],[76.9968682038041,13.747748093808966],[76.9989466428838,13.745423949041442],[76.9973519300013,13.75153037805431]],[[77.00303205139518,13.744147394895707],[77.0121509906617,13.739939817750459],[77.00123769236501,13.745136168391975],[77.00303205139518,13.744147394895707]],[[77.01328216858695,13.739532376827423],[77.01328220954377,13.739532372229785],[77.0121509906617,13.739939817750459],[77.01328216858695,13.739532376827423]],[[77.0157344896729,13.738648991689596],[77.01650198353897,13.738509244512931],[77.01328220954377,13.739532372229785],[77.0157344896729,13.738648991689596]],[[77.0165710447614,13.739105827936028],[77.01651889848684,13.740165887212552],[77.01650198353897,13.738509244512931],[77.0165710447614,13.739105827936028]],[[77.01775982218749,13.747503291964682],[77.01868391728311,13.748674215373748],[77.01865489501701,13.751177331983012],[77.01775982218749,13.747503291964682]],[[77.02072618347212,13.761334453922494],[77.02274490232999,13.765199360685761],[77.0199222443401,13.760150034232673],[77.02072618347212,13.761334453922494]],[[77.02337308423158,13.766587063860575],[77.02387646827007,13.76790240480629],[77.02274490232999,13.765199360685761],[77.02337308423158,13.766587063860575]],[[77.02410084889537,13.771241741566485],[77.02404051662964,13.769941886547077],[77.02409245278727,13.770867174088655],[77.02410084889537,13.771241741566485]],[[77.04368644227418,13.774146757104235],[77.04405753704567,13.770843257501626],[77.04357029197665,13.775674248376225],[77.04368644227418,13.774146757104235]],[[77.04909808911862,13.768693751092218],[77.04909952039584,13.768693449522528],[77.0490972266647,13.768697331079679],[77.04909808911862,13.768693751092218]],[[77.05164849271418,13.764379961540472],[77.05034071914649,13.766593036012436],[77.05030103401596,13.766316972707425],[77.05164849271418,13.764379961540472]],[[77.05164849271418,13.764379961540472],[77.0536588452577,13.762960163208566],[77.0538940658951,13.762945954547112],[77.05164849271418,13.764379961540472]],[[77.05749470119092,13.753285418543776],[77.05856744673882,13.752851872247302],[77.0581692546128,13.754790552531672],[77.05749470119092,13.753285418543776]],[[77.06169924301953,13.746678677079114],[77.06200447098024,13.746226760681058],[77.06106553474636,13.747749520278125],[77.06169924301953,13.746678677079114]],[[77.0624947436688,13.745345620864034],[77.0634751465719,13.744546004569466],[77.06224501860456,13.745720694959768],[77.0624947436688,13.745345620864034]],[[77.06470043444845,13.74383225966954],[77.06529386429665,13.743990955745645],[77.06466563610128,13.743852530574161],[77.06470043444845,13.74383225966954]],[[77.08538307681073,13.74242475501533],[77.0853013688164,13.743131788247299],[77.08508261488211,13.743546491204066],[77.08538307681073,13.74242475501533]],[[77.0837827559475,13.754316530928612],[77.08372831373536,13.751814614094116],[77.08384791433015,13.752405895028202],[77.0837827559475,13.754316530928612]],[[77.08471571898059,13.759695742359972],[77.08383322786773,13.756635991177596],[77.08437844388254,13.758452864045589],[77.08471571898059,13.759695742359972]],[[77.08510384371128,13.76101093825019],[77.08546885385584,13.762335167848484],[77.08471571898059,13.759695742359972],[77.08510384371128,13.76101093825019]],[[77.09022183079598,13.762358556093327],[77.08709243030322,13.762343157073753],[77.08955142377754,13.762313263073114],[77.09022183079598,13.762358556093327]],[[77.09022183079598,13.762358556093327],[77.09045751985946,13.763176611070001],[77.0905405702174,13.76422960815971],[77.09022183079598,13.762358556093327]],[[77.0957232076563,13.766508127174939],[77.09255143131178,13.766692961112854],[77.09418352039542,13.76652146384689],[77.0957232076563,13.766508127174939]],[[77.09704091142561,13.766680031644661],[77.10035132443564,13.767778623843524],[77.10073003048551,13.767940848353529],[77.09704091142561,13.766680031644661]],[[77.11088402818889,13.766243081928978],[77.11529830339671,13.765174668629786],[77.10656083715907,13.767589481689148],[77.11088402818889,13.766243081928978]],[[77.11687628690136,13.764738518767336],[77.11782441513975,13.764512216978327],[77.1168614409354,13.764742657238921],[77.11687628690136,13.764738518767336]],[[77.12487938220221,13.760627014404202],[77.12551780026357,13.76044091587756],[77.12393655921237,13.760901858764804],[77.12487938220221,13.760627014404202]],[[77.13014590171919,13.759478324878561],[77.13116913926633,13.759308285383742],[77.12850457171,13.759776600980103],[77.13014590171919,13.759478324878561]],[[77.13564940869273,13.758520848021426],[77.13764051174168,13.758999176779424],[77.13815338099276,13.759483679845754],[77.13564940869273,13.758520848021426]],[[77.14029917758893,13.762732001455207],[77.13875018848533,13.760047581723049],[77.1398275039585,13.761100543073582],[77.14029917758893,13.762732001455207]],[[77.14069687571374,13.764291152935982],[77.14087260781679,13.765036835769926],[77.14029917758893,13.762732001455207],[77.14069687571374,13.764291152935982]],[[77.14087260781679,13.765036835769926],[77.14499222962094,13.765334883257646],[77.1511139271747,13.766206648996587],[77.14087260781679,13.765036835769926]],[[77.15999090768348,13.76374718520477],[77.15785023452995,13.763986967195649],[77.15843741586406,13.763905551240535],[77.15999090768348,13.76374718520477]],[[77.16910834396475,13.762584411811648],[77.1706017062617,13.762376277159474],[77.16763347830411,13.762815132532248],[77.16910834396475,13.762584411811648]],[[77.17449532966829,13.765728954264628],[77.17305210297903,13.762009788334584],[77.17305215264604,13.762009766614442],[77.17449532966829,13.765728954264628]],[[77.17682275443265,13.774437227089855],[77.17841328030053,13.780088737923213],[77.17628502373535,13.772911836126012],[77.17682275443265,13.774437227089855]],[[77.17850750397444,13.782684709099993],[77.1788587449125,13.781590932642818],[77.17864769511799,13.782248337708824],[77.17850750397444,13.782684709099993]],[[77.17850750397444,13.782684709099993],[77.17810997908275,13.78323615175633],[77.17766343167378,13.783301253790372],[77.17850750397444,13.782684709099993]],[[77.16237294316325,13.802920371259493],[77.16011194098274,13.805270731445372],[77.16285324859896,13.798455220449968],[77.16237294316325,13.802920371259493]],[[77.15834095564536,13.80644145140412],[77.15955726179318,13.807155355736846],[77.15751776500402,13.806030289349325],[77.15834095564536,13.80644145140412]],[[77.1622580999175,13.8084972456317],[77.16248940095154,13.808615141861035],[77.16213771171014,13.80844005089608],[77.1622580999175,13.8084972456317]],[[77.16248940095154,13.808615141861035],[77.16278583834054,13.812374747319776],[77.160695896015,13.81486516522099],[77.16248940095154,13.808615141861035]],[[77.16265236388378,13.816844366811031],[77.16772163123403,13.821209281379641],[77.16039812401868,13.816842356633009],[77.16265236388378,13.816844366811031]],[[77.16772163123403,13.821209281379641],[77.16876726925526,13.823943298005197],[77.16863366613154,13.827043554811759],[77.16772163123403,13.821209281379641]],[[77.16868498655927,13.829619535527167],[77.16840292832806,13.830008268917103],[77.16871716093671,13.828539423655098],[77.16868498655927,13.829619535527167]],[[77.16608624829747,13.832363187653828],[77.1634733032213,13.833204157390638],[77.16704804013008,13.831206099273546],[77.16608624829747,13.832363187653828]],[[77.15589870767745,13.842108129071717],[77.15600525956323,13.843640161538547],[77.15596084585349,13.844361133476715],[77.15589870767745,13.842108129071717]],[[77.14675981611799,13.845941321761487],[77.14519652686562,13.846194509162002],[77.14707793635979,13.845875805796208],[77.14675981611799,13.845941321761487]],[[77.14519652686562,13.846194509162002],[77.14215780110604,13.846393537665445],[77.14056674247044,13.846416212363383],[77.14519652686562,13.846194509162002]],[[77.13019714011529,13.851396785778741],[77.12854590023159,13.855649431725201],[77.12819900142141,13.856458388067752],[77.13019714011529,13.851396785778741]],[[77.13603899883266,13.856517011328362],[77.13214438037065,13.856444809036077],[77.13523875294183,13.856444716583974],[77.13603899883266,13.856517011328362]],[[77.1419875874633,13.86261779663825],[77.1423517027454,13.863007172704757],[77.14088659448717,13.86150610846476],[77.1419875874633,13.86261779663825]],[[77.14582012907049,13.866587123638528],[77.14448589195025,13.865209985139172],[77.14503595046597,13.865754093879545],[77.14582012907049,13.866587123638528]],[[77.14764034419751,13.868479018364578],[77.14853767118187,13.868185220442252],[77.1514538580568,13.867538821950577],[77.14764034419751,13.868479018364578]],[[77.15147495076167,13.867534124473039],[77.15442595794856,13.866869522481824],[77.15600322598746,13.866543974975594],[77.15147495076167,13.867534124473039]],[[77.15746030181911,13.86622748270616],[77.15896812282064,13.865910888165157],[77.15661072185289,13.866412037759066],[77.15746030181911,13.86622748270616]],[[77.1605084613943,13.865680274505873],[77.16132289404544,13.86556499309046],[77.15896812282064,13.865910888165157],[77.1605084613943,13.865680274505873]],[[77.16857987344326,13.864490562330412],[77.16858003727316,13.864491046812164],[77.16854726050818,13.864495604458819],[77.16857987344326,13.864490562330412]],[[77.17094200662386,13.870235235988298],[77.17103141357337,13.870422833121218],[77.1707739238847,13.869882640638531],[77.17094200662386,13.870235235988298]],[[77.1712128620304,13.870803553908878],[77.16975421890008,13.87933181984666],[77.16960167453783,13.879752193542798],[77.1712128620304,13.870803553908878]],[[77.16880158716918,13.881347685848139],[77.16875596634783,13.882445029349809],[77.16877547036042,13.880878376004073],[77.16880158716918,13.881347685848139]],[[77.16870426639022,13.886597811305492],[77.16872965850094,13.884558198429856],[77.16872369936114,13.885880689178215],[77.16870426639022,13.886597811305492]],[[77.16875672342955,13.88957316031277],[77.16873576351384,13.888384319592674],[77.16878908115338,13.889234145349837],[77.16875672342955,13.88957316031277]],[[77.16500555630361,13.893686495145898],[77.16406657107594,13.89471241441897],[77.16508791679313,13.89358713335121],[77.16500555630361,13.893686495145898]],[[77.16268846900066,13.907668658565619],[77.16318406020349,13.908556465387282],[77.16263863383396,13.907599695195296],[77.16268846900066,13.907668658565619]],[[77.16475706595264,13.911283762615858],[77.16529060287594,13.912245759026428],[77.16432663978186,13.910560743404705],[77.16475706595264,13.911283762615858]],[[77.16529060287594,13.912245759026428],[77.16859817463126,13.918138993031954],[77.16992176873067,13.920610769558786],[77.16529060287594,13.912245759026428]],[[77.17192522870732,13.921184381101405],[77.17338735003365,13.921699317807349],[77.17160202453633,13.921091856225557],[77.17192522870732,13.921184381101405]],[[77.18739092135691,13.916282290017286],[77.18510807312035,13.923862823533755],[77.18640153923458,13.919143224699829],[77.18739092135691,13.916282290017286]],[[77.18778843560682,13.914813430272334],[77.1898790182349,13.912471934541356],[77.19083653940866,13.911866111888758],[77.18778843560682,13.914813430272334]],[[77.19083653940866,13.911866111888758],[77.1903086489572,13.910063052530823],[77.1899551067195,13.908622820812866],[77.19083653940866,13.911866111888758]],[[77.18909996933061,13.90547628506926],[77.1887201692275,13.903313541201594],[77.18862273002509,13.902624736131735],[77.18909996933061,13.90547628506926]],[[77.18759459220655,13.898227724537046],[77.18652061075278,13.89536727341208],[77.18810811120784,13.899550424164564],[77.18759459220655,13.898227724537046]],[[77.18652061075278,13.89536727341208],[77.18618197653326,13.894483375477682],[77.18609001840461,13.893889567952876],[77.18652061075278,13.89536727341208]],[[77.18609001840461,13.893889567952876],[77.18574233146782,13.890884324590246],[77.18550926933281,13.888722460356155],[77.18609001840461,13.893889567952876]],[[77.18534648099657,13.879925145971013],[77.18554792868008,13.879849397292528],[77.18551807638401,13.880690894016046],[77.18534648099657,13.879925145971013]],[[77.18551255959092,13.878049603044195],[77.18567863279902,13.876165021135838],[77.18557986895462,13.878949043218714],[77.18551255959092,13.878049603044195]],[[77.18444773706221,13.874294315219931],[77.18402869976516,13.87366131294618],[77.18533155224794,13.875545958424237],[77.18444773706221,13.874294315219931]],[[77.18138913811089,13.869843483960835],[77.19371526441904,13.865488468407227],[77.20043077149516,13.863037152151765],[77.18185186185924,13.870552913189405],[77.18138913811089,13.869843483960835]],[[77.20157194279881,13.865084635353986],[77.20234218722354,13.866466766632016],[77.20153676876104,13.865021620617672],[77.20157194279881,13.865084635353986]],[[77.20661379593408,13.873009349725638],[77.20737737610001,13.874025947814243],[77.20602347541694,13.872231650732104],[77.20661379593408,13.873009349725638]],[[77.20795119740231,13.874712695762506],[77.20821039510236,13.875500912907412],[77.20737737610001,13.874025947814243],[77.20795119740231,13.874712695762506]],[[77.21277978658982,13.885738152104345],[77.21279616081546,13.885757211462757],[77.2126922832972,13.885735054449908],[77.21277978658982,13.885738152104345]],[[77.21673970654763,13.879865122338119],[77.2160845765186,13.878302776533364],[77.21574988323584,13.87389207096205],[77.21673970654763,13.879865122338119]],[[77.21540538570646,13.867913175991548],[77.22019824945684,13.869746300627053],[77.21528524266336,13.868274758604805],[77.21540538570646,13.867913175991548]],[[77.22266138094379,13.875566221006912],[77.22124732939757,13.872350999987063],[77.22205013773906,13.87399372681433],[77.22266138094379,13.875566221006912]],[[77.22919461128637,13.89025577363848],[77.22999561872552,13.891968264078322],[77.2287864289218,13.889453870763779],[77.22919461128637,13.89025577363848]],[[77.23012904795957,13.900952518919322],[77.23064826186354,13.903333943034406],[77.22979532944531,13.899483908949533],[77.23012904795957,13.900952518919322]],[[77.23064826186354,13.903333943034406],[77.23318361995914,13.903703493096776],[77.23461794631389,13.903983036415893],[77.23064826186354,13.903333943034406]],[[77.2357758162271,13.903521163887461],[77.23646704539772,13.901017626949384],[77.24006201281833,13.90181140665624],[77.2357758162271,13.903521163887461]],[[77.2451170699688,13.903005601502063],[77.24211178221151,13.902295639370452],[77.24454079395626,13.902848762103858],[77.2451170699688,13.903005601502063]],[[77.24788650428904,13.895608099402681],[77.24719965622185,13.89312243574731],[77.24778106974163,13.88832226800746],[77.24788650428904,13.895608099402681]],[[77.24765598643354,13.888097085865207],[77.24718377101786,13.887246969525636],[77.24778106974163,13.88832226800746],[77.24765598643354,13.888097085865207]],[[77.24637357762792,13.885959364386471],[77.24573930189013,13.88492023286929],[77.24718377101786,13.887246969525636],[77.24637357762792,13.885959364386471]],[[77.24472082380812,13.883271215248271],[77.24471840027434,13.883030814941593],[77.24552156940744,13.884567761536976],[77.24472082380812,13.883271215248271]],[[77.24471840027434,13.883030814941593],[77.2447198489594,13.881445387811748],[77.24570956163201,13.880943280400368],[77.24471840027434,13.883030814941593]],[[77.24868019066034,13.873521184916942],[77.24730807098904,13.876915833315874],[77.24741421198108,13.876418660628193],[77.24868019066034,13.873521184916942]],[[77.24854908752387,13.873182834735612],[77.2485781764933,13.873118938484282],[77.24868019066034,13.873521184916942],[77.24854908752387,13.873182834735612]],[[77.24796730504957,13.871542343600293],[77.24821139402712,13.87038051116126],[77.2485781764933,13.873118938484282],[77.24796730504957,13.871542343600293]],[[77.2480849438038,13.870094747697888],[77.24808957759713,13.870072695802707],[77.24821139402712,13.87038051116126],[77.2480849438038,13.870094747697888]],[[77.2465682249261,13.868333823090781],[77.2468363179358,13.867814186138459],[77.24825671210706,13.86761168516717],[77.2465682249261,13.868333823090781]],[[77.25170578116885,13.866136575614233],[77.25477145887261,13.864312693260048],[77.25850782292265,13.863227455329664],[77.25170578116885,13.866136575614233]],[[77.2590604639615,13.863144230265496],[77.25911423035573,13.863136462584368],[77.25853774883501,13.863219749425141],[77.2590604639615,13.863144230265496]],[[77.2561506673585,13.851669541230686],[77.2561308630694,13.851420880485893],[77.25691776620398,13.853116084339764],[77.2561506673585,13.851669541230686]],[[77.2561308630694,13.851420880485893],[77.25624447430957,13.849324036015966],[77.2566921889758,13.846537103439958],[77.2561308630694,13.851420880485893]],[[77.2566921889758,13.846537103439958],[77.26554218031207,13.847290373510795],[77.27486102459966,13.849283031966216],[77.2566921889758,13.846537103439958]],[[77.28027183471595,13.851047742304294],[77.27697233943016,13.849971627394304],[77.27844042725717,13.850382727892827],[77.28027183471595,13.851047742304294]],[[77.28027183471595,13.851047742304294],[77.28336690282119,13.849092187185658],[77.28828418269462,13.847476156237654],[77.28027183471595,13.851047742304294]],[[77.28828418269462,13.847476156237654],[77.2901570373168,13.848245054374745],[77.29193158004553,13.852403477139063],[77.28828418269462,13.847476156237654]],[[77.2985574834128,13.858574611616168],[77.29492193513646,13.857401748155239],[77.29638410648936,13.857005644411581],[77.2985574834128,13.858574611616168]],[[77.3008188545777,13.860071196991571],[77.30275645245938,13.861436657962168],[77.2985574834128,13.858574611616168],[77.3008188545777,13.860071196991571]],[[77.31950174235395,13.856985316619168],[77.31738229907806,13.861174164428679],[77.3190715259573,13.857215666423908],[77.31950174235395,13.856985316619168]],[[77.32498669928948,13.844992107508808],[77.32504369846912,13.844977783937534],[77.32499314079587,13.845008154935243],[77.32498669928948,13.844992107508808]],[[77.32403133305262,13.842455762160569],[77.32306912798082,13.83999854579054],[77.32504369846912,13.844977783937534],[77.32403133305262,13.842455762160569]],[[77.32467763080574,13.836848525191597],[77.32468007088997,13.836848642350404],[77.32467766571048,13.836861024733219],[77.32467763080574,13.836848525191597]],[[77.3318471657313,13.832859460443188],[77.33684212239417,13.832747325396259],[77.33824788028615,13.834076308237265],[77.3318471657313,13.832859460443188]],[[77.34245128275943,13.838139757864317],[77.34421311701786,13.839830288233347],[77.34044899771185,13.836282072399774],[77.34245128275943,13.838139757864317]],[[77.34915222140067,13.84327920741705],[77.35328226638033,13.845516673695403],[77.35385561443067,13.846917693491244],[77.34915222140067,13.84327920741705]],[[77.36126924756381,13.853552729150392],[77.36226268668543,13.85414586794435],[77.36086124078955,13.853392079433652],[77.36126924756381,13.853552729150392]],[[77.36494178223438,13.853769855832878],[77.36945607674514,13.853010907151804],[77.37190174990234,13.852855906446528],[77.36494178223438,13.853769855832878]],[[77.38089443537875,13.845992615632458],[77.38075421333552,13.845272207663202],[77.38118586583055,13.847285068167036],[77.38089443537875,13.845992615632458]],[[77.37940050675594,13.840836035284367],[77.37942592158073,13.840776821711277],[77.37980228748754,13.841964697411102],[77.37940050675594,13.840836035284367]],[[77.37942592158073,13.840776821711277],[77.38039028824974,13.839783095387684],[77.38189802679199,13.839362785858583],[77.37942592158073,13.840776821711277]],[[77.38189802679199,13.839362785858583],[77.38813256741122,13.839037227446147],[77.39308601385811,13.840284328831041],[77.38189802679199,13.839362785858583]],[[77.40291429321341,13.840577338831201],[77.40760401093465,13.839867338520781],[77.40100205317341,13.840934469300583],[77.40291429321341,13.840577338831201]],[[77.40760401093465,13.839867338520781],[77.41207180730783,13.839645317318594],[77.41554261216308,13.839726693980037],[77.40760401093465,13.839867338520781]],[[77.42547086803592,13.841170707812884],[77.42683057962189,13.841116190292357],[77.42293167614979,13.841360921177833],[77.42547086803592,13.841170707812884]],[[77.43241646656703,13.84281668402217],[77.43176979646579,13.839284809708449],[77.43172854798554,13.83892607294808],[77.43241646656703,13.84281668402217]],[[77.42740419326526,13.832202520516285],[77.42988993565152,13.834806406104972],[77.42771874635113,13.83266339638247],[77.42740419326526,13.832202520516285]],[[77.42728648608546,13.831272997868385],[77.4275868093543,13.829885592605281],[77.42733349826473,13.83204145168298],[77.42728648608546,13.831272997868385]],[[77.42241004187336,13.821372177559223],[77.42144312091766,13.819460614278013],[77.42302067538772,13.822565112752546],[77.42241004187336,13.821372177559223]],[[77.41972220283884,13.816207023563178],[77.41949720586634,13.815770289872576],[77.41977978580934,13.816306187706065],[77.41972220283884,13.816207023563178]],[[77.41862583003706,13.814078615461401],[77.41789017200112,13.81212636167999],[77.41949720586634,13.815770289872576],[77.41862583003706,13.814078615461401]],[[77.41699742600443,13.8105311819188],[77.41642832059453,13.808755150168338],[77.41789017200112,13.81212636167999],[77.41699742600443,13.8105311819188]],[[77.41745597029482,13.806689510277687],[77.4162061867286,13.807702206448653],[77.4161135191149,13.806680912931087],[77.41745597029482,13.806689510277687]],[[77.42549107871471,13.803221992964756],[77.4241914776727,13.802214455841241],[77.42602754851193,13.80337102841977],[77.42549107871471,13.803221992964756]],[[77.4241914776727,13.802214455841241],[77.42256774715784,13.799091894627974],[77.42401969519821,13.798549281994081],[77.4241914776727,13.802214455841241]],[[77.42401969519821,13.798549281994081],[77.42834770089547,13.797174610828257],[77.43151979228124,13.796645199117906],[77.42401969519821,13.798549281994081]],[[77.43151979228124,13.796645199117906],[77.43575089474906,13.796495083895959],[77.43702715434326,13.796702726429443],[77.43151979228124,13.796645199117906]],[[77.43728624870873,13.797195212420412],[77.43751789671371,13.798027571503225],[77.43702715434326,13.796702726429443],[77.43728624870873,13.797195212420412]],[[77.43997485077884,13.804660549794148],[77.43843968720206,13.80051610654942],[77.43850789403037,13.800665765404991],[77.43997485077884,13.804660549794148]],[[77.4547441720825,13.80983838650763],[77.44745175797783,13.810810987352902],[77.45250825782541,13.809203490086261],[77.4547441720825,13.80983838650763]],[[77.45771803831185,13.807344392611899],[77.45578187345289,13.807675028509587],[77.4574649965194,13.807222576969238],[77.45771803831185,13.807344392611899]],[[77.46032552981663,13.801545349105899],[77.46165851231792,13.802998406946388],[77.46087174607486,13.803004913360196],[77.46032552981663,13.801545349105899]],[[77.45951084586189,13.799010246892056],[77.45900942937438,13.797068655322983],[77.46032552981663,13.801545349105899],[77.45951084586189,13.799010246892056]],[[77.45770609490609,13.79287812914598],[77.45755252684823,13.792358464691779],[77.45772693263478,13.792948641316718],[77.45770609490609,13.79287812914598]],[[77.45728792422551,13.791238147106581],[77.4572099215406,13.79090788450305],[77.45755252684823,13.792358464691779],[77.45728792422551,13.791238147106581]],[[77.45660287740063,13.789539762949659],[77.45704014228018,13.790525245663128],[77.45674642898616,13.790560354994561],[77.45660287740063,13.789539762949659]],[[77.45660287740063,13.789539762949659],[77.45648741890378,13.78871889485193],[77.46132921527627,13.788391549976781],[77.45660287740063,13.789539762949659]],[[77.46469464561774,13.763964398575588],[77.46478490612978,13.76273677512312],[77.4648317100957,13.762192089356589],[77.46469464561774,13.763964398575588]],[[77.4648317100957,13.762192089356589],[77.46514764368236,13.758694499848373],[77.46514883297485,13.758681601046431],[77.4648317100957,13.762192089356589]],[[77.46808602258075,13.752268958944574],[77.46841288313126,13.754116835740554],[77.46764911900911,13.753168537344026],[77.46808602258075,13.752268958944574]],[[77.46739038795114,13.748336250979268],[77.46693280207255,13.745046090440791],[77.46676431495496,13.741653063848847],[77.46739038795114,13.748336250979268]],[[77.46482995684903,13.73509612986648],[77.46657744028042,13.739558128437162],[77.46514165346271,13.736715701817964],[77.46482995684903,13.73509612986648]],[[77.46482995684903,13.73509612986648],[77.46445928509472,13.732266283887173],[77.46418213886957,13.72945122431447],[77.46482995684903,13.73509612986648]],[[77.46413726851608,13.728921795014086],[77.46404149646797,13.727791761151567],[77.46418213886957,13.72945122431447],[77.46413726851608,13.728921795014086]],[[77.46335799585542,13.722921368799273],[77.4634627237129,13.721610246063541],[77.46362154900477,13.72454095878582],[77.46335799585542,13.722921368799273]],[[77.46365962738447,13.720710274225791],[77.46429300797196,13.719641396110509],[77.46346271922725,13.721610163292548],[77.46365962738447,13.720710274225791]],[[77.46166375966993,13.70964955356868],[77.46496157072171,13.710834949200777],[77.46247903842556,13.70994493766908],[77.46166375966993,13.70964955356868]],[[77.45872181504205,13.710825967378012],[77.45711623219206,13.710756162002308],[77.4570613224179,13.710751128505388],[77.45872181504205,13.710825967378012]],[[77.45168446153053,13.710781294291298],[77.45022945399297,13.708799240185808],[77.45281241159026,13.71069807672079],[77.45168446153053,13.710781294291298]],[[77.45022945399297,13.708799240185808],[77.45073633587928,13.7048324672815],[77.45127061719143,13.704595898561223],[77.45022945399297,13.708799240185808]],[[77.45297730911005,13.696305098562364],[77.45391907337272,13.695798231535406],[77.45280181976538,13.698414189945018],[77.45297730911005,13.696305098562364]],[[77.45462869151919,13.694136718387721],[77.45466310765602,13.691038282751979],[77.45608944682142,13.690716478710565],[77.45462869151919,13.694136718387721]],[[77.45608944682142,13.690716478710565],[77.4555981436423,13.685809371228839],[77.4554794219976,13.684562506544736],[77.45608944682142,13.690716478710565]],[[77.37011254760657,13.470175125970538],[77.37332571535664,13.470848085189703],[77.37065065471177,13.470289044581826],[77.37011254760657,13.470175125970538]],[[77.3729558811902,13.483220178608619],[77.3709279026056,13.477659081256174],[77.37560555135757,13.484243582791848],[77.3729558811902,13.483220178608619]],[[77.37642165029929,13.4883241798828],[77.37637221112612,13.487046857552963],[77.37645675370696,13.489007345815068],[77.37642165029929,13.4883241798828]],[[77.37842150625899,13.492979150576595],[77.37857479612096,13.493225143625386],[77.37845724062583,13.49304423129195],[77.37842150625899,13.492979150576595]],[[77.38030329107207,13.494754454443449],[77.37885285118297,13.493479839630128],[77.37857479612096,13.493225143625386],[77.38030329107207,13.494754454443449]],[[77.38258078584981,13.496732193883894],[77.38336437745541,13.497420801006761],[77.3831355215063,13.497220833261792],[77.38258078584981,13.496732193883894]],[[77.20676146917506,13.190751773653233],[77.20654184562325,13.189412232210548],[77.20652341458457,13.188390135896785],[77.20676146917506,13.190751773653233]],[[77.20692283201656,13.19189474962842],[77.206920102578,13.191881228506865],[77.2068873098712,13.19164194558589],[77.20692283201656,13.19189474962842]],[[77.20342018732488,13.195450599170869],[77.20348455890701,13.195554943824755],[77.20362576048609,13.195867137608083],[77.20342018732488,13.195450599170869]],[[77.20304697663477,13.194841696431666],[77.20266107130387,13.19458147970038],[77.2030267234756,13.19477642803135],[77.20304697663477,13.194841696431666]],[[77.20083515795599,13.194630332915972],[77.20167717984532,13.194433602697906],[77.20246305994935,13.194474582781552],[77.20083515795599,13.194630332915972]],[[77.20076748347597,13.195079692796583],[77.2008145873732,13.19463408563264],[77.20083515795599,13.194630332915972],[77.20076748347597,13.195079692796583]],[[77.19871273895401,13.19538407864349],[77.19865902020261,13.1956624074397],[77.1986220302976,13.195237302346987],[77.19871273895401,13.19538407864349]],[[77.19873033535667,13.197188747367315],[77.1987042349879,13.197040707963659],[77.19885697301709,13.197879897458874],[77.19873033535667,13.197188747367315]],[[77.19874675461844,13.1993726630866],[77.1988995840487,13.198201365801214],[77.19926240741353,13.202497144229527],[77.19874675461844,13.1993726630866]],[[77.19533004775522,13.206730244974043],[77.19734394432149,13.205743931967971],[77.19499883168356,13.206903978848885],[77.19533004775522,13.206730244974043]],[[77.1941568753314,13.220305302119105],[77.19410589897626,13.218875567913713],[77.19462877048011,13.217235312042817],[77.1941568753314,13.220305302119105]],[[77.19014126018143,13.224874452918407],[77.19338492250172,13.225327365882544],[77.1884137751957,13.225220051406122],[77.19014126018143,13.224874452918407]],[[77.18381751481088,13.23156766107545],[77.18360516221934,13.230044723247742],[77.1836920206521,13.229957653059069],[77.18381751481088,13.23156766107545]],[[77.18408571416371,13.233418227046718],[77.18438579071844,13.234926557184208],[77.1839862576638,13.233596401654966],[77.18408571416371,13.233418227046718]],[[77.1848727373412,13.236459083381924],[77.18422757040341,13.235662472900886],[77.1843217810109,13.235502278362231],[77.1848727373412,13.236459083381924]],[[77.18915145747837,13.238074198561259],[77.18822481879602,13.23800991399466],[77.18965731195426,13.23791009852508],[77.18915145747837,13.238074198561259]],[[77.19017524796057,13.23964980755523],[77.19013924306823,13.239571712041451],[77.18965731195426,13.23791009852508],[77.19017524796057,13.23964980755523]],[[77.18711688588684,13.252021003903895],[77.18923900622757,13.247367904790087],[77.19053826025336,13.246020592498585],[77.18711688588684,13.252021003903895]],[[77.18665369404471,13.253726995519559],[77.18664836682251,13.253558812000922],[77.18665817307937,13.2535266259277],[77.18665369404471,13.253726995519559]],[[77.18619559784054,13.255860403797318],[77.18572924729756,13.255987394292342],[77.18606524908847,13.255895871106613],[77.18619559784054,13.255860403797318]],[[77.18498081301983,13.257312093868233],[77.18474082704917,13.256579217161207],[77.18572924729756,13.255987394292342],[77.18498081301983,13.257312093868233]],[[77.18584510034509,13.26057719512746],[77.18583578167267,13.260533621345337],[77.18575565148447,13.260158915513873],[77.18584510034509,13.26057719512746]],[[77.18589539440602,13.260924327510395],[77.18592162082149,13.261105295370971],[77.18590667679568,13.261002199213161],[77.18589539440602,13.260924327510395]],[[77.18603194555128,13.261801324674648],[77.18593414519614,13.261191689889435],[77.18627047299991,13.263185683736742],[77.18603194555128,13.261801324674648]],[[77.18687449364683,13.266545150792153],[77.18665161429338,13.265433962940387],[77.18643882964099,13.264158842227742],[77.18687449364683,13.266545150792153]],[[77.18717660735457,13.268172267455544],[77.18712773418639,13.267868807319399],[77.18719887482393,13.268296333201437],[77.18717660735457,13.268172267455544]],[[77.18759159630197,13.270794994228423],[77.18768653467608,13.271493276229812],[77.18755971848908,13.271231903088298],[77.18759159630197,13.270794994228423]],[[77.1883164502902,13.274108620971587],[77.188073406617,13.273714825277878],[77.18804429315435,13.273157936963806],[77.1883164502902,13.274108620971587]],[[77.18850125553612,13.274802428996656],[77.18847508368744,13.274746654173153],[77.18848529843785,13.274742521807417],[77.18850125553612,13.274802428996656]],[[77.18870923974069,13.275201727336713],[77.18860175703844,13.275035268754223],[77.18850125553612,13.274802428996656],[77.18870923974069,13.275201727336713]],[[77.18847636752436,13.275544152095437],[77.18835836131345,13.275513969289463],[77.18854482995498,13.275520402141709],[77.18847636752436,13.275544152095437]],[[77.18906012756328,13.275679082033337],[77.18969109283097,13.275726276030476],[77.18965712665714,13.27572537666307],[77.18906012756328,13.275679082033337]],[[77.18983781752694,13.275871962754486],[77.19005010718926,13.275999572252108],[77.1899949394376,13.276031206315931],[77.18983781752694,13.275871962754486]],[[77.19086642558597,13.275150213609594],[77.1908191625436,13.275493448057238],[77.1907352916736,13.27565101726121],[77.19086642558597,13.275150213609594]],[[77.19149801795976,13.274606428094975],[77.19130647749226,13.275132170109888],[77.190913273137,13.275109879019269],[77.19149801795976,13.274606428094975]],[[77.19358601687655,13.27311022790088],[77.19344416097387,13.273452144474838],[77.19281110797797,13.273775831057916],[77.19358601687655,13.27311022790088]],[[77.19354130854803,13.272807736125714],[77.19355790677835,13.272833665991799],[77.19358601687655,13.27311022790088],[77.19354130854803,13.272807736125714]],[[77.19333897794442,13.271587699472931],[77.19341706553297,13.271730721489304],[77.1933900256878,13.27189551310496],[77.19333897794442,13.271587699472931]],[[77.19321454674952,13.27146423039071],[77.1931488248989,13.271370699066026],[77.19320067071602,13.271385326377976],[77.19321454674952,13.27146423039071]],[[77.19311361746534,13.271320593996435],[77.1929179237618,13.271185477656074],[77.19310315702049,13.271257254880263],[77.19311361746534,13.271320593996435]],[[77.1930058010159,13.270323016869582],[77.19311746237481,13.270081586353898],[77.19302559878065,13.270280211794335],[77.1930058010159,13.270323016869582]],[[77.19305560894728,13.269576140165654],[77.19314704424842,13.270017624890977],[77.19311746237481,13.270081586353898],[77.19305560894728,13.269576140165654]],[[77.19359603936468,13.26919119076664],[77.19359930201009,13.269257862426988],[77.19305560894728,13.269576140165654],[77.19359603936468,13.26919119076664]],[[77.19371842358596,13.269111541597013],[77.19366023451967,13.269113418277179],[77.19373870710307,13.269018348670043],[77.19371842358596,13.269111541597013]],[[77.19786273241316,13.268089512412894],[77.19747231207678,13.268229566695911],[77.19687947895652,13.268266192871844],[77.19786273241316,13.268089512412894]],[[77.19920133355548,13.268269014028052],[77.19902870132478,13.268237988875393],[77.19896665778639,13.26810367748155],[77.19920133355548,13.268269014028052]],[[77.19993113160537,13.268021215925074],[77.19930314480216,13.268287324112906],[77.20009511216439,13.26744901320691],[77.19993113160537,13.268021215925074]],[[77.20112774675535,13.265852936337776],[77.20072369076848,13.26697255536158],[77.20018717152088,13.267351566814261],[77.20112774675535,13.265852936337776]],[[77.20125520956948,13.265503449396773],[77.20122767286108,13.265580641531784],[77.20112774675535,13.265852936337776],[77.20125520956948,13.265503449396773]],[[77.20429047174237,13.263464269349994],[77.20480267549503,13.262882134477229],[77.20445838860181,13.263273463594903],[77.20429047174237,13.263464269349994]],[[77.20490804391142,13.262885608118399],[77.20487021165442,13.262884361633866],[77.20480267549503,13.262882134477229],[77.20490804391142,13.262885608118399]],[[77.20694028425162,13.262393845073753],[77.20572493132859,13.262939384307069],[77.20490804391142,13.262885608118399],[77.20694028425162,13.262393845073753]],[[77.20858500393132,13.261841452990225],[77.20875030161797,13.261808514655531],[77.20868948891845,13.261822918213658],[77.20858500393132,13.261841452990225]],[[77.21179398688837,13.261345548178191],[77.21140384016157,13.261400378901106],[77.21248021034003,13.26123479633809],[77.21179398688837,13.261345548178191]],[[77.21541833859554,13.26094708328731],[77.21673917120287,13.261261809031648],[77.21620983839681,13.261146317018367],[77.21541833859554,13.26094708328731]],[[77.2211002175327,13.269915280274478],[77.22104141338971,13.27005015615968],[77.22106896360567,13.269983594291066],[77.2211002175327,13.269915280274478]],[[77.22049468815277,13.271296819831454],[77.22065513111889,13.27093615093091],[77.22045824670984,13.271387734061031],[77.22049468815277,13.271296819831454]],[[77.2199636751263,13.272505430249545],[77.22014376152275,13.272103154174687],[77.21981261011133,13.27285245838639],[77.2199636751263,13.272505430249545]],[[77.2199551229791,13.27529312904523],[77.21951657524474,13.273549182982181],[77.21981261011133,13.27285245838639],[77.2199551229791,13.27529312904523]],[[77.22031871217747,13.276842139437306],[77.22069662402616,13.278452169062847],[77.22047131992925,13.277537489592545],[77.22031871217747,13.276842139437306]],[[77.22177379350872,13.285988824464166],[77.22187168387866,13.285422284572086],[77.22227014217526,13.287488003017948],[77.22177379350872,13.285988824464166]],[[77.22258399847264,13.289115121209225],[77.22260214268125,13.289185518763773],[77.22258478075344,13.289119937941164],[77.22258399847264,13.289115121209225]],[[77.22272019459596,13.2965195350649],[77.22276311645693,13.294594395939168],[77.22295540398807,13.292758113641659],[77.22272019459596,13.2965195350649]],[[77.2230247813225,13.297450697954112],[77.22440405275692,13.301344854850864],[77.22430917253482,13.301185951424968],[77.2230247813225,13.297450697954112]],[[77.22727866523084,13.307978351791963],[77.22719817355754,13.306770681061892],[77.22796282706614,13.310073296719926],[77.22727866523084,13.307978351791963]],[[77.2280790054859,13.310780345938342],[77.2280657599025,13.310699735918876],[77.22796282706614,13.310073296719926],[77.2280790054859,13.310780345938342]],[[77.22883971755475,13.31356674007435],[77.2287797940618,13.313251464388268],[77.22863557577537,13.312492674078557],[77.22883971755475,13.31356674007435]],[[77.22895524746698,13.314141367491347],[77.22880619070209,13.31387476289803],[77.22883971755475,13.31356674007435],[77.22895524746698,13.314141367491347]],[[77.22973621920316,13.314525058897605],[77.22942816362882,13.314354980666007],[77.22989652949705,13.31438063680857],[77.22973621920316,13.314525058897605]],[[77.23158622927411,13.313588470987401],[77.23168748701096,13.313555724307482],[77.23161908273707,13.31357784665962],[77.23158622927411,13.313588470987401]],[[77.23234625403236,13.312923164402939],[77.23201124259063,13.313458078692463],[77.23168748701096,13.313555724307482],[77.23234625403236,13.312923164402939]],[[77.23257247458251,13.312463612439185],[77.23237926354108,13.312870464727743],[77.23234625403236,13.312923164402939],[77.23257247458251,13.312463612439185]],[[77.23259525763854,13.312030209908157],[77.23263247804387,13.312127430175053],[77.23257247458251,13.312463612439185],[77.23259525763854,13.312030209908157]],[[77.23250855999218,13.31171063297335],[77.23259707349438,13.311581895381144],[77.23257405172858,13.311652435594517],[77.23250855999218,13.31171063297335]],[[77.23298430035467,13.311098847869994],[77.23329057400625,13.310880017691273],[77.23308441336528,13.311037960327534],[77.23298430035467,13.311098847869994]],[[77.23467150898917,13.31015612900057],[77.23452429290617,13.310263093213454],[77.23418721750298,13.310251893988983],[77.23467150898917,13.31015612900057]],[[77.23704917016451,13.310988708243539],[77.23576078677765,13.31083426820499],[77.23723301744764,13.310893693118476],[77.23704917016451,13.310988708243539]],[[77.2373763938504,13.310165771686263],[77.23741506868798,13.310730167901044],[77.23723301744764,13.310893693118476],[77.2373763938504,13.310165771686263]],[[77.23754306108768,13.309358922856466],[77.23763155374813,13.309594297076556],[77.23756478728286,13.309949366909546],[77.23754306108768,13.309358922856466]],[[77.23933975652908,13.30902273114869],[77.23860490834372,13.308960065100663],[77.23978390896794,13.308360854600183],[77.23933975652908,13.30902273114869]],[[77.24059366835314,13.307265514060923],[77.24039202855661,13.307436460851106],[77.24050726464385,13.307076208816214],[77.24059366835314,13.307265514060923]],[[77.24139382162706,13.306058544805273],[77.24134611253918,13.306293527886014],[77.24103589983332,13.30636409629843],[77.24139382162706,13.306058544805273]],[[77.24189913184415,13.305775618583548],[77.24168923214512,13.305806358080503],[77.24186626488535,13.305471733508714],[77.24189913184415,13.305775618583548]],[[77.24201935438454,13.303928246971225],[77.24228742415147,13.303347295314039],[77.24226710453597,13.30379217290927],[77.24201935438454,13.303928246971225]],[[77.24570132119933,13.30254012338391],[77.24487792196092,13.30299209572274],[77.24452265448708,13.302586398373197],[77.24570132119933,13.30254012338391]],[[77.24673275401112,13.302052938410922],[77.24648355548707,13.302389757567386],[77.24570132119933,13.30254012338391],[77.24673275401112,13.302052938410922]],[[77.24770413501236,13.301919492711104],[77.24832228683906,13.301981163366763],[77.24802538820488,13.302017497098166],[77.24770413501236,13.301919492711104]],[[77.25393671733245,13.305641785859695],[77.25331208680205,13.304656398758008],[77.25311116629963,13.30301544510111],[77.25393671733245,13.305641785859695]],[[77.2548701095998,13.307359343560941],[77.25750426216794,13.309142819528756],[77.25473857740856,13.308753352079831],[77.2548701095998,13.307359343560941]],[[77.26354871091631,13.310505880780484],[77.26213723171927,13.310375086945337],[77.2613544850787,13.31023796053675],[77.26354871091631,13.310505880780484]],[[77.2637261319424,13.310522193855581],[77.2636373522642,13.310514094047932],[77.26354871091631,13.310505880780484],[77.2637261319424,13.310522193855581]],[[77.26666824507004,13.310848838971324],[77.26587782921186,13.310877623299522],[77.26544893351726,13.310803762234276],[77.26666824507004,13.310848838971324]],[[77.26806998481463,13.310940394276983],[77.26738155677678,13.310879352588602],[77.26906556347323,13.310951390009746],[77.26806998481463,13.310940394276983]],[[77.2700314659505,13.310458544011068],[77.27024918880802,13.310910638853104],[77.26906556347323,13.310951390009746],[77.2700314659505,13.310458544011068]],[[77.26973943588719,13.309821333053042],[77.26969494488935,13.309733667320357],[77.26973656439581,13.309813855867741],[77.26973943588719,13.309821333053042]],[[77.26918303788608,13.308678996249018],[77.26935235439798,13.308655023688809],[77.26922839494826,13.308672644059408],[77.26918303788608,13.308678996249018]],[[77.26934811379549,13.308572115477734],[77.26935132002427,13.308634794807691],[77.26935235439798,13.308655023688809],[77.26934811379549,13.308572115477734]],[[77.26952069791984,13.307753105021417],[77.2694066417174,13.307870111027656],[77.26948880392013,13.306470375058367],[77.26952069791984,13.307753105021417]],[[77.27136997974458,13.303493622102302],[77.27179427653789,13.303050280789641],[77.27138172868672,13.303481346861494],[77.27136997974458,13.303493622102302]],[[77.27197707919181,13.302859271834112],[77.27208951216704,13.302741791640209],[77.27198145700066,13.302854698106387],[77.27197707919181,13.302859271834112]],[[77.27213539254132,13.302683958737267],[77.27239019359479,13.3023633539226],[77.27222186944853,13.302575149289453],[77.27213539254132,13.302683958737267]],[[77.27328712847755,13.301077498979588],[77.27290705538768,13.301697786807924],[77.27240328609824,13.302346688507141],[77.27328712847755,13.301077498979588]],[[77.27380025008898,13.30028841329778],[77.27372580359022,13.300461855691927],[77.27336289778346,13.300968694953184],[77.27380025008898,13.30028841329778]],[[77.27419423219996,13.299675592010965],[77.27422307340241,13.299627325169702],[77.27420374552453,13.299661524778104],[77.27419423219996,13.299675592010965]],[[77.27537946849462,13.297599687099266],[77.27539845201653,13.297567429099908],[77.27538795178947,13.297585272219916],[77.27537946849462,13.297599687099266]],[[77.28073743908912,13.302041684123775],[77.28079431499617,13.301976070177444],[77.28086331564292,13.301923019379712],[77.28073743908912,13.302041684123775]],[[77.28073193764484,13.302195522607139],[77.28070909438162,13.302873886626609],[77.280709338517,13.302824445586902],[77.28073193764484,13.302195522607139]],[[77.28070468155228,13.303326341481847],[77.2807043158581,13.303363836723802],[77.28069685420262,13.303324547917768],[77.28070468155228,13.303326341481847]],[[77.28103973703504,13.30514331993868],[77.28106355729224,13.305270440631666],[77.28105608815856,13.305230581277263],[77.28103973703504,13.30514331993868]],[[77.28116863948347,13.308046144125512],[77.28101598414956,13.306805684059183],[77.28101982040494,13.306435073512926],[77.28116863948347,13.308046144125512]],[[77.28125262765326,13.309274504155102],[77.28123785175583,13.30906123958738],[77.28123369669848,13.308998946014688],[77.28125262765326,13.309274504155102]],[[77.28347635408485,13.31122495783315],[77.28125897220568,13.309344625340778],[77.28393239091795,13.311132962951628],[77.28347635408485,13.31122495783315]],[[77.28431114017175,13.311056559480935],[77.28473443796179,13.310968909130013],[77.28461381989368,13.310993885418965],[77.28431114017175,13.311056559480935]],[[77.28885237961457,13.311257953597545],[77.28764484972231,13.31112291394719],[77.29021289241678,13.311283667922094],[77.28885237961457,13.311257953597545]],[[77.30077987274339,13.310090771411424],[77.29926746650408,13.310269173389662],[77.29806679781254,13.31032347430211],[77.30077987274339,13.310090771411424]],[[77.30241282668966,13.310447908136045],[77.30087099001328,13.310098677082411],[77.30404365471412,13.310373949193927],[77.30241282668966,13.310447908136045]],[[77.30435760402155,13.31040118859579],[77.30445411369162,13.310466428778188],[77.3044403660012,13.310469176307523],[77.30435760402155,13.31040118859579]],[[77.30452878634698,13.310498133316386],[77.30450002206673,13.310504899135525],[77.30445411369162,13.310466428778188],[77.30452878634698,13.310498133316386]],[[77.30533901432439,13.310288915612574],[77.3052604506741,13.310318938512347],[77.30452878634698,13.310498133316386],[77.30533901432439,13.310288915612574]],[[77.30632912303624,13.31009361989788],[77.30630179674385,13.310099476127004],[77.30577141279862,13.310140970539972],[77.30632912303624,13.31009361989788]],[[77.30886497760822,13.31008308878513],[77.30886572372799,13.310086130746534],[77.30886567918994,13.310086128807013],[77.30886497760822,13.31008308878513]],[[77.3093439491113,13.31215175528749],[77.3095023401684,13.312997855872421],[77.30935796918575,13.312226650630377],[77.3093439491113,13.31215175528749]],[[77.30971525121524,13.31392888998869],[77.30953050059642,13.313155927664013],[77.30950494407008,13.313012237813606],[77.30971525121524,13.31392888998869]],[[77.3099438484443,13.315090185797848],[77.309751821427,13.314290350127695],[77.30971525121524,13.31392888998869],[77.3099438484443,13.315090185797848]],[[77.30995981619972,13.315171303524034],[77.31015195927154,13.316147408724293],[77.31000532748878,13.315565240311452],[77.30995981619972,13.315171303524034]],[[77.31017405622015,13.316228886038042],[77.31022519495176,13.316440827016509],[77.31016952779328,13.316229739636741],[77.31017405622015,13.316228886038042]],[[77.3119572105007,13.320499790903902],[77.31203367266485,13.320650922058203],[77.31199198648409,13.320629227961325],[77.3119572105007,13.320499790903902]],[[77.31387862808299,13.321289551789414],[77.31253514517299,13.320911934387285],[77.31215766899595,13.320715459540338],[77.31387862808299,13.321289551789414]],[[77.32237076417829,13.325017747007715],[77.32188738590675,13.324714565221942],[77.32121722669741,13.324294227977699],[77.32237076417829,13.325017747007715]],[[77.32766344952854,13.328652112664033],[77.32451153788018,13.326622551589324],[77.32876765623809,13.32863627731437],[77.32766344952854,13.328652112664033]],[[77.32910331041937,13.32952714097618],[77.32850238639836,13.329300376017782],[77.32876765623809,13.32863627731437],[77.32910331041937,13.32952714097618]],[[77.32918644990869,13.329764302042573],[77.32962296661061,13.329773478846713],[77.32932810951044,13.329767280963162],[77.32918644990869,13.329764302042573]],[[77.3299548043224,13.330222629669382],[77.32982957962031,13.33020840657253],[77.32962296661061,13.329773478846713],[77.3299548043224,13.330222629669382]],[[77.3302141438854,13.329404303446266],[77.33059601939136,13.329450617535555],[77.33041728425759,13.32946671075214],[77.3302141438854,13.329404303446266]],[[77.33195239549846,13.329336280556966],[77.33246343282259,13.329143539711293],[77.33244491757057,13.329150524258573],[77.33195239549846,13.329336280556966]],[[77.33335807359954,13.32846622560195],[77.33255805616064,13.329107790930053],[77.33246343282259,13.329143539711293],[77.33335807359954,13.32846622560195]],[[77.33394007856762,13.328619005191902],[77.33373765900174,13.328566998497354],[77.33335807359954,13.32846622560195],[77.33394007856762,13.328619005191902]],[[77.3359190762956,13.328859046622519],[77.33523043276728,13.328877676142985],[77.33394007856762,13.328619005191902],[77.3359190762956,13.328859046622519]],[[77.33898540784406,13.332419901727418],[77.33882774669382,13.331426837908202],[77.33863299629586,13.329832294825467],[77.33898540784406,13.332419901727418]],[[77.33914522124599,13.33339984992503],[77.33909545136468,13.333107638873615],[77.33898540784406,13.332419901727418],[77.33914522124599,13.33339984992503]],[[77.34095514400768,13.335546698518899],[77.3407283221763,13.335259360276991],[77.34121628511936,13.335860631264374],[77.34095514400768,13.335546698518899]],[[77.34147710053298,13.336133495141622],[77.34146831543549,13.336135992942726],[77.34136801802359,13.336033395793134],[77.34147710053298,13.336133495141622]],[[77.34205093420346,13.336660072471659],[77.34240818231557,13.336654533877438],[77.34215667013414,13.336708548905456],[77.34205093420346,13.336660072471659]],[[77.3428917106266,13.336620313900854],[77.34288900024951,13.336624137732137],[77.34288630979931,13.336620696124974],[77.3428917106266,13.336620313900854]],[[77.34378636263295,13.337591887597945],[77.34337716802706,13.337435262487942],[77.34302942124064,13.336825668613397],[77.34378636263295,13.337591887597945]],[[77.34378664638496,13.337593883730444],[77.34391331575483,13.338508136293063],[77.34381246196071,13.337780213410161],[77.34378664638496,13.337593883730444]],[[77.34392261303648,13.33857949074929],[77.34392101949697,13.338567286561943],[77.34391331575483,13.338508136293063],[77.34392261303648,13.33857949074929]],[[77.34415920077474,13.339661946807182],[77.3441565894593,13.33965201569312],[77.34405699744462,13.339193667984848],[77.34415920077474,13.339661946807182]],[[77.34473589519645,13.341788800966375],[77.3444360718763,13.340721711918679],[77.34415920077474,13.339661946807182],[77.34473589519645,13.341788800966375]],[[77.34485683770826,13.34227510682618],[77.34483815130808,13.342223581858022],[77.34473589519645,13.341788800966375],[77.34485683770826,13.34227510682618]],[[77.34519730994057,13.344325389318334],[77.34523062047742,13.344573658695944],[77.34520386622326,13.344529173130244],[77.34519730994057,13.344325389318334]],[[77.3453753150605,13.344845422348689],[77.34537680277616,13.344883873257922],[77.34537569259656,13.344858761160147],[77.3453753150605,13.344845422348689]],[[77.34542482993892,13.345938377726474],[77.34540810041636,13.345578955919567],[77.34549645094397,13.346430813554122],[77.34542482993892,13.345938377726474]],[[77.3457068987071,13.34794397252907],[77.34552924618124,13.346686767645226],[77.34549645094397,13.346430813554122],[77.3457068987071,13.34794397252907]],[[77.34414237744454,13.349865391017225],[77.3457761790325,13.349488592413637],[77.34583649460825,13.349529667687397],[77.34414237744454,13.349865391017225]],[[77.34376185035163,13.349934183057439],[77.34290682714821,13.350078955136405],[77.34371340047193,13.349942308650213],[77.34376185035163,13.349934183057439]],[[77.3426995080229,13.350546498538481],[77.3425870478679,13.350131132537472],[77.34273969289977,13.350687073953525],[77.3426995080229,13.350546498538481]],[[77.34245425869179,13.352126215499698],[77.34249754092892,13.351009294310584],[77.34270743063708,13.350849738277988],[77.34245425869179,13.352126215499698]],[[77.34209511115094,13.35373625077282],[77.34215813490394,13.35253370221749],[77.3424383973761,13.352197320755431],[77.34209511115094,13.35373625077282]],[[77.34155320321287,13.355720163833467],[77.34154726995105,13.355028008657845],[77.34158452554203,13.354946599121048],[77.34155320321287,13.355720163833467]],[[77.3418367622333,13.35797167514568],[77.3415902084171,13.357366585447371],[77.34155886506221,13.356380618890654],[77.3418367622333,13.35797167514568]],[[77.34228436833376,13.358160036931931],[77.34197292045178,13.358285734312068],[77.3418367622333,13.35797167514568],[77.34228436833376,13.358160036931931]],[[77.3424214550175,13.360775863570284],[77.34198038206391,13.358751654171025],[77.34243085880063,13.358485146629612],[77.3424214550175,13.360775863570284]],[[77.34262899779498,13.362661912935126],[77.34241010362904,13.361586804853228],[77.3424214550175,13.360775863570284],[77.34262899779498,13.362661912935126]],[[77.34268851934519,13.362356026788856],[77.3426877249727,13.362627600291868],[77.34262899779498,13.362661912935126],[77.34268851934519,13.362356026788856]],[[77.34293361799452,13.36297378100766],[77.34305555159169,13.364360736113463],[77.34280800423087,13.363544747565753],[77.34293361799452,13.36297378100766]],[[77.34255389768653,13.365896231346474],[77.34253873351582,13.365021965173016],[77.34269341073747,13.364851196247011],[77.34255389768653,13.365896231346474]],[[77.34306426018927,13.366824772338106],[77.34277000178159,13.366379358017872],[77.34273260075213,13.366322740565511],[77.34306426018927,13.366824772338106]],[[77.34455301341977,13.369549599028394],[77.34391316191096,13.368399718349512],[77.34306426018927,13.366824772338106],[77.34455301341977,13.369549599028394]],[[77.3449099824049,13.370934503479548],[77.34490255758242,13.37089696723693],[77.34488995117042,13.370824282675718],[77.3449099824049,13.370934503479548]],[[77.33944606659335,13.374381906248068],[77.33916424395564,13.374339749524136],[77.34049365229072,13.374223137649434],[77.33944606659335,13.374381906248068]],[[77.34173207291158,13.381989928672153],[77.34073494729455,13.377166743036156],[77.34201481476478,13.3828768540371],[77.34173207291158,13.381989928672153]],[[77.3429415781015,13.384700019808292],[77.34236440384302,13.383968685096853],[77.34213832202315,13.383224579846294],[77.3429415781015,13.384700019808292]],[[77.34353391771548,13.385191159306865],[77.34323298235054,13.384950231300957],[77.3429415781015,13.384700019808292],[77.34353391771548,13.385191159306865]],[[77.343633540836,13.388544824265798],[77.3436142062618,13.387932375201272],[77.34361391852325,13.387588965268716],[77.343633540836,13.388544824265798]],[[77.34365469950919,13.390325863816642],[77.34364130902337,13.389939991470001],[77.34364028393955,13.389112427632483],[77.34365469950919,13.390325863816642]],[[77.34373832654403,13.391240703120666],[77.34364622837589,13.390681929062676],[77.34365469950919,13.390325863816642],[77.34373832654403,13.391240703120666]],[[77.34371650878101,13.391601409459799],[77.34344441386817,13.391687002469137],[77.3437118851076,13.391602860142342],[77.34371650878101,13.391601409459799]],[[77.34261397450106,13.391867946805327],[77.34303484098902,13.391781439970346],[77.34270016810248,13.392309689861609],[77.34261397450106,13.391867946805327]],[[77.34300210895923,13.39469525234685],[77.34289227168149,13.393860673719532],[77.34308552482578,13.395172927830313],[77.34300210895923,13.39469525234685]],[[77.3433094783371,13.39701415649695],[77.34326495439073,13.397106113719701],[77.3433049534178,13.397023501493319],[77.3433094783371,13.39701415649695]],[[77.34250235799657,13.398596388068457],[77.34213235094046,13.399319459969654],[77.34240751805874,13.398775460145929],[77.34250235799657,13.398596388068457]],[[77.34193364039298,13.399724218521385],[77.34196304546671,13.40125428605409],[77.34184034650089,13.399852011306274],[77.34193364039298,13.399724218521385]],[[77.34197017742363,13.401625391252304],[77.34190870212923,13.40163374606681],[77.3418974626401,13.401617567392378],[77.34197017742363,13.401625391252304]],[[77.3421359639082,13.401960866254512],[77.34238738755563,13.40217035331297],[77.3423032111829,13.402170830289906],[77.3421359639082,13.401960866254512]],[[77.34295143121278,13.402664040919165],[77.34286112035518,13.403030215211285],[77.3426969262521,13.402669624406624],[77.34295143121278,13.402664040919165]],[[77.34357287980727,13.4046014501869],[77.34323929271297,13.403878083692526],[77.34314717620795,13.403659913279284],[77.34357287980727,13.4046014501869]],[[77.34387696444884,13.405254084864973],[77.34359019603762,13.404638983392624],[77.34396952523974,13.405449227286383],[77.34387696444884,13.405254084864973]],[[77.34491361032202,13.407569154535626],[77.34473924237827,13.407166555137993],[77.34497434200102,13.407695074071324],[77.34491361032202,13.407569154535626]],[[77.34549651685651,13.408828549936393],[77.34546748659439,13.4087623777982],[77.34546824703204,13.408758544229785],[77.34549651685651,13.408828549936393]],[[77.34560314378523,13.409389160086917],[77.34566263608014,13.409741246492134],[77.34564273885928,13.409644324452769],[77.34560314378523,13.409389160086917]],[[77.34566762088836,13.409781992959115],[77.34588734071563,13.411048226108496],[77.34569584554626,13.410011130390252],[77.34566762088836,13.409781992959115]],[[77.34595434740434,13.41137516197599],[77.34591841950628,13.411218715100722],[77.34588734071563,13.411048226108496],[77.34595434740434,13.41137516197599]],[[77.34605173383238,13.411873143664478],[77.34607255015027,13.411972725108996],[77.3460551704984,13.411896911266817],[77.34605173383238,13.411873143664478]],[[77.34631541504373,13.41319975885908],[77.34630049718172,13.413138800137396],[77.3462657874124,13.412952317028836],[77.34631541504373,13.41319975885908]],[[77.34638349955839,13.413539226137045],[77.34639433604067,13.413593256501558],[77.34639221791684,13.413588003451366],[77.34638349955839,13.413539226137045]],[[77.34659075822265,13.414572611407474],[77.34665019912764,13.41486898191579],[77.34659145864198,13.41458324948637],[77.34659075822265,13.414572611407474]],[[77.34722064046586,13.417671777699612],[77.34707037250415,13.417023435432831],[77.34677564483545,13.415530908486765],[77.34722064046586,13.417671777699612]],[[77.34809719186005,13.417576854360457],[77.34735369971234,13.417950499720492],[77.34729311366297,13.41801508582219],[77.34722064046586,13.417671777699612],[77.34809719186005,13.417576854360457]],[[77.34843311987515,13.41740791994576],[77.34819171166184,13.417529325785472],[77.34809719186005,13.417576854360457],[77.34843311987515,13.41740791994576]],[[77.34865438800611,13.417296617382224],[77.34843760699421,13.417405663931373],[77.34843311987515,13.41740791994576],[77.34865438800611,13.417296617382224]],[[77.34919797073886,13.417048868584747],[77.3488988978588,13.417185181351046],[77.34865438800611,13.417296617382224],[77.34919797073886,13.417048868584747]],[[77.354183614059,13.41477101347224],[77.35314055155911,13.415247033425597],[77.35303444581093,13.415293585505077],[77.354183614059,13.41477101347224]],[[77.35528113502522,13.414745234480016],[77.35502681037693,13.414753681104772],[77.35444523213961,13.414765934289155],[77.35528113502522,13.414745234480016]],[[77.35832142936559,13.414488768232975],[77.3611146700231,13.414995224524437],[77.35940378001123,13.414694084807481],[77.35832142936559,13.414488768232975]],[[77.36182671785733,13.415164984661532],[77.36189762205204,13.415179117650087],[77.36182772649121,13.415165186327666],[77.36182671785733,13.415164984661532]],[[77.36249244868462,13.41591120065685],[77.36206965235738,13.415405311561894],[77.36189762205204,13.415179117650087],[77.36249244868462,13.41591120065685]],[[77.36418228454325,13.423397632380986],[77.36409296243636,13.42307464350165],[77.36402043600681,13.42248238119393],[77.36418228454325,13.423397632380986]],[[77.3649175525831,13.425682542357256],[77.3644294855263,13.424212685536919],[77.36418228454325,13.423397632380986],[77.3649175525831,13.425682542357256]],[[77.3640182064558,13.42825255934886],[77.36395472974071,13.42835147749772],[77.36399177583458,13.428291137857903],[77.3640182064558,13.42825255934886]],[[77.3636041375889,13.431569288952064],[77.36343475865894,13.429186801627994],[77.36395472974071,13.42835147749772],[77.3636041375889,13.431569288952064]],[[77.36373119335717,13.433221799865391],[77.36366758827788,13.432535927894122],[77.3636041375889,13.431569288952064],[77.36373119335717,13.433221799865391]],[[77.35965591165159,13.438383570595875],[77.36239523441238,13.436246266915342],[77.36256167977858,13.436122558510926],[77.35965591165159,13.438383570595875]],[[77.35847056723978,13.437990855697535],[77.35851625563163,13.43800816489337],[77.35843952409294,13.438001011560845],[77.35847056723978,13.437990855697535]],[[77.34882101610818,13.444050482603267],[77.35013859438199,13.442160611114597],[77.35102719068901,13.441261363147266],[77.34882101610818,13.444050482603267]],[[77.34924537175533,13.447793347438466],[77.34922389144894,13.44742288566075],[77.34928311869785,13.447420622635555],[77.34924537175533,13.447793347438466]],[[77.34922612296782,13.448908577737086],[77.34922607992036,13.448474046317179],[77.34924537175533,13.447793347438466],[77.34922612296782,13.448908577737086]],[[77.34891083045595,13.457101022741016],[77.34890964025413,13.457198347846845],[77.34891074202889,13.457108079739044],[77.34891083045595,13.457101022741016]],[[77.34972345543062,13.457364448097653],[77.34942685351888,13.457313099568067],[77.34990961069877,13.457396672411322],[77.34972345543062,13.457364448097653]],[[77.353449668461,13.459373728135555],[77.3525552123553,13.458975396657342],[77.35228318794489,13.458722270691505],[77.353449668461,13.459373728135555]],[[77.35602326278064,13.461828951411505],[77.3554383394972,13.461257891918109],[77.35464445103234,13.460423257550737],[77.35602326278064,13.461828951411505]],[[77.36051355786324,13.462416932940421],[77.3597457834977,13.462472336463193],[77.35958474335926,13.462466751438095],[77.36051355786324,13.462416932940421]],[[77.36690082395327,13.46893157812872],[77.36617574299288,13.466517972348363],[77.3660700239079,13.465153794436135],[77.36690082395327,13.46893157812872]],[[77.35728528999931,14.276606445789108],[77.3570897912602,14.27658547552993],[77.35733038050158,14.276611281585293],[77.35728528999931,14.276606445789108]],[[76.90795044731844,17.999230831613463],[76.90796336590068,17.99924611154983],[76.90800398165554,17.999294152661008],[76.90795044731844,17.999230831613463]],[[76.91432694389378,18.035362628209324],[76.91431527847463,18.03536115802948],[76.9143732433941,18.03536846150051],[76.91432694389378,18.035362628209324]],[[76.95048817958178,18.043738289299274],[76.95062523936068,18.04371639715833],[76.95075757066792,18.043695260511132],[76.95048817958178,18.043738289299274]],[[76.9494979391568,18.043904685350427],[76.94944506369492,18.04392797426633],[76.9494806705502,18.043912290854493],[76.9494979391568,18.043904685350427]],[[76.94939572679196,18.043949704629355],[76.94931847198076,18.043983731509705],[76.94928734140746,18.04399744257822],[76.94939572679196,18.043949704629355]],[[76.9484605234498,18.044361611070844],[76.94857384829932,18.0443116978222],[76.94854729341603,18.04432339402884],[76.9484605234498,18.044361611070844]],[[76.94530647306217,18.050035263438218],[76.94528102291893,18.049981323403006],[76.94531045197961,18.050043695242373],[76.94530647306217,18.050035263438218]],[[76.95471408002703,18.110339064997188],[76.95469434179789,18.110348272257067],[76.95461748573467,18.11038412184338],[76.95471408002703,18.110339064997188]],[[76.9488915689416,18.11143279654706],[76.94883794385805,18.11145271569951],[76.9488896929998,18.11143349304022],[76.9488915689416,18.11143279654706]],[[76.94862070778417,18.111533407303618],[76.94861937142198,18.11153390316814],[76.9486784542294,18.111511957112324],[76.94862070778417,18.111533407303618]],[[76.94844569199937,18.111598416870986],[76.94844964214964,18.11159694914963],[76.94850346170962,18.111576958057903],[76.94844569199937,18.111598416870986]],[[76.94502608176964,18.112842411038834],[76.94494548345665,18.112871307015162],[76.9448932216128,18.11289004369189],[76.94502608176964,18.112842411038834]],[[76.94460867795793,18.112992058108865],[76.94453884100797,18.113017095971486],[76.94450718956371,18.113028443470068],[76.94460867795793,18.112992058108865]],[[76.93284561670276,18.112861453165536],[76.93279112105023,18.11288131820313],[76.93286905112741,18.112852910569355],[76.93284561670276,18.112861453165536]],[[76.93254511689663,18.112970992974326],[76.93266214993886,18.11292833138646],[76.9327129936932,18.112909797792543],[76.93254511689663,18.112970992974326]],[[76.92776170882935,18.115245985623314],[76.92768134969829,18.115275343149477],[76.92766193908481,18.115282434234988],[76.92776170882935,18.115245985623314]],[[76.92758123217173,18.115311918085265],[76.92741836036801,18.115371418704154],[76.92746978015211,18.115352633840768],[76.92758123217173,18.115311918085265]],[[76.92688981525764,18.115564507023663],[76.92697902705711,18.115531916367985],[76.92685179613434,18.115578396254485],[76.92688981525764,18.115564507023663]],[[76.92589037264406,18.115929618841246],[76.92597399890158,18.115899068761696],[76.92602284991825,18.11588122286432],[76.92589037264406,18.115929618841246]],[[77.02391981205793,18.16980338928852],[77.02392645682367,18.169780774446917],[77.02394607980126,18.16971399465593],[77.02391981205793,18.16980338928852]],[[77.03317774824565,18.181992783480286],[77.03324894368806,18.18196483809875],[77.03319258867478,18.181986958505817],[77.03317774824565,18.181992783480286]],[[77.15223242513203,18.23905207085476],[77.15224833966124,18.239081952275868],[77.15217346820496,18.238941373648192],[77.15223242513203,18.23905207085476]],[[77.15434354983402,18.243145844836228],[77.15436110837548,18.24317754436761],[77.15432898841048,18.24311955785353],[77.15434354983402,18.243145844836228]],[[77.16904943711006,18.26518474301757],[77.16903950086986,18.265186394683514],[77.16903300065687,18.265187474940458],[77.16904943711006,18.26518474301757]],[[77.17345582145857,18.282432113211595],[77.17337872941002,18.282249979892466],[77.17349196295048,18.28251749858479],[77.17345582145857,18.282432113211595]],[[77.1889944697904,18.28424130244899],[77.18905770326941,18.28415925145701],[77.18900588992427,18.284226484052926],[77.1889944697904,18.28424130244899]],[[77.18960935779805,18.283443035636683],[77.18974619015212,18.283265084527805],[77.18968080943519,18.283350112782806],[77.18960935779805,18.283443035636683]],[[77.19072322155185,18.282191670164895],[77.19077305273305,18.28215950833461],[77.19095388325982,18.282042798216562],[77.19072322155185,18.282191670164895]],[[77.19442838770452,18.280229981845377],[77.19444991513156,18.28022378866696],[77.19447652990547,18.280216132753754],[77.19442838770452,18.280229981845377]],[[77.19490540158452,18.28009275799799],[77.19490911967416,18.280089626151614],[77.19491725507612,18.280082774489923],[77.19490540158452,18.28009275799799]],[[77.19554490449703,18.279085957473097],[77.19554540132935,18.278936623685215],[77.19554521049277,18.278994107877843],[77.19554490449703,18.279085957473097]],[[77.19554576409833,18.27882739970176],[77.19554589410642,18.278788420285007],[77.19554540132935,18.278936623685215],[77.19554576409833,18.27882739970176]],[[77.19776688227564,18.27678245317148],[77.19777895890782,18.276789556337803],[77.19781630310894,18.276811523474233],[77.19776688227564,18.27678245317148]],[[77.20733510085832,18.318377464026934],[77.20746297044917,18.31826852319956],[77.20736661878044,18.318350612037417],[77.20733510085832,18.318377464026934]],[[77.20769567961943,18.3180702606165],[77.20776930653709,18.318007532580317],[77.20782110582569,18.317963401348837],[77.20769567961943,18.3180702606165]],[[77.20877712454148,18.31724613048783],[77.20888791751611,18.31716478906988],[77.20880633525913,18.3172246848543],[77.20877712454148,18.31724613048783]],[[77.2097103413931,18.316631133627965],[77.20977192357941,18.316595539869105],[77.20978027877322,18.316590711247],[77.2097103413931,18.316631133627965]],[[77.211525539532,18.316457917722527],[77.2116140709654,18.316399455052878],[77.21157566964423,18.31642481398206],[77.211525539532,18.316457917722527]],[[77.21179854829148,18.316291984667288],[77.21179507145979,18.316283396716443],[77.21179396347331,18.316280659382272],[77.21179854829148,18.316291984667288]],[[77.22195107736074,18.34861669325239],[77.22191183683384,18.348644378437942],[77.22177656075542,18.348739818544022],[77.22195107736074,18.34861669325239]],[[77.22098301365403,18.34919746426204],[77.22097414542162,18.349201132037873],[77.22099353366431,18.349193113098742],[77.22098301365403,18.34919746426204]],[[77.22392612033438,18.35471979297458],[77.22393543177736,18.354734644487735],[77.22394940869636,18.3547569379916],[77.22392612033438,18.35471979297458]],[[77.23699321260116,18.383055730138274],[77.23718724982565,18.382739678672912],[77.23705171371334,18.382960442707457],[77.23699321260116,18.383055730138274]],[[77.24042179179324,18.409773013593913],[77.24049045676927,18.409914183118314],[77.24045821220844,18.40984789132347],[77.24042179179324,18.409773013593913]],[[77.24122318222122,18.411560553208115],[77.24117488801451,18.41145632587049],[77.24113833753093,18.411377442658228],[77.24122318222122,18.411560553208115]],[[77.27004465452322,18.422447398027533],[77.27284087474023,18.422942893589205],[77.26765769263774,18.422420948219894],[77.27004465452322,18.422447398027533]],[[77.27284087474023,18.422942893589205],[77.27335194972517,18.42324882053696],[77.27341781252856,18.423755073211428],[77.27284087474023,18.422942893589205]],[[77.27487990216385,18.425813318366547],[77.27535999218523,18.42622472275082],[77.27693530577262,18.42778185562596],[77.27487990216385,18.425813318366547]],[[77.28717387743879,18.430574423652747],[77.28834263569803,18.43122109482629],[77.29026724623031,18.43237848774206],[77.28717387743879,18.430574423652747]],[[77.3003202525312,18.436385375685134],[77.30053408038222,18.437349408912997],[77.29710464684477,18.43482320433074],[77.3003202525312,18.436385375685134]],[[77.31560972255588,18.441701892868227],[77.31672152936724,18.442307597670975],[77.31601400296198,18.442319251729902],[77.31560972255588,18.441701892868227]],[[77.31560972255588,18.441701892868227],[77.31499692996206,18.44082118313887],[77.31449914715877,18.440097092823827],[77.31560972255588,18.441701892868227]],[[77.3112669786386,18.43753915075853],[77.31113908780058,18.437285378471806],[77.31125201665589,18.437127786404496],[77.3112669786386,18.43753915075853]],[[77.31235658274547,18.431730337038207],[77.31237902883159,18.43143448292169],[77.31243444847202,18.431107998613058],[77.31235658274547,18.431730337038207]],[[77.31244066206594,18.431071395513978],[77.31260274527239,18.430417110249326],[77.31243444847202,18.431107998613058],[77.31244066206594,18.431071395513978]],[[77.31300599365038,18.42939398839388],[77.31359402749257,18.428216150362474],[77.31295309487814,18.429513921892813],[77.31300599365038,18.42939398839388]],[[77.31359402749257,18.428216150362474],[77.3138079103549,18.427876431546856],[77.31442048989555,18.427293642620462],[77.31359402749257,18.428216150362474]],[[77.31589394874234,18.424091475847717],[77.31686523710181,18.422132939194142],[77.31564459510136,18.424939701524874],[77.31589394874234,18.424091475847717]],[[77.31692458845012,18.422217267399635],[77.31695627774776,18.42249850109945],[77.31686523710181,18.422132939194142],[77.31692458845012,18.422217267399635]],[[77.31826092854139,18.423264415333644],[77.3204662434817,18.423176388689335],[77.31723552152432,18.42361976826469],[77.31826092854139,18.423264415333644]],[[77.3204662434817,18.423176388689335],[77.32240665566984,18.42327682472191],[77.32324458810622,18.423581783519293],[77.3204662434817,18.423176388689335]],[[77.32511483351246,18.421654379149793],[77.3252249440286,18.421515799465705],[77.32528152755073,18.421482590561695],[77.32511483351246,18.421654379149793]],[[77.32551597178121,18.421344995107642],[77.32579432426901,18.421247149626865],[77.32528152755073,18.421482590561695],[77.32551597178121,18.421344995107642]],[[77.32626265605961,18.4212449738062],[77.32656760431749,18.42127997054357],[77.32705077204699,18.42155027900246],[77.32626265605961,18.4212449738062]],[[77.33161742557026,18.4221899560521],[77.33091618210985,18.423034081531817],[77.33113848992022,18.422676094524853],[77.33161742557026,18.4221899560521]],[[77.33193378478593,18.421995012552735],[77.33236444534067,18.42193266263235],[77.33312512358165,18.42192934231592],[77.33193378478593,18.421995012552735]],[[77.33312512358165,18.42192934231592],[77.33439372913199,18.422171898385187],[77.33486781073263,18.42290322576582],[77.33312512358165,18.42192934231592]],[[77.33665992443605,18.424140561412695],[77.33727778330191,18.42503896077507],[77.33625315895641,18.423882376778415],[77.33665992443605,18.424140561412695]],[[77.33956425571533,18.426941682687726],[77.33981862940665,18.427146560164477],[77.33999187157067,18.427603026403418],[77.33956425571533,18.426941682687726]],[[77.34181529277845,18.430992362405494],[77.3419961467429,18.434064130630503],[77.3418438387251,18.43626441412428],[77.34181529277845,18.430992362405494]],[[77.34378131119531,18.434725936475445],[77.34405144766161,18.434503121738977],[77.34433220626312,18.434288490389527],[77.34378131119531,18.434725936475445]],[[77.34697426814466,18.433731007659883],[77.34721331329028,18.433769523405758],[77.34738377626002,18.4338350612251],[77.34697426814466,18.433731007659883]],[[77.34738377626002,18.4338350612251],[77.34758240126177,18.43421227285761],[77.3475928699736,18.43510126877031],[77.34738377626002,18.4338350612251]],[[77.35107415519114,18.44220444561861],[77.35348513410892,18.447666556403437],[77.35043526953936,18.442066558567912],[77.35107415519114,18.44220444561861]],[[77.35348513410892,18.447666556403437],[77.35729318643776,18.44835138715208],[77.35730951591961,18.449002310049412],[77.35348513410892,18.447666556403437]],[[77.36716637506146,18.449213651416194],[77.36713420626079,18.449050148853516],[77.36713900499956,18.44887391475819],[77.36716637506146,18.449213651416194]],[[77.36719817919753,18.44839509026554],[77.36728951360908,18.44800814949732],[77.36713900499956,18.44887391475819],[77.36719817919753,18.44839509026554]],[[77.3640579901164,18.44192116418595],[77.36364870307277,18.440610070865507],[77.36406271748201,18.44192579942335],[77.3640579901164,18.44192116418595]],[[77.3629588203979,18.439499841190504],[77.36249868814065,18.438749752621955],[77.36234318545965,18.438269382913017],[77.3629588203979,18.439499841190504]],[[77.36194433681896,18.437472211438646],[77.3618652309729,18.437039238817597],[77.36200216927371,18.435810692202047],[77.36194433681896,18.437472211438646]],[[77.36200216927371,18.435810692202047],[77.36229165092041,18.435463498334073],[77.36329378547391,18.4350267819707],[77.36200216927371,18.435810692202047]],[[77.3634884224927,18.43176307176048],[77.3621492674708,18.429888425288613],[77.36510052646491,18.428081613519737],[77.3634884224927,18.43176307176048]],[[77.3655781338683,18.425150044773844],[77.36544393742429,18.42449229128449],[77.36553137927407,18.42404546343606],[77.3655781338683,18.425150044773844]],[[77.36554539008306,18.42400866955355],[77.36587469121037,18.423143874989183],[77.3664143631811,18.42178859888864],[77.36554539008306,18.42400866955355]],[[77.36736047044715,18.41869694538273],[77.3706456221087,18.41879136650689],[77.36675522749702,18.420288779742517],[77.36736047044715,18.41869694538273]],[[77.36837668479771,18.41272642189026],[77.36885991484057,18.41100723113572],[77.3684784272353,18.413022332463047],[77.36837668479771,18.41272642189026]],[[77.3693494008159,18.410040782490107],[77.3696024256396,18.409635821110978],[77.36887464706969,18.41097814284566],[77.3693494008159,18.410040782490107]],[[77.36967476605284,18.40952004176068],[77.37049944350366,18.407788716562784],[77.3722505365127,18.406862700695548],[77.36967476605284,18.40952004176068]],[[77.37370832756736,18.401220304903006],[77.37261269519952,18.40498113087487],[77.37283283513611,18.401102708659508],[77.37370832756736,18.401220304903006]],[[77.38079964277453,18.40094911729695],[77.38176502452367,18.400926537224162],[77.38039985087265,18.400966473377753],[77.38079964277453,18.40094911729695]],[[77.38385431149206,18.39951022858647],[77.39250245407551,18.399857565118158],[77.38236130729753,18.400949137666416],[77.38385431149206,18.39951022858647]],[[77.39503197622884,18.4016147822432],[77.39543208871412,18.401823517790746],[77.39448314443425,18.401533446342686],[77.39503197622884,18.4016147822432]],[[77.40006937729625,18.400773881673963],[77.4021478293626,18.399756412144104],[77.40013337793727,18.40159829268242],[77.40006937729625,18.400773881673963]],[[77.40421460944856,18.39865453670777],[77.40486283690372,18.398196009221174],[77.40707742309833,18.397556431274733],[77.40421460944856,18.39865453670777]],[[77.40726501065973,18.397419312353026],[77.40816566545303,18.39653745028066],[77.40904331115216,18.396119446604043],[77.40726501065973,18.397419312353026]],[[77.41221352408085,18.394146960999954],[77.41321664423162,18.393688206907598],[77.41179480704898,18.394445164915457],[77.41221352408085,18.394146960999954]],[[77.4136140777824,18.393487134886406],[77.41365401115878,18.393476903071267],[77.41321664423162,18.393688206907598],[77.4136140777824,18.393487134886406]],[[77.41406051638353,18.391757491327077],[77.41377913457377,18.39054157739709],[77.41362720259777,18.389507383213218],[77.41406051638353,18.391757491327077]],[[77.4129766795244,18.388373343031127],[77.41330687373299,18.38627346422044],[77.41335133088329,18.388982201557127],[77.4129766795244,18.388373343031127]],[[77.41012958987189,18.37887956930062],[77.40990001008923,18.37852946032429],[77.4099125137151,18.37847392091899],[77.41012958987189,18.37887956930062]],[[77.4099125137151,18.37847392091899],[77.40983987418275,18.378123452831144],[77.40990370610193,18.37790204424715],[77.4099125137151,18.37847392091899]],[[77.40609544366723,18.375039898828415],[77.4025940019174,18.37392736635501],[77.40214558118481,18.373157494299754],[77.40609544366723,18.375039898828415]],[[77.40071769037552,18.371535618977862],[77.39923661924414,18.371163613417995],[77.39813168723182,18.37088607339224],[77.40071769037552,18.371535618977862]],[[77.39645713588367,18.370465437937487],[77.39617082770569,18.370153782562554],[77.39813168723182,18.37088607339224],[77.39645713588367,18.370465437937487]],[[77.39617082770569,18.370153782562554],[77.39497135180069,18.36868352423074],[77.3950028683013,18.368610387406406],[77.39617082770569,18.370153782562554]],[[77.3950028683013,18.368610387406406],[77.39486983063097,18.368454658031037],[77.39644327812739,18.36510326703022],[77.3950028683013,18.368610387406406]],[[77.39750145012312,18.36292443990321],[77.39750284651842,18.36292111253682],[77.39817447442103,18.361538650444245],[77.39750145012312,18.36292443990321]],[[77.39562869621211,18.347733589510092],[77.3953595067748,18.347799355665437],[77.394910096666,18.347817423540548],[77.39562869621211,18.347733589510092]],[[77.394910096666,18.347817423540548],[77.39433995601647,18.34742905923543],[77.39427970264327,18.347242224853257],[77.394910096666,18.347817423540548]],[[77.39407580961421,18.346694126241136],[77.39381073985471,18.345408990976527],[77.39381065956422,18.34480361909436],[77.39407580961421,18.346694126241136]],[[77.39385080449776,18.344570895087177],[77.39389100209691,18.34383002866539],[77.39448806949147,18.342339639707713],[77.39385080449776,18.344570895087177]],[[77.39486918126063,18.341529241701362],[77.39419511286633,18.341996825774633],[77.39239838694742,18.342673071913985],[77.39486918126063,18.341529241701362]],[[77.39016005742563,18.343709284810835],[77.38746354684555,18.342681683062406],[77.38741821299043,18.34260644316536],[77.39016005742563,18.343709284810835]],[[77.38128564704958,18.340139764521478],[77.38486933069923,18.34158121594822],[77.38242783564151,18.342252764999095],[77.38128564704958,18.340139764521478]],[[77.38128564704958,18.340139764521478],[77.38051204060001,18.335231472378446],[77.3805120466252,18.334452208339222],[77.38128564704958,18.340139764521478]],[[77.3809400333437,18.331021951703104],[77.38046631728643,18.331209784539812],[77.37868413776812,18.33191641866116],[77.3809400333437,18.331021951703104]],[[77.37868413776812,18.33191641866116],[77.37561816054736,18.332052485891975],[77.3749666623837,18.330987025694515],[77.37868413776812,18.33191641866116]],[[77.37287940613147,18.327557569477886],[77.37248443399731,18.326827994892128],[77.3721380695362,18.326116482556266],[77.37287940613147,18.327557569477886]],[[77.36859712280123,18.324035208074527],[77.36984102933083,18.324981945909293],[77.36888015457733,18.32494409231196],[77.36859712280123,18.324035208074527]],[[77.36739259807166,18.32361588197142],[77.3657448941189,18.32284630957665],[77.36837954320184,18.323944514063736],[77.36739259807166,18.32361588197142]],[[77.36237657193094,18.321639212208897],[77.36090077397856,18.32120761364537],[77.36275016109826,18.321740875439577],[77.36237657193094,18.321639212208897]],[[77.3579304942943,18.320475587740663],[77.35716656258744,18.320319600856518],[77.35710483389356,18.32028835363213],[77.3579304942943,18.320475587740663]],[[77.35677227969774,18.320003976305106],[77.35665032523087,18.31983661312396],[77.35690585763686,18.319050573815176],[77.35677227969774,18.320003976305106]],[[77.3573033781329,18.318090611776057],[77.35760922560458,18.317418294898403],[77.35722701222527,18.31830528274744],[77.3573033781329,18.318090611776057]],[[77.35782854578628,18.316909327010972],[77.35795617751367,18.31667433719501],[77.35821425607526,18.316388247856562],[77.35782854578628,18.316909327010972]],[[77.35874629186593,18.31564895289647],[77.35900369590404,18.315375666414706],[77.3584718878521,18.316008160326067],[77.35874629186593,18.31564895289647]],[[77.35953688191852,18.315055056473373],[77.3596710366548,18.314955614494384],[77.35998704499009,18.314794832562768],[77.35953688191852,18.315055056473373]],[[77.36292076467966,18.311718979665926],[77.36310524329895,18.311434376430654],[77.36319517334057,18.31131922781505],[77.36292076467966,18.311718979665926]],[[77.3645929615693,18.30893176391818],[77.36537553106474,18.307601062815582],[77.36381948078623,18.310248815340497],[77.3645929615693,18.30893176391818]],[[77.3655062005254,18.307450786263274],[77.36578968361962,18.30712476275561],[77.36693191385301,18.307314663326306],[77.3655062005254,18.307450786263274]],[[77.36945528435895,18.30782747265914],[77.37218910173242,18.30847588125825],[77.36811906682202,18.307557194128066],[77.36945528435895,18.30782747265914]],[[77.37300732896061,18.30864299141334],[77.37326279678906,18.30871794998028],[77.37218910173242,18.30847588125825],[77.37300732896061,18.30864299141334]],[[77.37954878487668,18.309162608760328],[77.38175997116463,18.309250600229408],[77.37806125682594,18.30913322376165],[77.37954878487668,18.309162608760328]],[[77.38388593115471,18.30928210737468],[77.38477279630561,18.30932279091981],[77.38175997116463,18.309250600229408],[77.38388593115471,18.30928210737468]],[[77.38561426045854,18.30883138468079],[77.38562675533738,18.308809103578074],[77.38552726237957,18.309001954869004],[77.38561426045854,18.30883138468079]],[[77.3857102451794,18.308664599170704],[77.38618928877125,18.307938123429874],[77.38750415141408,18.306993814025358],[77.3857102451794,18.308664599170704]],[[77.3947523524342,18.303645598424957],[77.39485386414974,18.30358920687233],[77.395123441494,18.303512433844137],[77.3947523524342,18.303645598424957]],[[77.40479993244183,18.30290400905198],[77.40899519117285,18.301468678888718],[77.4101374223565,18.301604038020823],[77.40479993244183,18.30290400905198]],[[77.42274495611734,18.307488654316703],[77.42724464251977,18.309833519068462],[77.42830778840826,18.312364743150987],[77.42274495611734,18.307488654316703]],[[77.43808703403333,18.307679988692353],[77.436667854252,18.30031224182156],[77.43661526778244,18.298618074650957],[77.43808703403333,18.307679988692353]],[[77.43657116845455,18.29659355913806],[77.43651969570486,18.29651114245798],[77.43652174705217,18.296442467080876],[77.43657116845455,18.29659355913806]],[[77.43734187163363,18.291504401416276],[77.4373461421748,18.291497931327086],[77.43736400393523,18.29147087104077],[77.43734187163363,18.291504401416276]],[[77.43813978549677,18.29021708683891],[77.43789569292264,18.28859088134706],[77.43802893109601,18.287937450976298],[77.43813978549677,18.29021708683891]],[[77.4380727541996,18.287727904706617],[77.43810886970323,18.28755715497475],[77.43802893109601,18.287937450976298],[77.4380727541996,18.287727904706617]],[[77.43810886970323,18.28755715497475],[77.43942186726436,18.28492427596733],[77.43996301704676,18.28405891400938],[77.43810886970323,18.28755715497475]],[[77.44111329204864,18.282724253045085],[77.44257758188164,18.282452090434646],[77.44335379961241,18.282775608503467],[77.44111329204864,18.282724253045085]],[[77.44602260493761,18.279249053326044],[77.44556880422547,18.276892069360965],[77.44614228384032,18.275400796867306],[77.44602260493761,18.279249053326044]],[[77.44926378213064,18.269673796028403],[77.44756225169151,18.270095874113643],[77.44783570267829,18.269787281322586],[77.44926378213064,18.269673796028403]],[[77.45132414530133,18.268058267367895],[77.45131050889455,18.268017321010404],[77.45131118725753,18.268002686409453],[77.45132414530133,18.268058267367895]],[[77.4513199297448,18.267813977800802],[77.4517382277497,18.267375588902947],[77.45131118725753,18.268002686409453],[77.4513199297448,18.267813977800802]],[[77.4517382277497,18.267375588902947],[77.45364813693553,18.266315502001326],[77.4564459923923,18.26602480215565],[77.4517382277497,18.267375588902947]],[[77.45780738799579,18.2657480438335],[77.45789852636234,18.265703892588117],[77.45797884892161,18.265664981417448],[77.45780738799579,18.2657480438335]],[[77.45954167588857,18.264742117452332],[77.45954166625452,18.264729558262594],[77.46063116989747,18.26393174754209],[77.45954167588857,18.264742117452332]],[[77.4620375893036,18.263298596660864],[77.46503748299052,18.262536027917935],[77.46900079074126,18.264054264740626],[77.4620375893036,18.263298596660864]],[[77.47538246633967,18.264645202612694],[77.47595473337427,18.264877492989015],[77.47451718981029,18.264762990211306],[77.47538246633967,18.264645202612694]],[[77.47812188523048,18.266708141286365],[77.47836507961941,18.26673745834937],[77.47842608675482,18.26696510805175],[77.47812188523048,18.266708141286365]],[[77.47846268518474,18.266969518560472],[77.47847322914457,18.26700886762924],[77.47842608675482,18.26696510805175],[77.47846268518474,18.266969518560472]],[[77.49274984336445,18.267271311021616],[77.49275917026131,18.267406131430953],[77.4926671126705,18.26720350521858],[77.49274984336445,18.267271311021616]],[[77.4974045433561,18.27511327839807],[77.49751227247539,18.275151519353003],[77.49828809955288,18.276226876477693],[77.4974045433561,18.27511327839807]],[[77.50084038403593,18.276670328628935],[77.5009851310982,18.276665791734732],[77.50116697594872,18.276660092293895],[77.50084038403593,18.276670328628935]],[[77.50522057033984,18.277023707096003],[77.50817405038049,18.279310088199146],[77.50269628232014,18.276726273898323],[77.50522057033984,18.277023707096003]],[[77.50818735758698,18.279328073897087],[77.50822967679552,18.279385269312396],[77.50831167986516,18.279496100472652],[77.50818735758698,18.279328073897087]],[[77.5088965382401,18.280286555698794],[77.50944033958768,18.28143518766505],[77.5096156075912,18.281813031353586],[77.5088965382401,18.280286555698794]],[[77.5096156075912,18.281813031353586],[77.5106572716473,18.281858600906876],[77.5115575242321,18.28204933922024],[77.5096156075912,18.281813031353586]],[[77.51157867078034,18.28226484865086],[77.51165385473386,18.282280779954455],[77.51174846922672,18.28346574831459],[77.51157867078034,18.28226484865086]],[[77.51217813611106,18.284531312447506],[77.51228878266272,18.284548290156653],[77.51222570878608,18.28500454761475],[77.51217813611106,18.284531312447506]],[[77.51194449408747,18.289034313319636],[77.5119116001526,18.289624157205303],[77.51188717252823,18.290062171927616],[77.51194449408747,18.289034313319636]],[[77.51087503918698,18.2919084428844],[77.51023155508689,18.292479125480032],[77.51165557344137,18.291216206317603],[77.51087503918698,18.2919084428844]],[[77.5110860305319,18.295301170287697],[77.51034321725416,18.297659279831333],[77.51071603659673,18.294272923823787],[77.5110860305319,18.295301170287697]],[[77.51028104422174,18.298224003808418],[77.51026390742095,18.298872491800033],[77.51013440272527,18.29955596343558],[77.51028104422174,18.298224003808418]],[[77.51005957166585,18.299770564577077],[77.5098912435713,18.300253290976435],[77.51013440272527,18.29955596343558],[77.51005957166585,18.299770564577077]],[[77.5098912435713,18.300253290976435],[77.50999398515292,18.300465863636283],[77.51002738252367,18.300534963783708],[77.5098912435713,18.300253290976435]],[[77.51012184940558,18.301011999246185],[77.51007685671006,18.301523283722446],[77.51009191385153,18.300668479724287],[77.51012184940558,18.301011999246185]],[[77.51007685671006,18.301523283722446],[77.50954009844084,18.3032664333955],[77.5093755860625,18.303542926893513],[77.51007685671006,18.301523283722446]],[[77.50892393094406,18.30455629315418],[77.50893988681104,18.3045984550441],[77.50896203403165,18.30474388009562],[77.50892393094406,18.30455629315418]],[[77.50972688271605,18.306815747222963],[77.50986156228146,18.307328636402385],[77.50930844613069,18.305849437947987],[77.50972688271605,18.306815747222963]],[[77.51231000963938,18.309414524754906],[77.51244140493945,18.309486238306075],[77.51253648050464,18.309558280452453],[77.51231000963938,18.309414524754906]],[[77.51727381983653,18.309192798986448],[77.51735450369551,18.30917688605535],[77.51735488531064,18.30917686313111],[77.51727381983653,18.309192798986448]],[[77.5301826231032,18.301346002749494],[77.53244398813624,18.298899236566406],[77.52944361818673,18.302289746130555],[77.5301826231032,18.301346002749494]],[[77.53244398813624,18.298899236566406],[77.53306245833008,18.29852585627239],[77.53412163555964,18.298143638136402],[77.53244398813624,18.298899236566406]],[[77.53423398555776,18.29809303663277],[77.54048140983468,18.294492715178734],[77.54312598002274,18.294088156367952],[77.53423398555776,18.29809303663277]],[[77.54369274809228,18.293814390971463],[77.54427664988953,18.29356136349098],[77.54312598002274,18.294088156367952],[77.54369274809228,18.293814390971463]],[[77.54433535367228,18.293535925256045],[77.54476087564007,18.293425621191098],[77.54427664988953,18.29356136349098],[77.54433535367228,18.293535925256045]],[[77.54560718749914,18.293195941468873],[77.54592086218551,18.29316303039279],[77.54476087564007,18.293425621191098],[77.54560718749914,18.293195941468873]],[[77.54689838024743,18.292941745715613],[77.54770204111642,18.29267603532573],[77.54875666252825,18.292463468807153],[77.54689838024743,18.292941745715613]],[[77.54977218558766,18.29211885512994],[77.55009426131363,18.292001186448687],[77.55023454446241,18.29196195550019],[77.54977218558766,18.29211885512994]],[[77.55075144221442,18.291817401806686],[77.55126227286884,18.291693180007574],[77.5513037239908,18.291768636911552],[77.55075144221442,18.291817401806686]],[[76.71967138822072,17.648350572319575],[76.7196509541216,17.648294569261637],[76.71967780957972,17.64836817048995],[76.71967138822072,17.648350572319575]],[[76.80979568634707,17.649430988242027],[76.80975332622384,17.649422884694257],[76.80978926037434,17.6494297584592],[76.80979568634707,17.649430988242027]],[[76.82637390322381,17.6501860265802],[76.82636971164781,17.65018734238525],[76.82636249147704,17.6501896069885],[76.82637390322381,17.6501860265802]],[[76.9083574544987,17.63642325563774],[76.90835616216768,17.636419270681124],[76.90835573026403,17.63641793592547],[76.9083574544987,17.63642325563774]],[[76.9287408563263,17.63298942683456],[76.92874082626152,17.632989152280132],[76.92874094031706,17.632990187154366],[76.9287408563263,17.63298942683456]],[[76.98697701750936,17.658773156188648],[76.9869520588607,17.658676885769328],[76.98701867358018,17.65893382960552],[76.98697701750936,17.658773156188648]],[[76.97713877719255,17.68016739017866],[76.97713862954127,17.680164040160765],[76.9771413795909,17.680226322132487],[76.97713877719255,17.68016739017866]],[[77.05291245283647,17.671059356787342],[77.05290023393644,17.671062167215762],[77.05288948561967,17.67106463882939],[77.05291245283647,17.671059356787342]],[[77.21435625307635,17.629278573257256],[77.21434937847505,17.6292179655873],[77.21435506900654,17.629268128934736],[77.21435625307635,17.629278573257256]],[[77.23154590075711,17.631652486753268],[77.23154482124689,17.63165453312715],[77.23151451986732,17.631711952020378],[77.23154590075711,17.631652486753268]],[[77.40649904973084,17.583447059531924],[77.40649922728525,17.58344701411913],[77.40646989391641,17.58345458809382],[77.40649904973084,17.583447059531924]],[[77.26749518944257,18.455289366241868],[77.26781909664608,18.45462251436457],[77.26752260434478,18.456147311835107],[77.26749518944257,18.455289366241868]],[[77.27215032457694,18.472962378316403],[77.27094504016306,18.4667549869949],[77.27503035432736,18.477726466324015],[77.27215032457694,18.472962378316403]],[[76.7121430543237,25.344388875853998],[76.75566336144789,25.322777547768943],[76.76081667746269,25.34083517899118],[76.73380988974779,25.3519893377948],[76.7121430543237,25.344388875853998]],[[77.91835955782749,18.09935057783969],[77.92718188305209,18.09660491901419],[77.92712932178884,18.097716119441014],[77.91835955782749,18.09935057783969]],[[78.06518789663333,17.452394124286307],[78.06624505797413,17.453449809486628],[78.06455036672554,17.452046957942454],[78.06518789663333,17.452394124286307]],[[78.0678150402955,17.454413540484747],[78.06812842765358,17.454588903533168],[78.06763705770246,17.454330157029496],[78.0678150402955,17.454413540484747]],[[78.06812842765358,17.454588903533168],[78.07028688365409,17.45604224154027],[78.06982480849624,17.456552219236542],[78.06812842765358,17.454588903533168]],[[78.06982480849624,17.456552219236542],[78.0690191108182,17.457046859641054],[78.06859892198679,17.457269681902535],[78.06982480849624,17.456552219236542]],[[78.06859892198679,17.457269681902535],[78.06778196314744,17.45745831208996],[78.06789646223366,17.456836465292078],[78.06859892198679,17.457269681902535]],[[78.06620960780873,17.4581876579698],[78.06685156664237,17.45715234216745],[78.06653739989518,17.45776963756305],[78.06620960780873,17.4581876579698]],[[78.06528947905352,17.45879513635404],[78.06528469519037,17.45879172335584],[78.0653564666104,17.458769933143415],[78.06528947905352,17.45879513635404]],[[78.06509916547469,17.458848051235595],[78.06479121404233,17.45896634062848],[78.06447851125154,17.45903648539731],[78.06509916547469,17.458848051235595]],[[78.06366003774939,17.461181680510606],[78.06365818452042,17.46119591232006],[78.06369047759208,17.460680436882004],[78.06366003774939,17.461181680510606]],[[78.06358249549116,17.462757287193682],[78.06352988586286,17.463243868841737],[78.06356681051867,17.46265446213152],[78.06358249549116,17.462757287193682]],[[78.06350448612886,17.464827411839018],[78.06338913427398,17.467362842461295],[78.06349576714976,17.46424232349734],[78.06350448612886,17.464827411839018]],[[78.06338913427398,17.467362842461295],[78.06304487260506,17.468805498462704],[78.06220431030567,17.469065420142744],[78.06338913427398,17.467362842461295]],[[78.06202510535832,17.469994484502173],[78.06147843456077,17.471484311053356],[78.06198790026525,17.4695209100742],[78.06202510535832,17.469994484502173]],[[78.06076016279853,17.472498571953174],[78.05966504031521,17.472797715896483],[78.06097255201303,17.47229387013264],[78.06076016279853,17.472498571953174]],[[78.05966504031521,17.472797715896483],[78.05734696633431,17.472985569658633],[78.05644736824043,17.472735730915353],[78.05966504031521,17.472797715896483]],[[78.05644736824043,17.472735730915353],[78.05596599058349,17.47248491842351],[78.05579853594422,17.472217258852496],[78.05644736824043,17.472735730915353]],[[78.05468813403229,17.47253764845003],[78.05391076955328,17.47211760224556],[78.05531485496861,17.47210975147463],[78.05468813403229,17.47253764845003]],[[78.05327872296785,17.47257827497977],[78.05327094422458,17.472580260412695],[78.05327847168357,17.47257438797771],[78.05327872296785,17.47257827497977]],[[78.05312410868116,17.47320248476343],[78.05322124825942,17.473662613600794],[78.05305429437146,17.472900435456665],[78.05312410868116,17.47320248476343]],[[78.053383481824,17.47425869319834],[78.0531923957961,17.47545393343712],[78.05238608383324,17.474976115160885],[78.053383481824,17.47425869319834]],[[78.05077381347692,17.479094695609213],[78.05142249255307,17.480086204285417],[78.0517448241616,17.48069086783791],[78.05077381347692,17.479094695609213]],[[78.05410498336934,17.48324365692909],[78.05337842040844,17.483376215180876],[78.05367065500262,17.483316048721424],[78.05410498336934,17.48324365692909]],[[78.05986477633094,17.484745005564637],[78.054501632405,17.483192205275508],[78.05662544423453,17.483481712049375],[78.05986477633094,17.484745005564637]],[[78.06328581029614,17.485429430901764],[78.0637193250154,17.485873032194725],[78.06375274638413,17.486117205790393],[78.06328581029614,17.485429430901764]],[[78.06603785575943,17.494507769957636],[78.06543146096915,17.492735710343858],[78.06575550992119,17.493485874016976],[78.06603785575943,17.494507769957636]],[[78.06589968054713,17.497996078188955],[78.06584909711192,17.499285397786412],[78.06594107021826,17.49681412783211],[78.06589968054713,17.497996078188955]],[[78.06577487086211,17.499721489803015],[78.06550741571971,17.500097387426692],[78.06584909711192,17.499285397786412],[78.06577487086211,17.499721489803015]],[[78.06550741571971,17.500097387426692],[78.06565968105275,17.502242585550785],[78.06551898046246,17.502317726169778],[78.06550741571971,17.500097387426692]],[[78.06551898046246,17.502317726169778],[78.06322511156156,17.503164830363364],[78.06247586927047,17.503423981323476],[78.06551898046246,17.502317726169778]],[[78.06138859377653,17.503826538437252],[78.06051303708286,17.50413752515622],[78.0616915977914,17.503709085715293],[78.06138859377653,17.503826538437252]],[[78.05847041766431,17.50698067786467],[78.05840426823532,17.50737332666783],[78.05848436460184,17.506802583773833],[78.05847041766431,17.50698067786467]],[[78.05832145712226,17.507969157886695],[78.05828409203507,17.508206569274613],[78.05840426823532,17.50737332666783],[78.05832145712226,17.507969157886695]],[[78.06595068558285,17.50793876465952],[78.0668710629218,17.507818179883923],[78.06548763860884,17.50804201415476],[78.06595068558285,17.50793876465952]],[[78.0668710629218,17.507818179883923],[78.06810727532648,17.509206696621735],[78.06871968181441,17.509973318409806],[78.0668710629218,17.507818179883923]],[[78.06911857074432,17.51049325085974],[78.06941982784433,17.510899069806747],[78.06871968181441,17.509973318409806],[78.06911857074432,17.51049325085974]],[[78.06986015587427,17.511491894685484],[78.07006152925032,17.511797254563096],[78.06941982784433,17.510899069806747],[78.06986015587427,17.511491894685484]],[[78.07102300289358,17.513096664706286],[78.0716246368739,17.513985124851207],[78.07065096491398,17.51262228334282],[78.07102300289358,17.513096664706286]],[[78.0712707740365,17.51630959704382],[78.07120401799283,17.516661282546806],[78.07135233917275,17.515804126510666],[78.0712707740365,17.51630959704382]],[[78.08229885333289,17.515042253049145],[78.08274736423824,17.510761166959945],[78.08218444035248,17.516682187335263],[78.08229885333289,17.515042253049145]],[[78.08092125533568,17.50216802291506],[78.08073968330129,17.501989633637727],[78.08118157693359,17.502389051095115],[78.08092125533568,17.50216802291506]],[[78.08148364280396,17.50202975813287],[78.08198639079018,17.502076093831402],[78.08073968330129,17.501989633637727],[78.08148364280396,17.50202975813287]],[[78.08343068475972,17.500261350873462],[78.08339986906844,17.499852371961104],[78.08344366911983,17.500313231795957],[78.08343068475972,17.500261350873462]],[[78.08339986906844,17.499852371961104],[78.08354431770792,17.49875792338136],[78.08426530127069,17.49851050252754],[78.08339986906844,17.499852371961104]],[[78.08509795122212,17.498286221400043],[78.08623733109881,17.498030605920977],[78.08426530127069,17.49851050252754],[78.08509795122212,17.498286221400043]],[[78.09416523072063,17.496892612616517],[78.09642310563811,17.49608048340279],[78.09316046636373,17.497265093204568],[78.09416523072063,17.496892612616517]],[[78.0995923518815,17.495194544737107],[78.10052815505367,17.495057708020077],[78.0990825262385,17.495316102356973],[78.0995923518815,17.495194544737107]],[[78.10417522283109,17.49397853712069],[78.10643504434918,17.49277156268351],[78.10845099787969,17.492342239234567],[78.10417522283109,17.49397853712069]],[[78.11065997134976,17.484419085534338],[78.11066015290751,17.48441893127608],[78.11061887166295,17.484547626397813],[78.11065997134976,17.484419085534338]],[[78.11066015290751,17.48441893127608],[78.11261631614202,17.48445434997195],[78.11394136901288,17.485204681078983],[78.11066015290751,17.48441893127608]],[[78.11475923500784,17.485438753893835],[78.11548772483975,17.485657190407213],[78.11394136901288,17.485204681078983],[78.11475923500784,17.485438753893835]],[[78.11749203972356,17.484349970428934],[78.11769442205639,17.484019253538534],[78.1177536298001,17.484004550085988],[78.11749203972356,17.484349970428934]],[[78.11775482772953,17.48400425225553],[78.11799434368871,17.4839447656654],[78.1177536298001,17.484004550085988],[78.11775482772953,17.48400425225553]],[[78.12515908239702,17.48617733843353],[78.12361034755965,17.486405181333065],[78.12441949816743,17.486188130136107],[78.12515908239702,17.48617733843353]],[[78.12757122713705,17.486670964402048],[78.12638188858881,17.486309719424582],[78.12725554437223,17.48632236276966],[78.12757122713705,17.486670964402048]],[[78.12757122713705,17.486670964402048],[78.12771880584135,17.48726082399824],[78.12773659165775,17.487554944549547],[78.12757122713705,17.486670964402048]],[[78.12851742218174,17.488247140821954],[78.12872560449996,17.4883074912078],[78.12838538284757,17.488234656121083],[78.12851742218174,17.488247140821954]],[[78.12872560449996,17.4883074912078],[78.12894707254806,17.488948590469928],[78.12907529345549,17.489344651817873],[78.12872560449996,17.4883074912078]],[[78.13650408138012,17.48905057778096],[78.13670506458075,17.48898304969527],[78.1364585363213,17.489072393760548],[78.13650408138012,17.48905057778096]],[[78.1425902940722,17.48624979640822],[78.14466460323042,17.48494649225366],[78.14093715253172,17.487365620747916],[78.1425902940722,17.48624979640822]],[[78.15311600048337,17.46692688185254],[78.16363743791959,17.464117121609746],[78.1505915234296,17.46790131877527],[78.15311600048337,17.46692688185254]],[[78.16363743791959,17.464117121609746],[78.16942858239986,17.463418411299923],[78.17098983884146,17.464358093105776],[78.16363743791959,17.464117121609746]],[[78.1778346009595,17.468949512428576],[78.17897686263169,17.46946029917307],[78.17901269255469,17.470228074759483],[78.1778346009595,17.468949512428576]],[[78.18098844447327,17.470262954895727],[78.1810770523855,17.470328720681927],[78.17932267731865,17.47056449583572],[78.18098844447327,17.470262954895727]],[[78.18114245028075,17.47093173118272],[78.18113772128982,17.470991876648146],[78.18110338823008,17.470558459133414],[78.18114245028075,17.47093173118272]],[[78.18159752172137,17.471934491622033],[78.18166050934417,17.472039459170976],[78.18117216745571,17.471426722005017],[78.18159752172137,17.471934491622033]],[[78.18853325992896,17.47598932442353],[78.18922856351811,17.476429225115623],[78.18756477918947,17.475547460964588],[78.18853325992896,17.47598932442353]],[[78.18922856351811,17.476429225115623],[78.19218099796392,17.478714473586468],[78.19289443366262,17.479434162099437],[78.18922856351811,17.476429225115623]],[[78.19322329352558,17.48087952018989],[78.19333760211039,17.481218018533063],[78.19312270932903,17.480620061264982],[78.19322329352558,17.48087952018989]],[[78.19333760211039,17.481218018533063],[78.19363968572404,17.481974898157524],[78.1937038131596,17.482176499649782],[78.19333760211039,17.481218018533063]],[[78.1937038131596,17.482176499649782],[78.19354928603134,17.48299860350265],[78.19303565824875,17.483858636101175],[78.1937038131596,17.482176499649782]],[[78.19125700958593,17.485869111646352],[78.19274714581856,17.484234426405827],[78.19212107556473,17.48504987943395],[78.19125700958593,17.485869111646352]],[[78.2024547969724,17.487725964847016],[78.20271607861918,17.488711629218066],[78.20009226979401,17.488359259641364],[78.2024547969724,17.487725964847016]],[[78.20793978201696,17.48902887143703],[78.2082994125471,17.48846767415353],[78.21025866960805,17.487828612319756],[78.20793978201696,17.48902887143703]],[[78.21431616548216,17.480366547264175],[78.21442562151694,17.479884623746678],[78.21412994696878,17.481210474254613],[78.21431616548216,17.480366547264175]],[[78.21470395829745,17.478443842153037],[78.21492526431952,17.477644147967684],[78.21456405412937,17.479263870453366],[78.21470395829745,17.478443842153037]],[[78.21533746267248,17.469564999815827],[78.21498710609706,17.465237506469595],[78.21505311000078,17.464335284030938],[78.21533746267248,17.469564999815827]],[[78.21527062730397,17.463291828530963],[78.21544274399986,17.462778156176515],[78.21519590562953,17.46378536205068],[78.21527062730397,17.463291828530963]],[[78.21565737022622,17.462415602622027],[78.21605501027459,17.461804737201085],[78.21544274399986,17.462778156176515],[78.21565737022622,17.462415602622027]],[[78.21605501027459,17.461804737201085],[78.21730551853138,17.459621719056106],[78.21777638085005,17.45901441675505],[78.21605501027459,17.461804737201085]],[[78.21867168099216,17.449018622728364],[78.21903128680779,17.454485543507637],[78.21870273835896,17.450724458448523],[78.21867168099216,17.449018622728364]],[[78.2186662082798,17.44871803609444],[78.21866201158672,17.448487517155495],[78.21867168099216,17.449018622728364],[78.2186662082798,17.44871803609444]],[[78.21866201158672,17.448487517155495],[78.21806050853058,17.441375759307697],[78.2179641804257,17.438865661253548],[78.21866201158672,17.448487517155495]],[[78.2179641804257,17.438865661253548],[78.21926114727246,17.43877295379932],[78.22201479697556,17.438916519481133],[78.2179641804257,17.438865661253548]],[[78.22819977597058,17.438917327758528],[78.22854505314432,17.438640010473538],[78.22821287701362,17.439070619280766],[78.22819977597058,17.438917327758528]],[[78.23311516503136,17.429487388041903],[78.23322532975908,17.428726582389857],[78.23310102517931,17.43042498296781],[78.23311516503136,17.429487388041903]],[[78.23333610512633,17.428700774948336],[78.23445625214634,17.42869483314461],[78.23322532975908,17.428726582389857],[78.23333610512633,17.428700774948336]],[[78.24343741569965,17.429306793290397],[78.24355492589521,17.429325552222977],[78.24309932586928,17.429297406784624],[78.24343741569965,17.429306793290397]],[[78.24849573581164,17.42834118078842],[78.24889970776417,17.42805625534564],[78.25002754507767,17.42803599412668],[78.24849573581164,17.42834118078842]],[[78.25002754507767,17.42803599412668],[78.2508282623889,17.42771897400739],[78.26289285941898,17.428222331466777],[78.25002754507767,17.42803599412668]],[[78.2660158535006,17.42862130012318],[78.27017092777403,17.429790625135826],[78.26289285941898,17.428222331466777],[78.2660158535006,17.42862130012318]],[[78.27963644247407,17.433976526776437],[78.28232660835172,17.433346629481104],[78.2784215288798,17.434325497030432],[78.27963644247407,17.433976526776437]],[[78.29018554500607,17.43832712763833],[78.2893233112499,17.433887461658358],[78.28999657388731,17.436430976396004],[78.29018554500607,17.43832712763833]],[[78.29212499068596,17.44738577288983],[78.29274137439654,17.44953977994496],[78.29167874488756,17.446015656030745],[78.29212499068596,17.44738577288983]],[[78.30025494248727,17.47603562878541],[78.30109567255694,17.46742210801903],[78.30061855446412,17.473851044616975],[78.30025494248727,17.47603562878541]],[[78.2992261529103,17.47871965569526],[78.29808268355447,17.479851911978095],[78.30025494248727,17.47603562878541],[78.2992261529103,17.47871965569526]],[[78.30927160520338,17.490451951390508],[78.30171147707776,17.490699713473113],[78.3064423456697,17.49024197157964],[78.30927160520338,17.490451951390508]],[[78.31383186343088,17.492194323791036],[78.31653651170734,17.493855231974972],[78.30927160520338,17.490451951390508],[78.31383186343088,17.492194323791036]],[[78.31771256749451,17.49488795202014],[78.31776470262993,17.496136283640908],[78.31653651170734,17.493855231974972],[78.31771256749451,17.49488795202014]],[[78.31776470262993,17.496136283640908],[78.31466724526534,17.500965000902102],[78.31464322586822,17.50100089809391],[78.31776470262993,17.496136283640908]],[[78.31475745839812,17.502173124554556],[78.31454155581807,17.501693332331996],[78.31478898510953,17.50187952106296],[78.31475745839812,17.502173124554556]],[[78.31469550184896,17.50223578573251],[78.31450559261783,17.502364929308452],[78.31475745839812,17.502173124554556],[78.31469550184896,17.50223578573251]],[[78.31456249813277,17.503174766528264],[78.31402302269841,17.5038067839165],[78.31438283128648,17.50281124659551],[78.31456249813277,17.503174766528264]],[[78.31402302269841,17.5038067839165],[78.31371954341031,17.50398902159659],[78.31345442726258,17.504094955609784],[78.31402302269841,17.5038067839165]],[[78.31267236535004,17.504502747029488],[78.31219220427309,17.50487764716451],[78.31150501808823,17.505245862198674],[78.31267236535004,17.504502747029488]],[[78.31113573727171,17.505400414529188],[78.31095919223884,17.50542922584551],[78.31123516580728,17.50535622625586],[78.31113573727171,17.505400414529188]],[[78.31017183140645,17.506489096127304],[78.31027858067584,17.50626111445156],[78.31024382251857,17.506372246111212],[78.31017183140645,17.506489096127304]],[[78.30939573042781,17.507204463388984],[78.3090589353592,17.50740901957328],[78.3095574037523,17.507075090736013],[78.30939573042781,17.507204463388984]],[[78.30890272746485,17.507475264912213],[78.30868531013581,17.507536316807652],[78.3090589353592,17.50740901957328],[78.30890272746485,17.507475264912213]],[[78.30793222664623,17.508722201050105],[78.30766357293831,17.509994439609603],[78.30793915643368,17.508107327437795],[78.30793222664623,17.508722201050105]],[[78.30807958898195,17.51055478274865],[78.30795594315407,17.51040432899097],[78.30804459207121,17.510482093374385],[78.30807958898195,17.51055478274865]],[[78.30929323261884,17.510906471747628],[78.30946828537837,17.510844839192405],[78.30920971862938,17.510951958074262],[78.30929323261884,17.510906471747628]],[[78.310435827098,17.51070559791981],[78.30975636623151,17.510788994014103],[78.30998319653001,17.51072356018852],[78.310435827098,17.51070559791981]],[[78.31295418854569,17.509239419245393],[78.31720580201704,17.508695213769393],[78.31277670140142,17.510010461430532],[78.31295418854569,17.509239419245393]],[[78.33741100262313,17.505252263781138],[78.33704819355837,17.503982637075648],[78.33761386415833,17.505711606714602],[78.33741100262313,17.505252263781138]],[[78.33963362082027,17.509001600931818],[78.33781233945635,17.504754498930115],[78.33864894358686,17.506232423117886],[78.33963362082027,17.509001600931818]],[[78.34341274140243,17.51781424839375],[78.34533235536162,17.519800470877676],[78.34906107869652,17.524847515783563],[78.34341274140243,17.51781424839375]],[[78.44899124533971,17.708984926106105],[78.44495232887435,17.700560107335974],[78.44864580575408,17.70818600813869],[78.44899124533971,17.708984926106105]],[[80.67382204429629,19.704140002923886],[80.71612921217394,19.711264529560918],[80.70259544446458,19.765619599088645],[80.7144097414825,19.786579987413],[80.7658705091436,19.811250266230424],[80.7574809817564,19.791285788119957],[80.77992806290924,19.78995312168099],[80.81158480151156,19.81146191969494],[80.77746402396363,19.84812196754047],[80.74749570309774,19.816212174171348],[80.72706970171743,19.820397749469254],[80.72148519578643,19.84642376803887],[80.74841983643141,19.853042426343094],[80.76551963487702,19.890880217373905],[80.8194190271196,19.912291309169472],[80.84286388779874,19.947327870434236],[80.90647126699268,19.92216581290365],[80.94955725841082,19.830600460816733],[80.9724039209668,19.81279823466568],[81.00907187985874,19.81286615784294],[81.0252278043848,19.76455632007804],[81.05861584859963,19.750809366228545],[81.08525119892305,19.706300435726874],[81.18661532943695,19.70338076253227],[81.20511676482415,19.716760914094962],[81.1577392199619,19.754738845847477],[81.17977515301439,19.8106049215745],[81.24968435090226,19.766633414752157],[81.28883431743984,19.788377472090033],[81.37330610001912,19.77908154535391],[81.39566550145551,19.836532041233472],[81.37730863453,19.853608917056814],[81.40581805898194,19.880679758262257],[81.32649313399402,19.938925918012146],[81.33062736727734,19.96487508033221],[81.30190502315247,19.97598279183267],[81.29165287701308,20.02139665460225],[81.38834528628084,20.048540668066668],[81.41941996889791,20.15713243552011],[81.44757101996898,20.14647809451588],[81.58475846012944,20.195518797402876],[81.61281551682409,20.157872414139792],[81.67885631165441,20.129929871074044],[81.7470493080471,20.163552646557633],[81.81421211916337,20.16729866855287],[81.80112042619845,20.214179363626467],[81.78523853085086,20.209319017458213],[81.77495207092117,20.232015509306603],[81.78435547786455,20.261116488335404],[81.80025114030967,20.264792105280673],[81.78892522154013,20.287882462669824],[81.76060438480853,20.282968944591108],[81.76113784121884,20.30622040756483],[81.79502844280404,20.326275655217724],[81.7815680316578,20.356752493649466],[81.763333612089,20.35436924140891],[81.76898619823451,20.382211787376693],[81.73627094568779,20.41909995122635],[81.73510302089474,20.481932481501875],[81.6923251193018,20.481304462465378],[81.59775613472078,20.518736211840938],[81.54107980243114,20.515189196632193],[81.51659087316834,20.49308954108816],[81.50284331373122,20.519947815373136],[81.42430793959537,20.515664642990668],[81.41036241819731,20.554432810242282],[81.38659214466779,20.533393106470253],[81.32451319286258,20.562795315460132],[81.29112401640275,20.516442701994908],[81.25323037156232,20.499017200108085],[81.26359034724085,20.483415750169595],[81.25436809224875,20.44756340807147],[81.22236628558645,20.419023304902957],[81.17311742019895,20.40613621619125],[81.14920379759242,20.376983477742712],[80.99187853501363,20.459290564777515],[80.96630544532708,20.436805870370726],[80.93099325160871,20.437249982129153],[80.8869180835524,20.38692372142546],[80.86007735775924,20.387424457208873],[80.84722010293456,20.348009511772926],[80.81214536114817,20.354787932965717],[80.82638358636447,20.341228190764454],[80.82507127445064,20.30046623801688],[80.79043159978269,20.282658433919156],[80.74966721225128,20.291225659371577],[80.72707538193382,20.266751397436536],[80.73631228653521,20.23949768283888],[80.71575509299367,20.191047900385293],[80.68854953407573,20.19097856728202],[80.65407455185837,20.226356280141736],[80.62216946034015,20.18866422336952],[80.5842755683747,20.17749041267055],[80.56725672281428,20.189088467674217],[80.56414416558974,20.135097234689308],[80.5440029554791,20.09563739299217],[80.55664041130294,20.069961627902412],[80.53885876706501,19.95185658367909],[80.50001937335651,19.92861263121195],[80.4516722774484,19.957295081205775],[80.41125275860638,19.938493863090617],[80.41388306566395,19.907451130849985],[80.49016656201614,19.90229509267335],[80.5058245093918,19.870649757059194],[80.48628715481412,19.863593576938985],[80.46947389252637,19.82754636821469],[80.43170835828049,19.807304438321378],[80.40608362560711,19.815918954405415],[80.40169821632963,19.796200723890315],[80.46633873676983,19.793534733084545],[80.490266358589,19.77139986678162],[80.4849679407422,19.802477227406513],[80.46887768027254,19.810446720624007],[80.4805812827771,19.827505788299803],[80.51975364567026,19.831748859743044],[80.54487951129788,19.81869622138598],[80.55260700537377,19.765560511032284],[80.67382204429629,19.704140002923886]],[[83.3429214878493,19.018136553834406],[83.33878483782374,18.99700509423466],[83.31064622082319,18.998672858863024],[83.33901710825819,18.95277818689072],[83.3254084860175,18.933147276178],[83.34843771005029,18.926286429662955],[83.35028880017181,18.965632161568575],[83.36712537446576,18.96300637446322],[83.38735806485282,18.9325949128914],[83.3706042745139,18.926036204084724],[83.37014699082808,18.941716308229328],[83.35248399098884,18.94346312477683],[83.35343333693811,18.930603496552468],[83.41475137951774,18.8749632452447],[83.40588258232353,18.842515212260135],[83.37832565430378,18.830662856637456],[83.36815090913187,18.84406001858696],[83.33061630700062,18.806346744385344],[83.2843378533943,18.79787815970083],[83.2713546084636,18.764635364366146],[83.22460748819339,18.775088235970767],[83.21245207805006,18.730485462438025],[83.20654786462896,18.75143843181095],[83.13799831597353,18.784816420188047],[83.07279076990847,18.705540021364985],[83.05802360395622,18.665314681772564],[83.01671949380174,18.650017538777686],[82.99957439567095,18.61953161691104],[83.02379024776647,18.58964717640608],[83.0526637350205,18.60099696282408],[83.0297567499635,18.57350780526699],[83.04535418995003,18.54418365761765],[83.09503920991253,18.546642411697725],[83.02094766411257,18.456241953885],[83.04253037489464,18.424225819226322],[83.06731161345432,18.430091421617636],[83.06425384423588,18.409406237145767],[83.10368409827734,18.41314108390896],[83.07501327079605,18.370939551798525],[83.0791502384321,18.34671231248956],[83.1045319439316,18.35758379690921],[83.1511177697849,18.34112079971994],[83.19779303950797,18.38474910088948],[83.17835229618574,18.386670992370348],[83.20972132405359,18.421650178650474],[83.19011374146048,18.453981491622404],[83.19544600487473,18.47275940427582],[83.21757867466665,18.467472703125683],[83.22504467222093,18.518427253780622],[83.2663498960878,18.54161324515209],[83.26630621246406,18.572623240327943],[83.24339042228189,18.588920937143556],[83.31588871466812,18.64164882188792],[83.33944945592798,18.644609556292735],[83.35915124537624,18.59280945842179],[83.37802948366883,18.597351065173335],[83.3730378224007,18.615233163789853],[83.38858865250376,18.60771859906014],[83.41422958858854,18.624193141295887],[83.4279121565473,18.607181254848015],[83.45730433240242,18.639083256628133],[83.46515038563533,18.61817791960487],[83.49090824961849,18.60929472183243],[83.47254452032476,18.5694182807354],[83.51550373476873,18.520127882257363],[83.53691779311936,18.527412464169522],[83.53305395943941,18.56622658000765],[83.57067705343678,18.5924492655761],[83.54918320928218,18.595760362446452],[83.56144979075138,18.666950257678653],[83.5383356502129,18.710420497233358],[83.57171146697816,18.695190258412627],[83.57309428473137,18.67553535926617],[83.60416350311775,18.65857493545864],[83.66259270022339,18.582760050780774],[83.73070827716079,18.565510685008302],[83.7496013804444,18.58449659669981],[83.77265235071656,18.565792378035617],[83.77821511590997,18.59911214789656],[83.79353049683563,18.607254795093443],[83.78662279661232,18.590466447859995],[83.82903133859571,18.5729273722384],[83.82437751151284,18.55895597857585],[83.85272028391134,18.53423667054691],[83.88089720432704,18.555330202125017],[83.90525670128416,18.533517716601565],[83.91716932978315,18.54210799633696],[83.90324902294087,18.564000391273403],[83.92443235100046,18.578606120420215],[83.8951212381889,18.59491805711526],[83.89202871052515,18.633729927534542],[83.84983652228637,18.667632766973362],[83.83792965154535,18.702033502708677],[83.83768625238392,18.722991594238486],[83.86729836774532,18.743049648144957],[83.8906423945407,18.727674056048013],[83.86694138807877,18.766210641954828],[83.83252776329395,18.778928069073014],[83.88783214394286,18.79647862820725],[83.87656877761898,18.806418928506833],[83.89085130874729,18.82595793924408],[83.84830673703149,18.864419837017603],[83.84578768667934,18.91358284711053],[83.82657738914293,18.91628374684819],[83.79468802890219,19.017976999886706],[83.74485346691944,18.987978776516808],[83.7878907988972,18.9158687981372],[83.75385874622478,18.92513104500965],[83.73301270393668,18.987711752596958],[83.70947691596369,19.002636504560826],[83.7300168573052,19.021955396104676],[83.70061585432514,19.025001752060337],[83.66392870911163,19.076084004563445],[83.63392251792312,19.159456222062975],[83.60165221608999,19.135525782303137],[83.61061415109182,19.09606333475129],[83.5855886269283,19.086555411832475],[83.58445509180623,19.057565877884617],[83.563419234101,19.057850455992273],[83.5601737719599,19.08706848460031],[83.5490455155691,19.080517676075825],[83.5575673738744,19.05620236691101],[83.53670517465476,19.009495076897746],[83.50093582205628,19.02066155614502],[83.49646640885074,19.035469405941505],[83.51930166710328,19.03906497047649],[83.5117147785553,19.070315445228246],[83.50060405427332,19.06063197165839],[83.48339583852287,19.09225591080875],[83.46797670740926,19.09311796083709],[83.47837203505487,19.079273929265508],[83.46229434839282,19.063766509737206],[83.48334752983665,19.03354666327099],[83.47968020105101,19.00846723135372],[83.44994125016622,19.00965865639524],[83.46783543200405,18.991083067418668],[83.46182906659675,18.954781358288713],[83.41438968027752,19.003569771139723],[83.3429214878493,19.018136553834406]],[[82.6421398117286,21.67764523246254],[82.63146830848571,21.64471905048595],[82.61273950979877,21.645415587717967],[82.61580364256055,21.614005935674427],[82.66394718475617,21.603127587908375],[82.66002694652454,21.546704102491855],[82.69082354480835,21.48496803860098],[82.73887342382108,21.4959967364302],[82.76797796890855,21.52275128151889],[82.82531357667553,21.50450259911724],[82.82073871154986,21.531437863897455],[82.87510340830607,21.55652260590316],[82.92165981118681,21.489817494421093],[82.95310853357195,21.497157318923797],[82.96539248343187,21.471948401139276],[82.99824631539963,21.45978432281231],[83.01580550743323,21.490174612321066],[83.04658856337328,21.48230273955965],[83.05904731725336,21.436409276008096],[83.12262311883238,21.422603638949674],[83.11428033288323,21.411656932407833],[83.14370086353526,21.364411208650388],[83.17926906895838,21.402133414977303],[83.19074390756649,21.387217926135484],[83.20148821272832,21.399595760937494],[83.39020772820369,21.342834584332717],[83.4068802299435,21.35162584315205],[83.39892706808881,21.405342658153028],[83.35437149244257,21.44807051721846],[83.33788256102008,21.502100216925765],[83.36887801342174,21.551726716042452],[83.36965711612999,21.600505765041497],[83.44238725818876,21.655338511390003],[83.46101882544421,21.607801645162013],[83.49147931025294,21.63843388885324],[83.41869341273335,21.680653866954835],[83.30340936850399,21.681439295860173],[83.17464209263014,21.717538711453262],[83.0812432312505,21.715666712547094],[83.03435557488713,21.743066912909455],[82.8714269995581,21.693132511693946],[82.79186650350836,21.723689536062086],[82.69123845985752,21.7270343308988],[82.6421398117286,21.67764523246254]],[[78.21259751023713,25.736121051386462],[78.21379675834021,25.73657790719459],[78.21160277793669,25.73589232279989],[78.21259751023713,25.736121051386462]],[[78.70210711125328,26.17877814644034],[78.70212705379896,26.178700854537443],[78.70214275982757,26.178639984283265],[78.70210711125328,26.17877814644034]],[[78.77489199869372,26.02110451171665],[78.77491429851898,26.021098119025996],[78.77517989292645,26.021021982311986],[78.77489199869372,26.02110451171665]],[[78.78654186675976,26.008691288511187],[78.7865688889606,26.008654133563237],[78.78650797472358,26.008737890000358],[78.78654186675976,26.008691288511187]],[[78.62597367584556,26.15726408125023],[78.6266402682561,26.15612655191615],[78.62641845668902,26.156505072904746],[78.62597367584556,26.15726408125023]],[[78.63196439354422,26.151804197343335],[78.63135485647875,26.152229067174837],[78.63119567510982,26.152324314150174],[78.63196439354422,26.151804197343335]],[[78.63157777712406,26.150850575516092],[78.63222086145502,26.151409207283322],[78.63196439354422,26.151804197343335],[78.63157777712406,26.150850575516092]],[[78.63106474444169,26.150720265082885],[78.63148340917665,26.15079767453893],[78.63157777712406,26.150850575516092],[78.63106474444169,26.150720265082885]],[[78.63010176492101,26.150620733894836],[78.63021835879992,26.150612406036633],[78.63052595699705,26.15067319292962],[78.63010176492101,26.150620733894836]],[[78.62874844692922,26.1496671657482],[78.62881923609895,26.149792085933136],[78.6288775322457,26.149904516091013],[78.62874844692922,26.1496671657482]],[[78.62857772062634,26.14950060234018],[78.62868182191384,26.1495963760376],[78.62874844692922,26.1496671657482],[78.62857772062634,26.14950060234018]],[[78.62693744923646,26.14669114714098],[78.62721823213565,26.14696709966829],[78.62726835537985,26.147019939089233],[78.62693744923646,26.14669114714098]],[[78.62159192293326,26.140468885791027],[78.62287177979282,26.141468436065924],[78.6230248175248,26.142231375870317],[78.62159192293326,26.140468885791027]],[[78.62053692723875,26.135830004092014],[78.62004556749875,26.13752477525043],[78.61973326377195,26.138182696456536],[78.62053692723875,26.135830004092014]],[[78.62018815505303,26.13243812696189],[78.62081376637309,26.133759925089084],[78.62077099777176,26.134303647077257],[78.62018815505303,26.13243812696189]],[[78.61763504287323,26.130456856473945],[78.61910506562407,26.13155391903405],[78.61449111739903,26.132729657534497],[78.61763504287323,26.130456856473945]],[[78.61134058750488,26.130807303052],[78.61430486187537,26.132579369874044],[78.61449111739903,26.132729657534497],[78.61134058750488,26.130807303052]],[[78.60675087690105,26.12693541896518],[78.60680123174801,26.127107683968337],[78.60682403271262,26.12719611072169],[78.60675087690105,26.12693541896518]],[[78.60668363771471,26.126707816225373],[78.60670104383806,26.12676493313591],[78.60675087690105,26.12693541896518],[78.60668363771471,26.126707816225373]],[[78.60723113070013,26.125140140986804],[78.60672201576652,26.12658750673508],[78.60746981380876,26.124243270979175],[78.60723113070013,26.125140140986804]],[[78.60831632789176,26.122652884851455],[78.60839136712579,26.122202694545745],[78.60837532117014,26.12255492313244],[78.60831632789176,26.122652884851455]],[[78.60840665501208,26.12084219774663],[78.60840666574796,26.12196710016782],[78.60839136712579,26.122202694545745],[78.60840665501208,26.12084219774663]],[[78.60841629657355,26.119984177659315],[78.60842535001325,26.119178495598877],[78.60844054553631,26.119658031020442],[78.60841629657355,26.119984177659315]],[[78.6085932134134,26.11831295460027],[78.60856621605186,26.11841246414072],[78.60847117004765,26.118759168005994],[78.6085932134134,26.11831295460027]],[[78.60885399877701,26.11734089144881],[78.60874513920527,26.117583585009978],[78.60871658141195,26.11763135142943],[78.60885399877701,26.11734089144881]],[[78.6092624710764,26.116471024030623],[78.60923877649995,26.1165313125656],[78.60919242748311,26.116625552485832],[78.6092624710764,26.116471024030623]],[[78.6096874794359,26.11473404108604],[78.6096091229459,26.115396401051004],[78.609544821931,26.11584810850997],[78.6096874794359,26.11473404108604]],[[78.60993180021394,26.112617382589303],[78.60980257168643,26.113807524359967],[78.6097409167304,26.11431672866317],[78.60993180021394,26.112617382589303]],[[78.61018734368838,26.112105293980992],[78.61016400518798,26.112159156553325],[78.61012640722723,26.112227405757288],[78.61018734368838,26.112105293980992]],[[78.61057533385367,26.111327792836704],[78.61098610821543,26.108535915222937],[78.61088868995209,26.110774004268794],[78.61057533385367,26.111327792836704]],[[78.6110296554204,26.10732567417676],[78.6110172512295,26.1078203927646],[78.61098610821543,26.108535915222937],[78.6110296554204,26.10732567417676]],[[78.6113002821076,26.10495858218739],[78.61104357248605,26.107159710350576],[78.61127863345145,26.10435656073737],[78.6113002821076,26.10495858218739]],[[78.61046058666176,26.10163211153167],[78.61115673328085,26.1036434980942],[78.61127863345145,26.10435656073737],[78.61046058666176,26.10163211153167]],[[78.60977126164427,26.099172592504985],[78.61014103139424,26.100460899494955],[78.61046058666176,26.10163211153167],[78.60977126164427,26.099172592504985]],[[78.61832447977821,26.093927976742183],[78.61688728507998,26.095231921680277],[78.61524593518428,26.095639093415],[78.61832447977821,26.093927976742183]],[[78.62063034519176,26.092585193491146],[78.62029031149238,26.09279614674928],[78.62001072477955,26.092932964421266],[78.62063034519176,26.092585193491146]],[[78.63467702045955,26.0856524242978],[78.63407718817538,26.085796446513957],[78.6332745751964,26.085989152425018],[78.63467702045955,26.0856524242978]],[[78.63702102826684,26.084402970729677],[78.63853406480237,26.08370629860478],[78.63842471760724,26.083765980188733],[78.63702102826684,26.084402970729677]],[[78.63703461914508,26.080136743316142],[78.63919239676429,26.083173853147702],[78.63131783666769,26.075282186201274],[78.63703461914508,26.080136743316142]],[[78.64436432557495,26.067090160465888],[78.63628271012085,26.07025722077247],[78.6326449900029,26.071469793975204],[78.64436432557495,26.067090160465888]],[[78.64638867708331,26.06404665761471],[78.64568633968533,26.0659837095755],[78.64436432557495,26.067090160465888],[78.64638867708331,26.06404665761471]],[[78.64364039907235,26.05944240160675],[78.64560345391676,26.061155612686743],[78.64638867708331,26.06404665761471],[78.64364039907235,26.05944240160675]],[[78.63743000592254,26.056372895767414],[78.63960721231581,26.057158118378737],[78.64364039907235,26.05944240160675],[78.63743000592254,26.056372895767414]],[[78.62190402339517,26.051447412142448],[78.6263655118519,26.04909174537185],[78.62886394580624,26.050483729857316],[78.62190402339517,26.051447412142448]],[[78.61430164460396,26.04984127603485],[78.61069676191026,26.048235139112737],[78.61290965928252,26.048484983551372],[78.61430164460396,26.04984127603485]],[[78.6015953226787,26.036206964043036],[78.60202362641253,26.03809863557633],[78.60227347017585,26.03966907977175],[78.6015953226787,26.036206964043036]],[[78.585990355619,26.006283147255747],[78.58942714464864,26.01178710573418],[78.58985544686163,26.013428934485574],[78.585990355619,26.006283147255747]],[[78.57914787309136,26.003173456937546],[78.58316916195449,26.004268009128246],[78.585990355619,26.006283147255747],[78.57914787309136,26.003173456937546]],[[78.57020109966021,25.997581723045453],[78.57198569485087,25.998652481246523],[78.57218142076584,25.99881942384662],[78.57020109966021,25.997581723045453]],[[78.56524689110431,25.99621772593426],[78.56805958372819,25.996653733172778],[78.57020109966021,25.997581723045453],[78.56524689110431,25.99621772593426]],[[78.5536135504839,25.99004611766846],[78.55458232976349,25.990457848626356],[78.55509637517441,25.990812785095418],[78.5536135504839,25.99004611766846]],[[78.54512397258395,25.976894921722376],[78.5459567839787,25.9804046264175],[78.54600944437517,25.98062741942539],[78.54512397258395,25.976894921722376]],[[78.53820919612706,25.973196275517555],[78.54117787420955,25.97429535955547],[78.54325276426871,25.97545653646902],[78.53820919612706,25.973196275517555]],[[78.53323999327728,25.972315648706367],[78.5365902741243,25.972791540149085],[78.53820919612706,25.973196275517555],[78.53323999327728,25.972315648706367]],[[78.50632352925318,25.96334984008921],[78.51129184426406,25.966471691671046],[78.51260275946841,25.967700675844142],[78.50632352925318,25.96334984008921]],[[78.50132993872364,25.96368488278601],[78.50320167704086,25.96336887473724],[78.50483874646662,25.963178518128036],[78.50132993872364,25.96368488278601]],[[78.48405177531477,25.947664432786944],[78.48374720388009,25.94979642971378],[78.48311902582081,25.95248046195992],[78.48405177531477,25.947664432786944]],[[78.47594838118,25.93533790162918],[78.4817865278236,25.937746838741404],[78.48418502351939,25.94083062049422],[78.47594838118,25.93533790162918]],[[78.48418502351939,25.94083062049422],[78.48416598901117,25.945037507656465],[78.48408317350712,25.946942289874993],[78.48418502351939,25.94083062049422]],[[78.47527354857162,25.918012789538885],[78.4747348560646,25.921061136424225],[78.47354512585596,25.92417822939042],[78.47527354857162,25.918012789538885]],[[78.47454504820385,25.914365159518578],[78.47519119790172,25.916009636027002],[78.47527354857162,25.918012789538885],[78.47454504820385,25.914365159518578]],[[78.46920854376984,25.90677368098222],[78.47227552518515,25.90887505991514],[78.47429638652027,25.913549636207783],[78.46920854376984,25.90677368098222]],[[78.46552253824825,25.90546965117042],[78.46649317087224,25.90566533910494],[78.46920854376984,25.90677368098222],[78.46552253824825,25.90546965117042]],[[78.44148797224356,25.887279331330006],[78.44366001780352,25.88884148530451],[78.44541130074789,25.89045951950203],[78.44148797224356,25.887279331330006]],[[78.43571079805707,25.88262811894398],[78.43596206435559,25.882790118865906],[78.43739194942228,25.883881036771566],[78.43571079805707,25.88262811894398]],[[78.42867139546922,25.88046776548172],[78.43255467701489,25.88107690649452],[78.43451535243268,25.88185736981308],[78.42867139546922,25.88046776548172]],[[78.4142210251793,25.868754725868648],[78.41524895206909,25.86993493802908],[78.41623880820477,25.87178139980766],[78.4142210251793,25.868754725868648]],[[78.41090517390914,25.86648271390746],[78.41179430033633,25.867363718714508],[78.41187457950072,25.867443266387912],[78.41090517390914,25.86648271390746]],[[78.40808313409566,25.864469690360533],[78.40943466650612,25.86531201931711],[78.41090517390914,25.86648271390746],[78.40808313409566,25.864469690360533]],[[78.40261989092498,25.859401438810522],[78.40000741158049,25.858095065645536],[78.40195968115474,25.858941094571975],[78.40261989092498,25.859401438810522]],[[78.39787145435777,25.85755547761874],[78.39881617701958,25.857765575672108],[78.39609319784662,25.857262253738455],[78.39787145435777,25.85755547761874]],[[78.39243953626493,25.841706527642273],[78.39316765109677,25.84366244368851],[78.39309626730534,25.84568974534491],[78.39243953626493,25.841706527642273]],[[78.38918443256156,25.837894631634807],[78.39045506564668,25.839093878897167],[78.39164003724271,25.840264574598727],[78.38918443256156,25.837894631634807]],[[78.37859688745193,25.834890876590773],[78.38568768137493,25.83541435773483],[78.38768425270385,25.83594416528958],[78.37859688745193,25.834890876590773]],[[78.37530957415157,25.835310519181224],[78.37693126552111,25.835033643694242],[78.37859688745193,25.834890876590773],[78.37530957415157,25.835310519181224]],[[78.3714189549003,25.835807176905],[78.37288618148179,25.835461947545415],[78.37480746070393,25.835374616566725],[78.3714189549003,25.835807176905]],[[78.36431079204561,25.832799180707344],[78.36257225247297,25.8323008544219],[78.3640626197412,25.831789338451497],[78.36431079204561,25.832799180707344]],[[78.35231842210196,25.83407281346773],[78.35315123377016,25.83425127243809],[78.3533050511715,25.834311299838568],[78.35231842210196,25.83407281346773]],[[78.3443769713234,25.832228730472167],[78.34526926929325,25.832734367352355],[78.3454013264029,25.832957498442184],[78.3443769713234,25.832228730472167]],[[78.34190028867033,25.832738477847037],[78.34247340251278,25.83216924479384],[78.3443769713234,25.832228730472167],[78.34190028867033,25.832738477847037]],[[78.33157974376486,25.834340116508795],[78.3322085293626,25.834725231093614],[78.33221487710527,25.8347291195816],[78.33157974376486,25.834340116508795]],[[78.32981736202908,25.833815501107786],[78.33036891265067,25.833958583531288],[78.33157974376486,25.834340116508795],[78.32981736202908,25.833815501107786]],[[78.32081115315661,25.826283231295665],[78.32051134024334,25.826176155794546],[78.32069551119973,25.82612047700854],[78.32081115315661,25.826283231295665]],[[78.32011301945155,25.82603481633876],[78.32028434039702,25.826159024494316],[78.32031432134438,25.826193287248913],[78.32011301945155,25.82603481633876]],[[78.31982177319107,25.826064797154974],[78.31999737745573,25.826034816114202],[78.32011301945155,25.82603481633876],[78.31982177319107,25.826064797154974]],[[78.31859682578059,25.82392756552729],[78.31893090270529,25.824527190151937],[78.31862252417399,25.82498547423675],[78.31859682578059,25.82392756552729]],[[78.31845120262098,25.823392187097575],[78.3184683346147,25.823494978726544],[78.31840837351416,25.823614904692935],[78.31845120262098,25.823392187097575]],[[78.31825418402978,25.82320801623835],[78.31837839179458,25.823272261401794],[78.31845120262098,25.823392187097575],[78.31825418402978,25.82320801623835]],[[78.31782159826085,25.823066675743238],[78.31806573083819,25.82313520482937],[78.31825418402978,25.82320801623835],[78.31782159826085,25.823066675743238]],[[78.31712766532827,25.822711190631477],[78.3171877094551,25.82270690185922],[78.31732904919582,25.822758298044324],[78.31712766532827,25.822711190631477]],[[78.31612163475315,25.82217332254913],[78.3161383663086,25.82218437171112],[78.31629683856687,25.822308580043114],[78.31612163475315,25.82217332254913]],[[78.31522608178217,25.82148195488988],[78.31549163024357,25.82161044601739],[78.31553907491592,25.821723585856727],[78.31522608178217,25.82148195488988]],[[78.31465408494418,25.821163330033166],[78.31476401839426,25.82125946015644],[78.31477401640078,25.82128800957546],[78.31465408494418,25.821163330033166]],[[78.31489560047049,25.820788565338404],[78.3147762447534,25.820928454297],[78.31481231856608,25.820567870144632],[78.31489560047049,25.820788565338404]],[[78.31435427289465,25.820251401350536],[78.3147040536094,25.820338846495687],[78.31481231856608,25.820567870144632],[78.31435427289465,25.820251401350536]],[[78.31396701592261,25.818806474499393],[78.31399616448063,25.818860606200644],[78.3139878355357,25.81892723179466],[78.31396701592261,25.818806474499393]],[[78.31376297767902,25.81873984895006],[78.31389622674365,25.81876483298413],[78.31396701592261,25.818806474499393],[78.31376297767902,25.81873984895006]],[[78.31340070454833,25.818260982402073],[78.31353677677745,25.818507896715076],[78.31325912549563,25.818052779551337],[78.31340070454833,25.818260982402073]],[[78.31311338342316,25.817623880640998],[78.31316751769256,25.817419843041215],[78.31318417306186,25.81751977988695],[78.31311338342316,25.817623880640998]],[[78.31303010303905,25.816965961342184],[78.31311754853733,25.81707839019292],[78.3131508607785,25.81714917904831],[78.31303010303905,25.816965961342184]],[[78.31288019695226,25.81592078137092],[78.31290101669146,25.81620393787711],[78.31290518094652,25.81648709415845],[78.31288019695226,25.81592078137092]],[[78.31275943926788,25.815833337267637],[78.31285104910708,25.815854157127454],[78.31288019695226,25.81592078137092],[78.31275943926788,25.815833337267637]],[[78.31265533817789,25.81530450267854],[78.31265348932185,25.815427702114636],[78.31261369647268,25.815275353018993],[78.31265533817789,25.81530450267854]],[[78.31259401269047,25.815111823247673],[78.31255956472843,25.814825634988924],[78.3126303545995,25.81496721323409],[78.31259401269047,25.815111823247673]],[[78.31217647146178,25.815150432089936],[78.31235136214954,25.81486311254415],[78.31255956472843,25.814825634988924],[78.31217647146178,25.815150432089936]],[[78.31087815384537,25.81493607554688],[78.31092173834672,25.814883520943543],[78.31102185315868,25.814765269511582],[78.31087815384537,25.81493607554688]],[[78.31072981659608,25.814507447202544],[78.31074118415782,25.81457504830116],[78.31071649509985,25.81461014802472],[78.31072981659608,25.814507447202544]],[[78.31075569592724,25.81406197829627],[78.3108523008102,25.81420935462338],[78.31076279182597,25.814253227769132],[78.31075569592724,25.81406197829627]],[[78.31073948722018,25.813625119371874],[78.31073311501152,25.813453374876293],[78.31081383914507,25.813522301250995],[78.31073948722018,25.813625119371874]],[[78.31369341833788,25.813309514270244],[78.31263019657598,25.8134828875013],[78.31405851445876,25.81323438140877],[78.31369341833788,25.813309514270244]],[[78.31944956948439,25.808973580775795],[78.31816372574563,25.81129080011815],[78.31405851445876,25.81323438140877],[78.31944956948439,25.808973580775795]],[[78.32076384576243,25.806460570345752],[78.32143251039862,25.807715753988752],[78.31944956948439,25.808973580775795],[78.32076384576243,25.806460570345752]],[[78.32247639609153,25.8053546263836],[78.32273337669974,25.804859697895086],[78.32265723454961,25.805183305428244],[78.32247639609153,25.8053546263836]],[[78.32331526271406,25.804540658662216],[78.32300939452264,25.804650305721527],[78.32281903783668,25.80471693005345],[78.32331526271406,25.804540658662216]],[[78.32527459034169,25.80384465686434],[78.32394214370905,25.80443139483529],[78.32357858691942,25.804447119369566],[78.32527459034169,25.80384465686434]],[[78.3268678393146,25.800495958185664],[78.32686280540906,25.80193260849538],[78.32527459034169,25.80384465686434],[78.3268678393146,25.800495958185664]],[[78.32715203634801,25.798825385143832],[78.3265393804989,25.7974331428313],[78.32669133566272,25.797387754553878],[78.32715203634801,25.798825385143832]],[[78.31256058350058,25.792516353599876],[78.31969900129837,25.792313744539335],[78.32213335714762,25.794321462030652],[78.31256058350058,25.792516353599876]],[[78.30844823179261,25.791053965010683],[78.29741670485787,25.786350267491386],[78.30185802619106,25.787205258002935],[78.30844823179261,25.791053965010683]],[[78.2949372579204,25.78554530185866],[78.29007266677415,25.78424113703355],[78.29473981213549,25.785457970184385],[78.2949372579204,25.78554530185866]],[[78.28909222027099,25.78468395225735],[78.28960205268055,25.784259960964135],[78.29007266677415,25.78424113703355],[78.28909222027099,25.78468395225735]],[[78.28474862185352,25.7833488387283],[78.28632593764053,25.784151596275596],[78.28326554709402,25.783562640831928],[78.28474862185352,25.7833488387283]],[[78.28153634907108,25.783229866117942],[78.27857986959745,25.781861676236204],[78.2807927681678,25.78263500153898],[78.28153634907108,25.783229866117942]],[[78.26585327576176,25.782587927478545],[78.2683554396951,25.782819346122007],[78.26463622687123,25.782980023835783],[78.26585327576176,25.782587927478545]],[[78.25586636561465,25.77482892558423],[78.25805363671003,25.777812369051013],[78.25421763829162,25.772638250146798],[78.25586636561465,25.77482892558423]],[[78.24727482316345,25.763273556243192],[78.2488452667718,25.76522471408945],[78.24943430446012,25.766186334555826],[78.24727482316345,25.763273556243192]],[[78.24203722559035,25.757637769964795],[78.24375893165966,25.759458803610354],[78.24408139393493,25.759837346344252],[78.24203722559035,25.757637769964795]],[[78.24177921957171,25.75736487903831],[78.2377626908909,25.75734584325288],[78.2408845427444,25.757060308834237],[78.24177921957171,25.75736487903831]],[[78.23629051012163,25.75877525670497],[78.23633501325796,25.75869737633381],[78.23667765575397,25.758183412943364],[78.23629051012163,25.75877525670497]],[[78.23112006263891,25.75706587355352],[78.23379899515247,25.759340552223872],[78.23416223839813,25.759911395064993],[78.23112006263891,25.75706587355352]],[[78.2287397743252,25.7558420234064],[78.23073852128722,25.756774771881087],[78.23112006263891,25.75706587355352],[78.2287397743252,25.7558420234064]],[[78.22194908935107,25.74536503501757],[78.22340978165523,25.749465067609854],[78.22375242339457,25.750778531040243],[78.22194908935107,25.74536503501757]],[[78.21703282655612,25.73865279660924],[78.21910771554666,25.74110840095642],[78.22194908935107,25.74536503501757],[78.21703282655612,25.73865279660924]]],[[[73.68354715031613,15.720396193619951],[73.67847418407766,15.728956598344437],[73.69580144463494,15.724137984970517],[73.68354715031613,15.720396193619951]]],[[[74.27485760810943,15.796092115552604],[74.26176928182687,15.829738763963034],[74.29116737399276,15.832137855570284],[74.31341432774339,15.79643226553884],[74.27485760810943,15.796092115552604]]],[[[72.96483205597136,20.21848779235196],[72.91171493190154,20.270260686082626],[72.93258353442516,20.293825148860773],[72.97119254745706,20.269060524847347],[72.98117242489663,20.28926521554985],[73.01004604439326,20.291208895015956],[73.00615238396465,20.31279705929832],[73.03429242012467,20.291630363241772],[73.04174094765956,20.325988146212914],[73.07717279089788,20.323480550460015],[73.09580432161832,20.36132791117147],[73.11125489564972,20.337772789019358],[73.10280663653641,20.301776493134525],[73.12944037773183,20.31831821485115],[73.16573037175024,20.310431765460738],[73.1649444650935,20.283992887380716],[73.14584764135118,20.288581069825568],[73.09774470716108,20.229297558543696],[73.07051031572374,20.232104798460377],[73.04884778037611,20.200209033216872],[73.07246441502372,20.154971242257844],[73.07928216793886,20.173239099195065],[73.11565911668511,20.152173150667153],[73.14187075696448,20.177363525090037],[73.13753463601003,20.207585318265195],[73.21772181670416,20.185927399509698],[73.1853826043063,20.155836699242865],[73.18699106101992,20.129449523300263],[73.21389880571846,20.118991547278547],[73.20952362916037,20.084999534171686],[73.18852901253595,20.078103154849885],[73.19092213539386,20.049592527130105],[73.13638508566457,20.086367100803237],[73.11198308521165,20.071174838128584],[73.10226259021304,20.09123696216836],[73.06369288800676,20.09958665286473],[73.05062324136628,20.063743640171673],[73.04020389126484,20.06643315123655],[73.0007380205226,20.112303459228343],[73.01320452540648,20.12956004524578],[72.99922155660494,20.142566101552934],[72.9918182689915,20.11769696241634],[72.97049909403873,20.115608900203735],[72.96483205597136,20.21848779235196]]],[[[72.95277199107913,20.314212337568485],[72.96296665956932,20.332475764290326],[72.97909769225795,20.332235668904765],[72.97083809191508,20.29685937304363],[72.95277199107913,20.314212337568485]]],[[[72.80524405732633,20.376061506266947],[72.8462685542316,20.478029978364354],[72.88799849554634,20.460707867949594],[72.89532239809905,20.444307912187092],[72.87484325924929,20.445574858424155],[72.85725456563961,20.41892397586066],[72.90404537369344,20.414977031853557],[72.88275834859274,20.397849832897425],[72.890667616885,20.372647530629077],[72.80524405732633,20.376061506266947]]],[[[70.99441972029503,20.71127403265449],[70.92804182310488,20.712265231812278],[70.9133218253525,20.69950647186943],[70.87092710975682,20.707617708896056],[70.87806508301928,20.728536700030713],[70.91949278565228,20.7430953422739],[70.98055119158852,20.722718237628396],[71.00544296193752,20.73916949147639],[70.99441972029503,20.71127403265449]]],[[[71.14963449211872,20.77143197661705],[71.14607381247926,20.758975592258192],[71.1463914926009,20.77134340428926],[71.14963449211872,20.77143197661705]]],[[[74.15736981222605,22.41164195837882],[74.17523343640573,22.41806248368491],[74.1795535942494,22.38874326116686],[74.1650386179613,22.398003966725394],[74.15736981222605,22.41164195837882]]],[[[75.03904991213905,16.453032709134966],[75.04121307872799,16.438957141574743],[75.03740857148016,16.43926640069772],[75.03904991213905,16.453032709134966]]],[[[76.72879202165919,16.771603901333258],[76.73884158889031,16.751664023919382],[76.72381958921363,16.752612544064952],[76.72879202165919,16.771603901333258]]],[[[78.21921110087162,8.834610596226337],[78.20999915485424,8.839223907916779],[78.21578727671772,8.842005241891123],[78.21921110087162,8.834610596226337]]],[[[78.49274322233795,9.086424731634999],[78.4904713098387,9.093301429833113],[78.49482352575201,9.091347137720021],[78.49274322233795,9.086424731634999]]],[[[78.57934269811695,9.112824415931144],[78.5844226832439,9.10609172289092],[78.57095495429866,9.101131516403262],[78.57934269811695,9.112824415931144]]],[[[78.33899144024349,25.429622263168273],[78.33899143986949,25.42962416561528],[78.33899207188954,25.429620998868742],[78.33899144024349,25.429622263168273]]],[[[78.90124641179393,9.182778759172669],[78.93719352713866,9.182399770848601],[78.90344376288404,9.178451479173175],[78.90124641179393,9.182778759172669]]],[[[79.06746813632982,9.209688237013202],[79.08198491567765,9.203214415049269],[79.08869452686962,9.192806689942284],[79.05893187614994,9.19602080799962],[79.06746813632982,9.209688237013202]]],[[[79.1937428041181,9.232075431049399],[79.17949406813808,9.248619206942763],[79.21267506107246,9.246502232765446],[79.21357462821524,9.240742514130462],[79.1937428041181,9.232075431049399]]],[[[80.47349964492291,25.06307685593407],[80.48080538242448,25.06287402652673],[80.48516574915634,25.054630615832885],[80.47349964492291,25.06307685593407]]],[[[80.44418082800492,25.127163429519644],[80.46126059917385,25.11544855002211],[80.43933862470958,25.118192861207284],[80.44418082800492,25.127163429519644]]],[[[82.10768687134868,26.075223474969814],[82.18400120301384,26.040039790889598],[82.20115598965648,26.01682663966494],[82.24283844191139,26.05650562600736],[82.31890072854262,26.038551028661455],[82.34550216335319,26.003523442057933],[82.37999889221136,26.031219039559353],[82.39834335331342,26.011278205761535],[82.43393289452705,26.0066602140117],[82.43403551014951,25.985548255572798],[82.36889601161631,25.982323809904855],[82.34411702571042,25.95664727306979],[82.39050908747991,25.93327392899202],[82.39332592038899,25.90939201803641],[82.3501427860094,25.913823381424958],[82.29569322529682,25.89225113816074],[82.29015992860546,25.86315311629743],[82.25969313525864,25.83590571018218],[82.21813936212986,25.84033320600501],[82.20625933512778,25.820759995724],[82.18280827187738,25.829523211101495],[82.16989537098605,25.790005921465035],[82.19808706788034,25.76677609196988],[82.1877281648438,25.70788259974881],[82.17045464286242,25.70441372186865],[82.16326332952619,25.68032358075631],[82.12706324153032,25.68177269914576],[82.11058556603318,25.65096828282953],[82.06364635635425,25.655112900085083],[82.05976624703885,25.68414556970825],[82.01234305760264,25.694655253183782],[82.04510153879272,25.70769787928234],[82.02148123972819,25.743536821470787],[81.94704126721442,25.740083318981984],[81.9287315455988,25.753899070616527],[81.91088586544316,25.71657111952292],[81.88586610482359,25.711831143357294],[81.84316374838542,25.731327316632093],[81.82235002189367,25.725516574048],[81.81973604248319,25.741972594745867],[81.78805690411139,25.75004115550117],[81.75104299817002,25.731074698676363],[81.74024477674371,25.69935213451795],[81.74988712346716,25.66896915792592],[81.69649317272363,25.66961632366469],[81.73054067857802,25.6383017386348],[81.7249997910173,25.621906831880597],[81.6838495042127,25.63497420769836],[81.65873522798822,25.608540267836798],[81.63133539207182,25.639111356397404],[81.63929800533602,25.665042795652045],[81.60687691880615,25.668472447009165],[81.6010670204372,25.647148505024916],[81.62031568822572,25.628192595505926],[81.60402657799084,25.610754273880634],[81.6107094092659,25.59794040824698],[81.56529776475104,25.572407697889386],[81.52501871759652,25.62070140039703],[81.46733812708852,25.62069464363254],[81.42272763914806,25.67354069627708],[81.36909908139744,25.70198487270854],[81.40194573085542,25.76049907410285],[81.35723430830728,25.780094331355347],[81.33837334916893,25.810702522826737],[81.35227773152118,25.836049717547127],[81.32496985443218,25.857302149151824],[81.33255819538122,25.869974460320172],[81.36900570966989,25.866635935443465],[81.371194919136,25.89666078756146],[81.40313259496865,25.890722699997706],[81.42614927733204,25.918177348883447],[81.4482475423163,25.920429285970098],[81.44346566331564,25.937736728701232],[81.48570061024616,25.933301000005166],[81.50580157081211,25.952353310082582],[81.49180854972371,25.966516198179523],[81.50238793543677,25.97499058438766],[81.52456667405258,25.955734732600547],[81.56913467720919,25.975239501206715],[81.59203788044348,25.969397041660656],[81.55858391360424,25.999748247332207],[81.5676542322682,26.024783430982115],[81.51664050806359,26.03855527127532],[81.56704068867435,26.07347525380236],[81.53503518415404,26.103452873488674],[81.53898999121456,26.122504998816602],[81.56920462108731,26.146484264867066],[81.59956261690691,26.143406007577788],[81.61829623702609,26.18069034673782],[81.65970276724829,26.11734114378485],[81.68212801700277,26.115573958757054],[81.68655197459594,26.076800154468145],[81.71552353734722,26.065872262201655],[81.72471167442525,26.093897139036162],[81.76901061081392,26.06735241861758],[81.78424142856693,26.028131067685784],[81.80286902211871,26.047284113992205],[81.85699918153725,26.046066052900823],[81.88491242610387,26.081513105770195],[81.93382657379419,26.052750393487976],[81.93976441774963,26.075415551775368],[82.0547204643908,26.052707465460006],[82.10768687134868,26.075223474969814]]],[[[86.7878657436228,20.38347220879179],[86.79968250663175,20.481416376201135],[86.80824398135772,20.45311851770391],[86.7878657436228,20.38347220879179]]],[[[87.08137504726555,20.75388553680079],[87.08638077870964,20.76383161541561],[87.09422310415304,20.75328260476654],[87.08137504726555,20.75388553680079]]],[[[87.41835692828349,21.570536665707998],[87.42183668515895,21.582823058210995],[87.43009873005664,21.58620742588711],[87.41835692828349,21.570536665707998]]],[[[84.71761552589079,25.00642452482544],[84.74730832421886,24.989469506932956],[84.73100035285451,24.982160405253133],[84.73723974640514,24.95665319502538],[84.71072950079792,24.95118974058318],[84.71780627027536,24.91710756186471],[84.66362822471771,24.888175154888387],[84.6711921501235,24.872850458680606],[84.64112117323317,24.878451925462684],[84.67515577781076,24.833086871616807],[84.69549949732688,24.832029276495415],[84.70353223749895,24.800550912596584],[84.73520286136528,24.794634030089306],[84.72476013850081,24.788332060633003],[84.73470929482298,24.765299522534423],[84.71824013041419,24.762633842208388],[84.72262994413492,24.699130563476178],[84.7028804766072,24.698740342325582],[84.7002104466892,24.679069883881784],[84.66260140495677,24.68209928591198],[84.63477506070998,24.650117620563226],[84.60258357772014,24.655542049696987],[84.59686565965119,24.596350949091086],[84.56410974070612,24.568109634975745],[84.58126405914955,24.56180048536065],[84.56953710602012,24.544249546858232],[84.48985388501768,24.512600546106995],[84.46763524047171,24.53654921046058],[84.44779248060422,24.53543163161356],[84.43758127212874,24.572171425818855],[84.42424745288872,24.5554473544122],[84.4032513297137,24.572867850332127],[84.37027620941434,24.508490970345772],[84.32736541770264,24.48733333106164],[84.29813210412247,24.558762405229924],[84.27053174142445,24.560014216874535],[84.27972056927544,24.548527581014746],[84.25679268487839,24.526884557014483],[84.23639975147424,24.54932099710673],[84.20950306256314,24.53418027318353],[84.18723288841453,24.55292888435992],[84.17318399204449,24.544700399026432],[84.1786255199938,24.505638473836164],[84.15368349787651,24.511572205237282],[84.16420715073833,24.528181542957398],[84.14427905347851,24.53825171646269],[84.12473789219227,24.480739852797058],[84.09052198165385,24.496896258782847],[84.07286700026188,24.567205913997235],[84.03380881691866,24.629692687523256],[84.00779151216753,24.642891602882102],[84.03191898971639,24.694051765073162],[84.30242257641625,25.00849512145713],[84.41997264653186,25.07645980778984],[84.44524032226612,25.129056938068715],[84.47130310405703,25.11535265073616],[84.45798291127251,25.10209490350202],[84.47262096651586,25.089276113974897],[84.57067940104622,25.114849582878684],[84.59408766026459,25.101396434219073],[84.58143716935824,25.073539139369004],[84.61157104846129,25.102351499339672],[84.62512463889989,25.10359576502261],[84.62739370617906,25.079860280328635],[84.65253683364652,25.10437623392369],[84.68238382219025,25.10110137558237],[84.73607803936204,25.069044600973257],[84.7299798129771,25.039718826932056],[84.69894324768794,25.04199206036956],[84.71761552589079,25.00642452482544]]],[[[82.7157259823014,27.46803922004253],[82.75873586913177,27.4269084100257],[82.75571910941343,27.406135931197507],[82.7325421261343,27.416822459552513],[82.71565619908412,27.4010325685292],[82.69310274268341,27.417009662712857],[82.62933136401024,27.401355087589508],[82.57781054514142,27.422297511729017],[82.54257022222161,27.36901821108763],[82.49224151971471,27.358805646977068],[82.47236914444453,27.322681857569],[82.50989096714379,27.319260511273164],[82.48352968647569,27.302381701990104],[82.51325614433495,27.303605570208653],[82.49041408677923,27.27767570826086],[82.51107675479264,27.27619587286184],[82.50315093772144,27.25989511034052],[82.52433751797228,27.25435271955677],[82.4981950404955,27.23549847066058],[82.52111835149493,27.230422944915794],[82.51333336791018,27.21127541267919],[82.55015819051086,27.216371915522302],[82.54614166186752,27.20060343965997],[82.56568657088599,27.182337890465643],[82.51277804996502,27.17622270240143],[82.4791025728439,27.20211761687913],[82.44530795850905,27.182053943124046],[82.43918458914703,27.16465896456445],[82.46871484595223,27.133926076443153],[82.46044247346568,27.12063090676104],[82.43536906725159,27.140452918456212],[82.43890577373949,27.112402153242098],[82.42138280688081,27.085014660820868],[82.39952725392898,27.09300567905869],[82.40427416750461,27.074289484229944],[82.37107704729114,27.053103642684004],[82.32751455010214,27.064603657287837],[82.32305875882477,27.097236232648342],[82.29433080449333,27.10305727075862],[82.2340851501823,27.155072738921643],[82.22715704045152,27.17510407459907],[82.24575446899362,27.22215349237065],[82.27195314817496,27.235193041278155],[82.30124082670648,27.214441060931183],[82.30805695675907,27.227322851760466],[82.22704204938061,27.297356460243495],[82.14715946003287,27.332918426387995],[82.14223276617399,27.35833907417542],[82.11183169370052,27.378115042216027],[82.11780870219275,27.403810454184853],[82.07389705625361,27.400281900927865],[82.08272591126557,27.419054153306078],[82.05174075673608,27.447258161941324],[82.05880816131625,27.4935302301529],[82.04098645795244,27.540622110533693],[82.05542101845735,27.55435538638641],[82.03215105295423,27.550804211841665],[82.02165949902583,27.579780805507767],[82.08533585414148,27.6344161508722],[82.09206521743118,27.668805524106308],[82.1334678285494,27.70754100618524],[82.12438057993892,27.73502968802689],[82.16278387702735,27.79062795369108],[82.19113382115279,27.79756130976512],[82.20876947551055,27.843104595786137],[82.44867031220356,27.679315057073136],[82.69912611298197,27.72195250218248],[82.71447950440627,27.66259745124446],[82.73660162740579,27.643452775677517],[82.73546908146943,27.60919480788626],[82.75583724155013,27.58702616318309],[82.73776509711395,27.546555763270757],[82.74894972146616,27.52192111829318],[82.7157259823014,27.46803922004253]]]]}},{"type":"Feature","properties":{"zone":"Zone IV","zone_code":"ZONE_IV","risk_level":"High","zone_factor_Z":"0.24","standard":"IS 1893 (Part 1):2016","color":"#FFA500"},"geometry":{"type":"MultiPolygon","coordinates":[[[[71.5179140540156,20.912283880461374],[71.52135111719194,20.904750038742584],[71.50929144965147,20.90456080808664],[71.5179140540156,20.912283880461374]]],[[[71.1463914926009,20.77134340428926],[71.14607381247926,20.758975592258192],[71.08630603284074,20.755449473926227],[71.07914772090501,20.736894112129935],[71.05060915653723,20.730423527069913],[71.00215797281548,20.741900623195306],[70.98055119158852,20.722718237628396],[70.91949278565228,20.7430953422739],[70.87806508301928,20.728536700030713],[70.86930007931689,20.7035078814241],[70.82174168912611,20.691557739900237],[70.53713649938139,20.803829223779193],[70.32280094975945,20.926036336270432],[70.07300287991114,21.13183907773459],[69.61596368678944,21.624551772483596],[69.56618522938864,21.651500898253314],[69.21655217537295,21.957508263874967],[68.9811977708463,22.2122974137712],[68.97375680082803,22.236539527661144],[68.95822020435763,22.23809821922624],[68.93575780234615,22.31182599281425],[68.97713226874875,22.40355146575645],[68.98177477906728,22.401597432943586],[68.99637415486016,22.401599865236832],[69.00000000114767,22.404098472886666],[68.98064699472494,22.4023119911907],[68.98447740116353,22.413435116375826],[69.06811613922834,22.481384881766306],[69.08362199316751,22.474589505064227],[69.04971037581309,22.437764618125378],[69.0394667633774,22.445710929642406],[69.0354895159588,22.390270195901643],[69.08184542878014,22.38820281555206],[69.11049032463424,22.40994426705458],[69.12797693770882,22.395107485163503],[69.12116961448041,22.375637591527962],[69.17582524084378,22.422958438125786],[69.19482859962086,22.421844962912534],[69.1876805251309,22.402522579517132],[69.20092196564951,22.40135635666876],[69.16786892724548,22.37325198473388],[69.18093234719886,22.37065613568542],[69.16335660584525,22.34861308966365],[69.15394066325003,22.248733449259568],[69.13378965759959,22.222644625075603],[69.1364011773686,22.195547181150673],[69.14815927511654,22.195015718848754],[69.17853219678021,22.212839494113958],[69.17915192181242,22.228141820238957],[69.19029735728122,22.243641731173465],[69.21281512649266,22.210349084319795],[69.23758762867568,22.222706491126168],[69.23360039314154,22.249918916442006],[69.25281528185141,22.266436430166014],[69.27951398086005,22.269935446641835],[69.28050996770726,22.26765575795821],[69.27994807791416,22.266485985642912],[69.28044894987637,22.264653077115714],[69.2797515102541,22.26300906147289],[69.27958312944564,22.260769321041252],[69.27995281612198,22.25935176090826],[69.28168082251753,22.257758754553603],[69.28261344323509,22.255736454990757],[69.28382855675486,22.254580940224383],[69.2928017422278,22.28679392953877],[69.33605159815959,22.305074287902087],[69.33272581387368,22.327830834137483],[69.4231875590964,22.31601181217448],[69.49028225824533,22.337438784810846],[69.49948164571111,22.366325327013158],[69.53477533691294,22.370877585666197],[69.53731809162291,22.372739265988237],[69.53760742592193,22.3759452375087],[69.54044202362218,22.377206499354788],[69.5613232530271,22.35584045634755],[69.57958145602035,22.367355982311317],[69.59765943581814,22.346160500107526],[69.6173519852679,22.3454174251561],[69.62113264030111,22.371827623821197],[69.65536624173606,22.35956545963226],[69.66090519871615,22.396242069199538],[69.70216056243335,22.398692648295913],[69.69614788313842,22.45252658951616],[69.73069096692458,22.484552117069352],[69.74367094813222,22.45894150199452],[69.73283018691716,22.442829738202146],[69.74603875898774,22.428046290026053],[69.75907617652096,22.443302872634064],[69.78971938889718,22.413773766213524],[69.79758191118816,22.404575556472988],[69.79123782103018,22.38357183111763],[69.79185152271862,22.380172041340177],[69.79653031558819,22.37773874950535],[69.83282270720015,22.447073229781743],[69.87099655928628,22.422967010989762],[69.88779976389438,22.45463538692855],[69.93740635270598,22.463268987593263],[69.93984891198876,22.48278802612696],[69.97925548326747,22.46816627533446],[69.98766159492166,22.51046601970189],[70.01029611079387,22.4999234839171],[70.07312351216459,22.517825905839246],[70.09121662943916,22.50816147424235],[70.08582957036332,22.494058390599434],[70.11629100357663,22.501035661500186],[70.11811114884387,22.48703377111978],[70.12021143572245,22.48635094155673],[70.12414590046997,22.51261633163719],[70.18472498485636,22.522164999409984],[70.17918217931243,22.567521989066005],[70.26350892659977,22.653458810614893],[70.27868816812143,22.725271910153044],[70.41330861158501,22.81839049104532],[70.46232273826658,22.831307174900356],[70.4910929042819,22.88988667661327],[70.53514913901125,22.912056693829165],[70.5396536920423,22.925498277450377],[70.47881155359991,22.93777173892841],[70.43894560760094,22.968350509096876],[70.54083429174813,22.960403345059195],[70.56170463246829,23.02900039527184],[70.60215755001813,23.03425287356564],[70.5971179789495,23.06093988256098],[70.62932569671577,23.062468017303736],[70.6936691910121,23.120144012900788],[70.76605867207938,23.146113415668207],[70.76456805654063,23.166041001200057],[70.7883188198791,23.166371675316753],[70.78857761847095,23.150840756272352],[70.81857226949305,23.158601542243584],[70.81557405344229,23.136513772638303],[70.83376113711569,23.130144361170757],[70.8258798537898,23.08117820530492],[70.85731014129667,23.133191637534587],[70.82756185215197,23.157421557736676],[70.84660044860517,23.152400960041447],[70.84863828092935,23.169309382730464],[70.90157170115819,23.17075817675854],[70.95922802612336,23.194815091918702],[70.91890155143477,23.198375960296747],[70.8905664262876,23.182669947969046],[70.86291959045164,23.192359333484916],[70.87328819738917,23.203994458946767],[70.86019754144097,23.208468127378453],[70.89312665942911,23.224702828297772],[70.83310029359967,23.2498914516297],[70.81224584446483,23.230073642904873],[70.76767891310956,23.246104588050613],[70.72391346633334,23.217657588054475],[70.72800265312382,23.20585770032475],[70.6508026635496,23.22389509934325],[70.64902331974677,23.192038695861438],[70.57896288041766,23.177708816137788],[70.50124264363065,23.178119057973923],[70.42803121277078,23.21754627343731],[70.43630864418904,23.23337674581852],[70.42476094624111,23.237254584559274],[70.36635946951665,23.21985809483445],[70.30192960235271,23.223688577819296],[70.26757417635585,23.178462065333626],[70.20876640928903,23.16035382616649],[70.20729950314094,23.125617233736552],[70.14929481150514,23.03699612969234],[70.18861668431826,23.072814228950318],[70.21081553909494,23.074633138538736],[70.23025408448922,22.972659561672963],[70.21604712375932,22.946571943638244],[70.16439293461265,22.93828157202833],[70.12053864817446,22.963290741238154],[70.15814293352027,23.03230344545145],[70.14820653611605,23.034815636125547],[70.11809968767322,22.991269875140638],[70.03654577744481,22.952690049678782],[70.01675166166635,22.920242544378734],[69.96224085964256,22.893587820580002],[69.92704755337306,22.896028149751817],[69.89874381377236,22.87126118594043],[69.80066324034696,22.851059720929836],[69.71281389650838,22.805911784144758],[69.65125401838127,22.795761856675743],[69.64593851741407,22.8100031902336],[69.605911023619,22.80295123299656],[69.57561946947773,22.81772737695408],[69.47734471790979,22.795520083453177],[69.45733680206962,22.814278436173073],[69.41683357259353,22.810867616844938],[69.46997805863315,22.77644853477321],[69.49470113635935,22.779867687967542],[69.47227428280053,22.773679406364543],[69.3812178470793,22.81877464407227],[69.19669927357135,22.837696026670873],[69.19418321783822,22.85185628110334],[69.1312418211933,22.87229325093001],[68.81295599144738,23.05792764617005],[68.87028131289938,23.027219635849775],[68.83672037637749,23.04636769694339],[68.84178640826397,23.058577191380163],[68.82121164599549,23.057235217141066],[68.81515309123084,23.07703104200024],[68.81179927869809,23.058780467400528],[68.75858853078995,23.080345475296205],[68.7498575216784,23.08801018829119],[68.76356023351623,23.087554791161487],[68.76513848375389,23.079022755757833],[68.77003431623773,23.07734199483638],[68.77848105154729,23.077550447997687],[68.78153682165203,23.08327721449965],[68.77233684359834,23.078309635646093],[68.76010939658946,23.099769724608905],[68.78364487593282,23.12001153599668],[68.7544322086506,23.123030678970828],[68.74586350716041,23.110018528563046],[68.71224607370678,23.15142888469308],[68.682776032215,23.15269333238638],[68.68260053398201,23.17584560799144],[68.6595520486181,23.197699895505426],[68.6737176759022,23.201890289500074],[68.66917101138573,23.21819927489938],[68.62098655119472,23.205726776783074],[68.65351776323313,23.23114699541004],[68.70199568446016,23.240056088449997],[68.71473927710778,23.264120833271676],[68.72452027252024,23.255134940812848],[68.72417230146112,23.266792327479052],[68.70554671179531,23.270722023324034],[68.71186612708414,23.286718994321024],[68.69930901392092,23.284192828481544],[68.71351459474486,23.317955857112693],[68.68139915145616,23.311848896013245],[68.68498524329958,23.328854686691887],[68.66050645651605,23.34745415934669],[68.65233618261313,23.303143385501603],[68.64002581509313,23.323186223736027],[68.65262183136802,23.33555493402439],[68.63596471826831,23.33889352839815],[68.62037670678922,23.374005167027544],[68.54348824834814,23.420210910557515],[68.53062857853885,23.445201712163154],[68.54626542163732,23.465061336474882],[68.52878044295163,23.449913933891462],[68.48359327007373,23.548707954604723],[68.49290514759106,23.605833639436973],[68.51571224177849,23.621401649340616],[68.51064021661125,23.639479002180337],[68.52901931029555,23.635798343010425],[68.53337138173451,23.64923632337845],[68.52073204208456,23.64958959885147],[68.54291074862967,23.6532369624241],[68.56795562602872,23.68494484395952],[68.54828935053209,23.691812114785915],[68.55718927220585,23.716632714062026],[68.57330456362499,23.721442253258672],[68.58723565462978,23.702625050926354],[68.59682106407837,23.7240530291082],[68.61276790766051,23.7179513290139],[68.63215630388015,23.727820207905207],[68.61568005593747,23.725869956017444],[68.61847946886066,23.738018688659484],[68.64884573399884,23.738901575767528],[68.6352878120054,23.761017321162253],[68.65060268479867,23.79258991621486],[68.68148783737462,23.794956041426936],[68.70830872119235,23.834273022054724],[68.68823481471419,23.846445512241566],[68.60264907452834,23.829523848785776],[68.57671731272599,23.817283855447382],[68.52700274465306,23.745821244181613],[68.4209767978501,23.733208776013694],[68.39470568575283,23.601033765843294],[68.27808122521733,23.55972858463542],[68.18823001057811,23.58180509909255],[68.18537094402424,23.59555322783444],[68.19221000413387,23.586697246970235],[68.2076691365171,23.586156891629397],[68.17786385521705,23.614093000371508],[68.18632053080502,23.64528114437894],[68.20846984265826,23.650670091956677],[68.18257100124374,23.655038639607454],[68.20665938784578,23.66888878160239],[68.18165449355777,23.72163315782756],[68.20263908150922,23.766671861849638],[68.21034972698541,23.877182094868925],[68.27985303082602,23.930816349206076],[68.33291688214311,23.925097221632537],[68.33903483559799,23.966951769776255],[68.36893287467693,23.98477390183834],[68.38966023246788,23.966593768963158],[68.7530259907291,23.971310423241608],[68.764704346583,24.295843707592905],[68.8263116826843,24.317362932570376],[68.86482148021472,24.212780055047936],[68.88029183182842,24.21656756990273],[68.90675031807912,24.27978604101358],[68.94528378389157,24.30249276013558],[68.9847412704354,24.227609707911505],[69.00532841191095,24.223119658696962],[69.09475349044915,24.274494283482294],[69.19375350716436,24.236114447374657],[69.3127396403665,24.281601873675967],[69.49400610708014,24.26778014142675],[69.59444602115286,24.292398464786615],[69.73121404843693,24.171056605232987],[70.02505731492079,24.171284910010904],[70.06681013005067,24.19915917569277],[70.10986838129497,24.29497470999382],[70.32558535976045,24.35187635723692],[70.36845917893947,24.350768959097564],[70.57312169401341,24.422362307941356],[70.60246854048117,24.408122716745066],[70.56204197156062,24.354456479430088],[70.58453131178514,24.290362479199217],[70.57122975731507,24.251734939701535],[70.66694316451063,24.219582796888268],[70.80643910961693,24.221120853965246],[70.90725775531813,24.258779151394588],[70.87450508926729,24.29449034221],[70.94767983322699,24.34805173278393],[70.98654247988614,24.36470894190722],[71.0421337103177,24.351252424648106],[71.08188923646222,24.392911603291626],[71.12184387168496,24.40566075251626],[71.12552648573998,24.420078917981737],[71.10306730709,24.435696361958183],[70.99856518363602,24.44442675680639],[71.00520976704364,24.523020742100368],[70.98735474419244,24.543420541072],[70.99882236770141,24.62184256067023],[71.09648953096563,24.688724658552495],[71.28782335918694,24.616229048098873],[71.34816852375351,24.66093540576868],[71.35863893366874,24.63075172928901],[71.37780447619686,24.625967606797616],[71.47917032805957,24.679647018306582],[71.6075995128294,24.6765536321661],[71.65536604646064,24.639188869521355],[71.7915287807319,24.677338599557146],[71.81038561312667,24.656064279920074],[71.80589954976372,24.6267508714488],[71.85216726110689,24.609362613451776],[71.87175129847469,24.68176668040734],[71.9186119236912,24.672113622290375],[71.91544280590004,24.649513038664136],[71.93987304023726,24.633804578687425],[71.98829642817363,24.657532524796412],[71.99383487748358,24.695061768224278],[72.06132921601603,24.712108768889017],[72.08519862058826,24.706411088046806],[72.08981676634431,24.658695079553247],[72.1245705107371,24.638602584400516],[72.15025728466271,24.6436694512684],[72.16480966135518,24.621276722776127],[72.1965718047117,24.614719426945094],[72.23036762902159,24.64060954228187],[72.30498512790578,24.61754576235123],[72.34733443819422,24.628455974265737],[72.33558553734635,24.598584301231405],[72.2763436901565,24.607526910967692],[72.24639573599018,24.585607133149093],[72.29543500520852,24.546625793813934],[72.32899109295963,24.552408371709685],[72.33093497156943,24.56930500684023],[72.35372978792559,24.56376194897321],[72.3885790676574,24.50767992744711],[72.44108063385582,24.515326068524754],[72.43021761970566,24.48017440061298],[72.45724301288816,24.414798729492272],[72.50042389235071,24.417054611295352],[72.49319275086494,24.459083861673307],[72.53824382351151,24.519682094714916],[72.57594281443033,24.478854709538464],[72.68335799608167,24.46387720493977],[72.68914572936443,24.411732281890423],[72.73086080373666,24.364301029187306],[72.84976014048516,24.37204137977342],[72.91153985664613,24.337288514432174],[72.97449546374276,24.36816369516111],[72.95360527437487,24.39233127296151],[72.98121427108539,24.43438135088489],[72.96796309793525,24.45090730988832],[72.99100714964648,24.477601130464073],[73.03522840691471,24.46384714958447],[73.0865928555216,24.49814393308127],[73.10282872216509,24.43300854349841],[73.07650293825789,24.396600703678594],[73.15257023745204,24.353842771541707],[73.19686667845235,24.376082586974277],[73.21721463911163,24.36751709017314],[73.19856569156453,24.331933314139583],[73.17634880740901,24.337878746263325],[73.169220863017,24.300304947138688],[73.13543796613223,24.308432401571583],[73.06545051637238,24.193895686986195],[73.12521954225355,24.12486089063494],[73.212647882067,24.075850311329486],[73.19314122111827,24.04099606063573],[73.24279151250722,24.00228194105395],[73.31738547069847,24.053207152258697],[73.32700553580446,24.10922412626435],[73.36199341446681,24.1046623211254],[73.36086949523977,24.08128249491871],[73.40254798617967,24.044298832639402],[73.39787929846987,23.989510301974423],[73.4149572100418,23.985780507316782],[73.42082620817351,23.930824829338494],[73.3874602448122,23.915906224434284],[73.36112328396118,23.872699809794092],[73.36814215109422,23.822153739436015],[73.35184395379211,23.791396262300783],[73.37077148256775,23.765258278692002],[73.40024792363958,23.785056583823227],[73.41801571134273,23.776807140156],[73.47351839935806,23.70523262214792],[73.50739416834092,23.703042673980697],[73.49660525033897,23.649156995173072],[73.50877367284494,23.644387253316776],[73.4937654768134,23.63233833394183],[73.52308171679726,23.60690025000323],[73.57265586293191,23.653766271886838],[73.61548049831018,23.652116178237367],[73.65565542756967,23.621288519277886],[73.63306774522171,23.52868590344312],[73.65636475642846,23.50745751418945],[73.62720945755339,23.44857133821048],[73.64745595429105,23.43645216768535],[73.69739915180945,23.456671344558867],[73.7208055721983,23.410134592577684],[73.7557306878993,23.4543226686736],[73.78627736104026,23.430225282702192],[73.82870546414877,23.44769257606535],[73.89192593316558,23.33411178792347],[73.93565696230303,23.3397304747034],[73.93800771928692,23.36793774222273],[73.95749830849401,23.379544868812474],[73.97553432231288,23.371515996209357],[73.981395448563,23.33813909879217],[74.02865472737906,23.331672176508675],[74.03306736996672,23.305990334871648],[74.04485577887347,23.3088093880631],[74.03816386000615,23.293446572183587],[74.10057907829072,23.29381131490108],[74.13264018757619,23.266191221519218],[74.12147561851371,23.176193231968544],[74.17887766025135,23.147279369070695],[74.20121409123165,23.1893032800688],[74.24079861701709,23.18469164896698],[74.2871215546303,23.11712178025608],[74.27889032857692,23.092185379027867],[74.31133494999717,23.07419215904972],[74.32192670250294,23.041222576467966],[74.34638471390056,23.025310027631846],[74.3654647513702,22.97589618157667],[74.3394951685314,22.952888925906908],[74.3934081513121,22.89660287823753],[74.44683278379867,22.92108115727501],[74.47643252535171,22.854815947177926],[74.46477297319123,22.816391002059945],[74.43378343200109,22.807899344752443],[74.37906031342366,22.63443338840875],[74.26355658680781,22.643972394501997],[74.21003311338356,22.564258907198283],[74.18329549646589,22.5664880434464],[74.18951224373308,22.553599175424836],[74.1506681417639,22.521267707112525],[74.07463853097606,22.551401854314115],[74.03789415255339,22.534513197712936],[74.03158306251828,22.49362541184633],[74.08251701984558,22.506784617964673],[74.0753250248399,22.464295363462735],[74.10415265741435,22.464527113818427],[74.09827354695267,22.442699544211692],[74.11911208773995,22.418761461752712],[74.15114795381024,22.456109520528553],[74.1604488393489,22.43121050846403],[74.1841258757933,22.441538833167336],[74.1878961954133,22.4755056572682],[74.20276404941062,22.468676416838193],[74.20078297579869,22.43543159591676],[74.2527856694089,22.43294768034314],[74.29117835714545,22.39401242165205],[74.25905471336789,22.398322353267965],[74.24329440769252,22.376052243848097],[74.22370730452994,22.379944166894106],[74.2245889955627,22.357055527325077],[74.20624994080237,22.3660830717665],[74.19033380712263,22.320259912643614],[74.1278608677537,22.332735857158045],[74.10507335924346,22.37181499287276],[74.06476597121181,22.354606558184877],[74.07156887799918,22.335987708427453],[74.05236002623631,22.294362473079108],[74.08718277238575,22.242794825610847],[74.07223765333461,22.21905791527054],[74.1222027809935,22.21042803440601],[74.12455871616325,22.097926128489195],[74.15255727470472,22.106006156033025],[74.17669214962288,22.089049111045096],[74.1600752987157,22.058818024311062],[74.09204527892058,22.013691263130045],[74.15045942617233,21.986739862712962],[74.14626303402501,21.946440605011734],[74.04789500699528,21.92499989713373],[73.87428774531777,21.84257322672809],[73.82496737300703,21.84235830454857],[73.79594193356702,21.82455128071997],[73.82786557109233,21.80866824364522],[73.83751727367238,21.790124891242122],[73.82486471487601,21.759555345090003],[73.89181647046085,21.692148437454907],[73.88801486034409,21.653246096192046],[73.78051493385868,21.628592071775806],[73.815450182565,21.597666218528758],[73.85355659015525,21.49746588956803],[73.90422763033607,21.524509230974232],[73.94929301902113,21.51273581650136],[73.95445281578068,21.54065438328177],[73.98227009437409,21.522598038263787],[73.97418615520502,21.543276273707765],[73.9960766504239,21.538768432405952],[74.00566439324686,21.552482389611285],[74.13847283102761,21.549733044768928],[74.1758645504776,21.56899839303804],[74.19584492691183,21.53206256000323],[74.22861134251025,21.55354087107821],[74.23621739729592,21.53970309876657],[74.26333080824126,21.539898866737598],[74.29552639041675,21.56907383489767],[74.30362590688071,21.552169897535954],[74.33116030155767,21.552424658687013],[74.32078812886307,21.498496916183274],[74.25356113576159,21.467741786122705],[74.21415740272433,21.4816820400434],[74.20928101063612,21.462188049146487],[74.12377389704861,21.466416865879136],[74.10071375354534,21.44763123246998],[74.06417923499095,21.47466175074133],[74.04462436071434,21.419193911486694],[74.00087218282016,21.4208420287731],[73.96928301799653,21.397089005443927],[73.94642606830847,21.40506642493237],[73.94272638862513,21.300313487361805],[73.8796131191102,21.265957020996233],[73.82314512011794,21.265407688447862],[73.81576154634563,21.17396026178255],[73.78470072244892,21.183985727524735],[73.77230552407606,21.16463692026597],[73.740086881983,21.1711165859985],[73.73320969284869,21.142354498335237],[73.71755943881158,21.140905265315382],[73.701777441492,21.15368899515521],[73.6274290155547,21.143351906973177],[73.59959966585433,21.18169534516975],[73.57764292024767,21.16791712243167],[73.57851957873629,21.150481251042116],[73.61763322181132,21.142697032496788],[73.61846190664004,21.118455302862557],[73.6889488344021,21.100794232256284],[73.70273888278774,21.114878213777796],[73.73301841020984,21.098251499902847],[73.72993213111779,21.082434000441914],[73.78032627246432,21.064526577322585],[73.80774103758782,21.084893089227826],[73.81051892507973,21.058371609885178],[73.7955255628002,21.04451920290431],[73.86790697114517,20.986082193983684],[73.90129759322264,20.982304573540308],[73.90797625087417,20.959736546809008],[73.89231190124023,20.95571067280733],[73.88819919241959,20.933591288307618],[73.91753820300737,20.907781242237952],[73.92372418784117,20.851377786976546],[73.94031846935783,20.83943875457276],[73.93186149207031,20.760622976077016],[73.94266122069703,20.742083694145542],[73.91774439847777,20.72506132080717],[73.87485795283261,20.72973224441513],[73.85517076160811,20.69225128205777],[73.81185203884922,20.69203343569316],[73.8390909024418,20.65877452289571],[73.8242936684677,20.61190584175097],[73.77539284381311,20.6002241069793],[73.75546703929153,20.570837810490275],[73.69537703201217,20.57837271241054],[73.66086281076014,20.56247273866416],[73.62968481391755,20.581259884644126],[73.59951497861061,20.636903126954145],[73.55079944895392,20.6485594773935],[73.52135561711663,20.6754432443956],[73.4892348935696,20.655733594998384],[73.47464810384226,20.720387873804082],[73.44985836326994,20.71756444652098],[73.44429722839577,20.68110295769919],[73.39411369346195,20.640781780990277],[73.42112018772436,20.625868281497116],[73.43094264627996,20.594219875727905],[73.47315309625968,20.584635287150384],[73.47529831374365,20.54332818666322],[73.4936242443206,20.538068466618366],[73.46986591270604,20.520307169358727],[73.41957410564846,20.413066595246317],[73.3797679802838,20.393503235476352],[73.38272696162386,20.37306195050235],[73.40450690870128,20.38609816878534],[73.41266720591538,20.360881639870836],[73.42770046481428,20.28011963942329],[73.41215024364678,20.265513150227257],[73.42121134798674,20.206586015740942],[73.38930254884784,20.192621692753075],[73.3824971494902,20.211729929283376],[73.36475366805148,20.19558480806381],[73.35649961142798,20.21300288282867],[73.34383558490187,20.199382860295625],[73.29906433289011,20.209169909962817],[73.28305019555343,20.19805228547445],[73.27922546657803,20.150144173092794],[73.24878264545144,20.123094331903793],[73.26972474423853,20.106555701845057],[73.25981500854272,20.062588811365067],[73.27124973200662,20.05288399689544],[73.30859931405557,20.067522004900603],[73.31372637783895,20.049096633169007],[73.36346094038247,20.033673336194557],[73.36605883529413,20.019325505771583],[73.40639301915172,20.017018728976193],[73.43199564947363,19.98210564703599],[73.4507689978716,19.984785560174032],[73.45611233368737,19.95935896605651],[73.43912386799346,19.95400176734345],[73.42270669822653,19.9166486687353],[73.43625520781804,19.87241888085478],[73.41489714970011,19.859982122943137],[73.4224731632826,19.831821849453107],[73.44051177624428,19.826878451375975],[73.44710363123546,19.769887895922867],[73.49801839994846,19.760684158268344],[73.50176777582078,19.740496100872736],[73.4856019769205,19.725746026592898],[73.52854639498456,19.697728126892443],[73.56328402174414,19.61847845334772],[73.61400096145147,19.59548214575313],[73.62491699630684,19.543466162338394],[73.70663641868147,19.497368321301373],[73.68460197152697,19.444802280985396],[73.73071695765815,19.430231265659216],[73.73607806097543,19.410124845910715],[73.77798211804787,19.387241140911744],[73.7932510600938,19.33378710391256],[73.74686674287473,19.337233820038357],[73.6721377774793,19.306843969126565],[73.69326731473036,19.251469602819046],[73.65834242741444,19.239334882158282],[73.62968083885478,19.205716429802507],[73.6086533541524,19.21060889368596],[73.60637404121046,19.1904958424162],[73.5458291107288,19.187092982645847],[73.53284118022749,19.15354976386263],[73.54091595970621,19.122105407493066],[73.35838565690774,19.130772355858614],[73.30742831700407,19.106934116184814],[73.31878743016043,19.080156382679966],[73.29695883542281,19.072929268115544],[73.28430776744841,19.087633179484126],[73.25073923682974,19.061772575609492],[73.19407776392747,19.1274557933884],[73.18214590190652,19.105824356269],[73.13998986328927,19.12502275993224],[73.12871871333918,19.108580712837878],[73.06537210588942,19.11082165615771],[73.04752583032239,19.09981812706288],[73.04369348487974,19.007393856400068],[72.99814830362213,18.987000695096626],[72.89090920841305,18.978997061387126],[72.87824291965957,19.021936442878452],[72.85479457209424,18.99643074387196],[72.84363902595547,18.930888100049597],[72.80874090371016,18.893405216016188],[72.80356021647847,18.898814623173074],[72.82559494579486,18.91944616083051],[72.82413022154923,18.93870048904458],[72.81422982482687,18.953956999577787],[72.79249653705706,18.94990645139738],[72.83839863777264,19.047901605675857],[72.81701339796933,19.041474100804116],[72.83164209631109,19.083282301958043],[72.81730972999505,19.126992766737597],[72.80444427573877,19.14073944487452],[72.78798603555074,19.132692707770627],[72.79544022709395,19.195331526223686],[72.78128420820622,19.196336914676678],[72.77557590453516,19.22719089206636],[72.78585910872377,19.30637996894376],[72.83084947962318,19.32852098506307],[72.80120095011313,19.32355936374942],[72.74452256079387,19.37894329954029],[72.75989826465782,19.392120828735422],[72.74954767814275,19.48926932878],[72.72037936588887,19.50051818707246],[72.7110979081663,19.542444639606487],[72.70929519011908,19.59883447622533],[72.72532451293904,19.608334736203926],[72.69908773552929,19.661739855943605],[72.70814365730068,19.703810729679766],[72.67258735721119,19.722067101114828],[72.68351972387772,19.78914509818542],[72.67131674623032,19.813643073544494],[72.65429107994242,19.810619409861864],[72.64199056980551,19.84398236432704],[72.6459350287568,19.864445730946617],[72.6791357832122,19.86690464626329],[72.66421602373936,19.93348883916184],[72.7214176869556,19.988938748529733],[72.70788379712803,20.07002549045696],[72.7449901307609,20.117667573275067],[72.74241779730126,20.241200408078733],[72.756930558152,20.29099690718743],[72.79127520881114,20.34918706997028],[72.83594402612624,20.37331536725623],[72.89658871766997,20.379868213241824],[72.88275834859274,20.397849832897425],[72.90404537369344,20.414977031853557],[72.85724967579424,20.419782084317085],[72.87484325924929,20.445574858424155],[72.89532239809905,20.444307912187092],[72.88654674070291,20.462333963682863],[72.85812432978771,20.465636556411074],[72.88593742017427,20.497677181813252],[72.8979094363871,20.586399712075224],[72.85420015939422,20.714957914808913],[72.85287930543132,20.756905091309815],[72.82021273458018,20.793798370261985],[72.83923622085725,20.805248422485516],[72.78109235857622,20.918227356545383],[72.8199764124842,20.927503695034513],[72.81845829305804,20.948399368405386],[72.75465206581876,20.93865886034666],[72.72215695480115,21.037733279391215],[72.7248488115698,21.059385206850326],[72.74893359944582,21.057224080378095],[72.74118841245426,21.074457118089303],[72.7108446559435,21.079392983821915],[72.7024714920405,21.096159100617445],[72.68478788044793,21.08297367754095],[72.66495846573386,21.108342308668288],[72.63806292438552,21.0845429435373],[72.61950852771142,21.1027399472111],[72.63805831900252,21.211107909311597],[72.65479289922608,21.21687372995733],[72.62225692862893,21.24259340640954],[72.60034101131605,21.28986997820453],[72.60116760118842,21.38862422918045],[72.68285495034989,21.442973474868317],[72.68730213639948,21.452444538424064],[72.61312130104086,21.400109721815493],[72.57913441137775,21.409636445634572],[72.70283033945948,21.525668795093328],[72.74999998147986,21.527518969949792],[72.77022324076061,21.562515464279283],[72.76006327392834,21.560332328408077],[72.75445383873958,21.56627563005559],[72.80224034170475,21.587213313138193],[72.8301457012126,21.62844899152746],[72.8284574925701,21.65091484045514],[72.86790648887865,21.64221722379056],[72.87723776745474,21.67255860872425],[72.96297828451179,21.674034656541984],[72.8619065680901,21.687591180570728],[72.80129464704721,21.65768517611711],[72.73808078293939,21.69097005959948],[72.71291031626161,21.67958336435783],[72.60809172258266,21.68805508595879],[72.54355212668123,21.660507256341965],[72.5324714689611,21.718101497609794],[72.60717422348473,21.753050573730036],[72.61004497816816,21.79017976269727],[72.59302452050235,21.80491510944521],[72.62043153298055,21.82992539332295],[72.61033234142451,21.83968313544155],[72.62335263662237,21.883751333689066],[72.64816987316749,21.897309763449666],[72.69126520222947,21.88258134102455],[72.69190307742035,21.941874948567342],[72.71941253595348,21.939224115457428],[72.74828854445008,21.967462913404248],[72.72522339688874,21.99646598495384],[72.70780615112544,21.953397868334786],[72.63998974124115,21.956825762779815],[72.54536124952934,21.910988737933206],[72.52796675578857,21.93701622138936],[72.54785929479023,21.964388748164893],[72.53054446341523,21.95507532324874],[72.5258942453071,21.95987257863271],[72.53976175301905,21.961754187843663],[72.52813503164039,21.98226191128377],[72.54854345340186,21.99105121546674],[72.54316391576076,22.12634259484092],[72.58095837647605,22.199154521311414],[72.64996108179221,22.215462979189223],[72.65952980293478,22.199426990407375],[72.78268456548317,22.157569291561565],[72.78275586932023,22.19286689640121],[72.85379973759319,22.23885221836315],[72.84921907404535,22.274947928151462],[72.70286546598062,22.201425509845713],[72.62417667637419,22.233910530418285],[72.54090318643513,22.221603153926072],[72.30182374785353,22.034950293928105],[72.26886893768452,21.97060303428556],[72.21166860107762,21.96206702931507],[72.20419536314078,21.891069329571273],[72.24245950512294,21.829811416793508],[72.23548003693422,21.81203888812118],[72.20282372341215,21.81905541483163],[72.28284355258204,21.69695816344649],[72.30612665312485,21.626009207859486],[72.26995725936608,21.57264210577399],[72.23535452519022,21.456008320813016],[72.10784189927176,21.30247460329538],[72.0826664988485,21.245135050880013],[72.11232585565945,21.19885880702024],[72.01779218852555,21.153911487718204],[72.01022954580631,21.134670084535312],[71.9965979160862,21.141907054442914],[71.97390346058522,21.122232000405553],[71.89833422269584,21.109941461412326],[71.87896920100846,21.08875332097387],[71.81307822367458,21.067467656751447],[71.79763059472329,21.055218565189243],[71.80585534798648,21.038061182889475],[71.7166791908609,21.02075190841592],[71.68191229773697,20.996548285898065],[71.64708260470485,20.994203341941937],[71.63677115713197,20.980710438914127],[71.64771159356525,20.9746508546609],[71.61714827713945,20.966986520818644],[71.6074925646543,20.977959877813156],[71.61072965972778,20.966213924974156],[71.56558329629212,20.94895187674885],[71.51665436501166,20.948116549631198],[71.50666799242823,20.918769037693103],[71.43998249000911,20.869520803148212],[71.38449070588435,20.875797243955073],[71.37429150153544,20.867891681382112],[71.38406653326373,20.856757263673153],[71.32172641396195,20.846647211278075],[71.1463914926009,20.77134340428926]],[[72.85400466532498,20.751644516298782],[72.85399651934813,20.75168259524804],[72.85399645381855,20.75167340760709],[72.85400466532498,20.751644516298782]],[[72.9649060474327,20.22674335101105],[72.96193714711863,20.18346001780492],[72.97687886395774,20.178649989354003],[72.963583973034,20.126037208087997],[72.97735547199159,20.112780030693905],[72.99750427307872,20.142762568946505],[73.0109364451181,20.134601758490174],[73.0007380205226,20.112303459228343],[73.04020389126484,20.06643315123655],[73.05062324136628,20.063743640171673],[73.06369288800676,20.09958665286473],[73.10226259021304,20.09123696216836],[73.10606108972146,20.074165107317267],[73.11198308521165,20.071174838128584],[73.13638508566457,20.086367100803237],[73.19092213539386,20.049592527130105],[73.18852901253595,20.078103154849885],[73.20952362916037,20.084999534171686],[73.21389880571846,20.118991547278547],[73.18699106101992,20.129449523300263],[73.1853826043063,20.155836699242865],[73.21772181670416,20.185927399509698],[73.13753463601003,20.207585318265195],[73.14187075696448,20.177363525090037],[73.11565911668511,20.152173150667153],[73.07928216793886,20.173239099195065],[73.0735800393101,20.155621157292575],[73.06023621747984,20.161894314306277],[73.04880485323949,20.200859165320548],[73.06364650360257,20.227758802067278],[73.09774470716108,20.229297558543696],[73.14584764135118,20.288581069825568],[73.1663041654228,20.28787418808309],[73.15078107373256,20.318339355440425],[73.10280663653641,20.301776493134525],[73.11125489564972,20.337772789019358],[73.09580432161832,20.36132791117147],[73.07717279089788,20.323480550460015],[73.04174094765956,20.325988146212914],[73.03429242012467,20.291630363241772],[73.00615238396465,20.31279705929832],[73.01004604439326,20.291208895015956],[72.98117242489663,20.28926521554985],[72.97119254745706,20.269060524847347],[72.93794993054621,20.294387562079898],[72.91239135952829,20.27535050271119],[72.93064431801076,20.244409908928912],[72.9649060474327,20.22674335101105]]],[[[72.82555562277915,21.634440129117895],[72.7280108363473,21.585941252870594],[72.69479379021014,21.587971779532566],[72.64220657172487,21.53224534088706],[72.57562823498792,21.531768217171294],[72.58366484820698,21.584515492276914],[72.61146378120318,21.55225222291637],[72.6078042873575,21.591128622117324],[72.63427151776315,21.631956700653106],[72.7694218255508,21.6571148183404],[72.8158983730251,21.652847556434843],[72.82555562277915,21.634440129117895]]],[[[72.35509623010027,21.592485856605315],[72.34909349508126,21.60592239419774],[72.36115810992999,21.59569458789801],[72.35509623010027,21.592485856605315]]],[[[72.73430653364161,21.664947876971798],[72.72149732992581,21.65524768313332],[72.72018014673004,21.661968284995208],[72.72964930224221,21.66183894251355],[72.73430653364161,21.664947876971798]]],[[[72.71709970018019,21.66325646362507],[72.72639868357608,21.67035534353678],[72.73360649785016,21.66565753748133],[72.71709970018019,21.66325646362507]]],[[[69.43980232975858,22.35376299576708],[69.45526478217324,22.356821900012157],[69.4590483582602,22.352191699391696],[69.45245071040496,22.350700506732377],[69.43980232975858,22.35376299576708]]],[[[69.33982117946343,22.380389023828684],[69.3233596415718,22.381291291270575],[69.33940896325574,22.385974093296664],[69.33982117946343,22.380389023828684]]],[[[69.48308301710725,22.39167259372934],[69.47922773122954,22.398068864224474],[69.48461479366158,22.394525253587144],[69.48308301710725,22.39167259372934]]],[[[69.50770245357732,22.432394809859996],[69.55128209255632,22.407653881571832],[69.54130106890885,22.39414833378372],[69.55826528829381,22.37615362392834],[69.54084301099721,22.380552566205605],[69.51879696693165,22.372430299522197],[69.50770245357732,22.432394809859996]]],[[[69.65680687878735,22.426941957316323],[69.60680975967367,22.41717411070829],[69.5908037868929,22.43970306970615],[69.62892829229315,22.458851759430406],[69.65680687878735,22.426941957316323]]],[[[69.10725371912268,22.458923597343563],[69.10780756365921,22.43758107713767],[69.0844471151845,22.422156998962237],[69.09397292146357,22.46091069632291],[69.13320389868345,22.476510775516765],[69.15016409627032,22.468312677281897],[69.10725371912268,22.458923597343563]]],[[[69.29233299526285,22.459201604222756],[69.29843733207221,22.471874385753303],[69.32737685724223,22.461698867363356],[69.32145879722097,22.451637088932802],[69.29233299526285,22.459201604222756]]],[[[69.3506201369058,22.504151691746912],[69.32126998621861,22.527420786330694],[69.36346300550358,22.512199150931526],[69.3506201369058,22.504151691746912]]],[[[69.93294679961119,22.519276500453056],[69.94507050003298,22.523351500207127],[69.94003560061768,22.51668210039264],[69.93294679961119,22.519276500453056]]],[[[69.92835929368746,22.530825018471912],[69.93143215139588,22.521874759766092],[69.9275402043228,22.52436400032805],[69.92835929368746,22.530825018471912]]],[[[69.87219590022072,22.523053200036347],[69.91677379993008,22.548833299758346],[69.93448639943665,22.53455029928837],[69.92801340047977,22.53128510038657],[69.92676989973432,22.523546700485827],[69.92961079968794,22.5186006996619],[69.91354159989679,22.513361499884276],[69.87219590022072,22.523053200036347]]],[[[70.04016152277013,22.552843960585562],[70.05430180710705,22.531923147367596],[70.04821546748279,22.52375091013613],[70.04016152277013,22.552843960585562]]],[[[69.95664289956564,22.54569759984954],[69.94837819993779,22.536321099910037],[69.93953879980992,22.539458700636253],[69.93992719933978,22.548670599836978],[69.95664289956564,22.54569759984954]]],[[[70.02247349953683,22.56508470022981],[69.95918059989712,22.550556099965643],[69.96742310002217,22.57584999961262],[70.02363060020448,22.586564500522705],[70.02247349953683,22.56508470022981]]],[[[70.45601915494122,22.997536274510775],[70.45243856000654,22.987474276669598],[70.4297382450556,22.975988852700755],[70.43573971316248,22.984307690063453],[70.45601915494122,22.997536274510775]]],[[[70.44945921186167,23.04901970607187],[70.43120906214303,23.00624387940047],[70.41346965559372,22.98666714153433],[70.41558087858894,23.01715237239277],[70.44945921186167,23.04901970607187]]],[[[70.45587595215825,23.042853653940902],[70.45117760309428,23.02540575785091],[70.44832964559951,23.026635195791147],[70.45587595215825,23.042853653940902]]],[[[70.43964014750038,23.043050885316255],[70.42953235133659,23.032693026096176],[70.41636396369684,23.02587502704945],[70.42804851088975,23.042540587695523],[70.43964014750038,23.043050885316255]]],[[[70.46410783093602,23.052799993382756],[70.47973317086694,23.056722824677347],[70.46081466710716,23.04536126995298],[70.46410783093602,23.052799993382756]]],[[[68.54684079002166,23.674430861138248],[68.52408973870257,23.661618647554974],[68.52924113926389,23.688646044953217],[68.54684079002166,23.674430861138248]]],[[[75.5362261037738,11.693542205402704],[75.54375950954919,11.704776444319554],[75.5414397573033,11.696008566412058],[75.5362261037738,11.693542205402704]]],[[[75.53122886643325,11.758709892559773],[75.55534065860172,11.721468829673107],[75.53100342533598,11.708263012005238],[75.54168822678655,11.74210748958714],[75.53122886643325,11.758709892559773]]],[[[74.23350130669498,15.786994514440378],[74.2014333710755,15.758620707337494],[74.16155659535116,15.751294459902375],[74.12216561793005,15.720731146230811],[74.12577089556714,15.680967173867067],[74.08806250867488,15.672255576133056],[74.11388550584547,15.646127430377062],[74.03115607815306,15.622611329130711],[74.02079718889013,15.606085184480468],[73.99335854142565,15.610638109671472],[73.96176522845802,15.64168457768417],[73.96376046616317,15.692321784714258],[73.94369516825448,15.696936473276667],[73.9523305488658,15.714401946582216],[73.93872529327608,15.743332259806532],[73.87569505273379,15.751283051553042],[73.88008883658338,15.774320947726373],[73.86339590250378,15.798789814880028],[73.82095490540912,15.739855167711069],[73.78497403973562,15.726125249592693],[73.74283615900367,15.73657493210765],[73.67699380970778,15.725940332906603],[73.65310586967998,15.744366885169635],[73.66420326404739,15.753310866795253],[73.65625801808358,15.795760403333661],[73.5869667262704,15.910614364116137],[73.50572007453216,15.947164401399156],[73.48436094422638,16.03371254569738],[73.45525045466708,16.061821391638876],[73.45542049151082,16.129477133170866],[73.39009961921711,16.346827452743515],[73.36892009237548,16.36292564186965],[73.36611463922225,16.41479988212145],[73.31259426959782,16.53532154532635],[73.34525135626055,16.572583951362255],[73.31742066184127,16.601666994334167],[73.35519457553598,16.61895063052284],[73.33045054967064,16.619858851870667],[73.33910631705179,16.63780543834674],[73.32301832281523,16.638616683028282],[73.32971591035306,16.68739489128121],[73.30538960092478,16.730277129456066],[73.30444198882236,16.76587181860708],[73.3191381124357,16.795338389088528],[73.28913856723291,16.844292136123386],[73.28743007909401,16.880895917836046],[73.30300254990068,16.891410532767473],[73.27857608472885,16.893036716691906],[73.29971793557071,16.98188401449684],[73.27123598944306,16.985092183739024],[73.28405330033584,17.011096228193587],[73.25536795360067,17.027712700900114],[73.25821254838993,17.04877497806446],[73.27914133901747,17.03755982658724],[73.28905186477024,17.074409693645677],[73.25344647300595,17.188308074228804],[73.23162620474139,17.19914380197179],[73.24663998538526,17.20430693264114],[73.24469052681158,17.22238972938076],[73.19063850518101,17.29930888316412],[73.22265123036743,17.30632511672586],[73.22924747933396,17.282477703915973],[73.25877070709026,17.28603013373072],[73.23555637841616,17.288107997426685],[73.23876281028758,17.31704147143575],[73.21890237105445,17.32855015309463],[73.21989955984574,17.333104935363018],[73.22925690977303,17.333981999598894],[73.22944738200155,17.33516118274076],[73.2055811315619,17.387330290486698],[73.18333128689221,17.38407669621038],[73.16769643293622,17.40305270929731],[73.1986512903594,17.439085603128774],[73.18452756789692,17.44313818122783],[73.19218043706515,17.46995737362186],[73.17392559260318,17.51690726926681],[73.13710165945221,17.555890981553084],[73.15273313897691,17.598709331270797],[73.11427790962833,17.685733029482808],[73.13515102782806,17.708645639136837],[73.12591516796668,17.752745147494352],[73.08935798019385,17.812340519317566],[73.07500240440204,17.882525679766736],[73.02885051225638,17.949555038066848],[73.04137198529416,17.985985761418338],[73.11773177227332,17.98110855285049],[73.1761713439391,18.060777618207844],[73.28685738310071,18.07130298725516],[73.30056550962635,18.024268901382815],[73.3267592153914,18.025244947681866],[73.33430307951117,18.01159077404758],[73.34589556514035,18.025831955325973],[73.35921827497928,18.005473744528906],[73.34077541227833,17.972303646225008],[73.37398179752356,17.925271551478506],[73.37082971114081,17.88788798417731],[73.40500279820127,17.882814538166784],[73.42621163054675,17.90917273708522],[73.4446811622363,17.850620870059],[73.4611926290415,17.867014237267163],[73.51025082463663,17.85220080655014],[73.5331108876756,17.8831130103238],[73.5497614771037,17.865333977036272],[73.57078285454881,17.878307853621376],[73.53250643844714,17.89948083285721],[73.57922049625442,17.947034824917637],[73.59762275882217,17.94034074579919],[73.63856610564363,17.97170098207305],[73.62737131278068,17.988684343162305],[73.65848124712846,18.02904698630916],[73.70229078457182,18.044345112683928],[73.79264731932946,18.02057144969058],[73.81336097120871,18.037987049044013],[73.85868644254454,18.031152913788283],[73.88015572650586,18.086551887935638],[73.86076848717425,18.119593496225825],[73.90154508557619,18.12880042733393],[73.8728342780465,18.16636902102249],[73.89366371229528,18.18266576085662],[73.90197370877182,18.15958486277984],[73.94518912743247,18.179052636369754],[73.98134004021242,18.15149076386328],[74.00577870456118,18.160397920868856],[74.02813073493742,18.132277683344885],[74.05311847225528,18.1416225019915],[74.08033619591424,18.120822108183972],[74.11799948933691,18.133320878311437],[74.30228773781732,18.067248687588883],[74.35503928108922,18.096981237602368],[74.3724545486482,18.074127205055323],[74.43625969672603,18.064772024887215],[74.45984116332978,18.046412255838064],[74.55774865425035,18.070164031245415],[74.58248525919123,18.04602464298273],[74.62949275717006,18.056919692552086],[74.64105154522399,18.044164300680798],[74.6648073542224,18.0698818072245],[74.71123830283302,18.029299411054023],[74.66232705705167,18.0038489597802],[74.65566700847124,17.926380044882418],[74.63224371182548,17.89438790790371],[74.63607202719281,17.873544633429137],[74.6085399046886,17.858428070909184],[74.60706300319706,17.845236499489932],[74.62114725772955,17.84520425268767],[74.6127019355605,17.83320771688908],[74.6431478821528,17.830971247208165],[74.63651949191645,17.841112836436285],[74.66548769639662,17.86422320429402],[74.6947163860671,17.82141888728354],[74.68453664325031,17.81276680918521],[74.70387223091356,17.810576210235975],[74.69940509152143,17.790165606729502],[74.74838717151103,17.791550868682663],[74.7561368977627,17.774225437638027],[74.7507057148422,17.786366521383112],[74.73761431599122,17.767381807685894],[74.76432380958303,17.761029067098775],[74.77916958917605,17.776499865164812],[74.8385241052575,17.72720462276967],[74.86751204548652,17.731059953177656],[74.86410144036395,17.69419720942748],[74.88573890803615,17.682704869285576],[74.91912911211364,17.618473220688905],[74.91543996361028,17.58003484504137],[74.96186059426216,17.59146401560363],[74.96400580095795,17.561414359062866],[74.98512081514107,17.54489336014844],[74.93708982781978,17.509301450055283],[74.97340443892372,17.466130751078076],[75.02711965043295,17.495259199509093],[75.03904542438755,17.48658287531775],[75.03514191951541,17.418083371415282],[74.99583146175003,17.39544200474052],[75.00831956458768,17.368205125638088],[74.96940045992179,17.343508857904183],[74.96018346452685,17.29520110464481],[74.906420961294,17.27386337655239],[74.882429248372,17.218238833354985],[74.85734429283339,17.215417761794274],[74.87106583394825,17.208870547397016],[74.86249205281841,17.196452875693037],[74.94097698695118,17.16904877984303],[74.94788824447156,17.20198850260696],[74.97671495461596,17.192863697675158],[75.0163455027159,17.224593033446794],[75.07258490428143,17.222798362723175],[75.08738609823706,17.250760828678033],[75.17657104567878,17.24015502584594],[75.20450596202797,17.27036365354769],[75.24640245637674,17.256189960148088],[75.23843888285747,17.215693445109935],[75.21684381391529,17.204672852790484],[75.22229746977494,17.183581645511243],[75.26702500757568,17.183410694610878],[75.2702741583695,17.1483752199488],[75.29622534846881,17.14598091914214],[75.30326869906318,17.17328170343898],[75.28276841905203,17.20700602861912],[75.33024403876152,17.21810311620111],[75.33477822049272,17.2395508351505],[75.36564933583844,17.23619382166722],[75.36995009539346,17.190502550949216],[75.40675882950673,17.184724207528525],[75.40833083828316,17.23934197785716],[75.4285047209463,17.267992228562427],[75.46720993819031,17.244434244114917],[75.51544714648905,17.240362873469486],[75.54498531252733,17.278657070426345],[75.60383885486145,17.305388218877106],[75.63024969627685,17.27392926367713],[75.65416859993218,17.27381518063321],[75.66191164739169,17.214577575107423],[75.62561156529344,17.17218858293721],[75.6503469434203,17.115692335251268],[75.67228865061014,17.115995838830553],[75.67671537207126,17.065415865997977],[75.64099845053467,17.03758144737541],[75.66969398973228,17.038160278813372],[75.67032095799706,16.96205196896004],[75.6382060181047,16.95775482635326],[75.61012593335069,16.971663762357835],[75.60688752270026,17.004565815339713],[75.57430637155716,17.009550217226952],[75.56782195504316,16.96603168521509],[75.52931415993646,16.969399828674238],[75.48907765897383,16.944422722652252],[75.46555223206789,16.98836500989915],[75.42787797625371,16.966494552591136],[75.39213506510168,16.980090668294118],[75.35112411273244,16.958116110555512],[75.27960265609993,16.956556358501743],[75.28202992495272,16.880290476488597],[75.26471971792044,16.86279981486452],[75.23766094201224,16.867940851274263],[75.21420223843339,16.841699216050117],[75.18184748936588,16.84340231732679],[75.18898739984249,16.875280257240302],[75.13648321186113,16.874487897526425],[75.11748241444224,16.91344466911316],[75.09630858521491,16.913743264813046],[75.08933369997567,16.951582160157088],[75.02523483967842,16.92800233721392],[75.02658570255244,16.944136297799897],[74.99290892777563,16.952070429809805],[74.96435506351163,16.94763323411026],[74.9645443823122,16.926776346975142],[74.93170715757086,16.94475520892433],[74.92177566053029,16.929861659846985],[74.9635785539934,16.9097113270833],[74.96036076715126,16.88094723355616],[74.90151566246004,16.862550215846532],[74.92014360852946,16.772499202137933],[74.849820434773,16.77275560312364],[74.7719695844538,16.7506822552743],[74.73209174467391,16.718324017032604],[74.69101948805587,16.715541550298365],[74.68955034601987,16.677025661168273],[74.65347815143228,16.63882945111053],[74.68698181900493,16.60678801014558],[74.64001367508472,16.61045380378675],[74.62863325300572,16.577731931475697],[74.56853673854863,16.5538687135483],[74.55484612547035,16.564511924919476],[74.56689424753424,16.585388588968467],[74.54349270234275,16.595318582946476],[74.54448899559361,16.635468675328326],[74.48903382785032,16.630144835389082],[74.46874253100685,16.663802979785043],[74.45478238469133,16.64729547929444],[74.46671146006057,16.606822362718354],[74.39662592659639,16.58326751819633],[74.37983255979674,16.528592265020187],[74.35792549078357,16.53834202410865],[74.35624656084484,16.559747326683688],[74.3157134070923,16.55445467765281],[74.30614265031743,16.50369289863067],[74.3016513270551,16.529020128240823],[74.28313833078738,16.524589279464276],[74.2704679406854,16.54789233494202],[74.27801196743111,16.504455327409577],[74.24737277532068,16.496913200761497],[74.26077014758341,16.480096595599345],[74.2908950072999,16.50490207551121],[74.28927516797071,16.462970503776923],[74.33259155862481,16.454758760282367],[74.3350543440837,16.4014073790109],[74.3636943097465,16.405091321274202],[74.35340990742404,16.366418743038928],[74.33586937991612,16.39374156813573],[74.31719263492727,16.38100374452116],[74.32703463266898,16.342509469014523],[74.31660662995539,16.32656154663604],[74.34254818772195,16.29802733814869],[74.32082574272003,16.28447545276132],[74.32493375931116,16.271756260832962],[74.35046026515984,16.275366735362628],[74.34559691558019,16.293762512861235],[74.41439483521533,16.282651091262046],[74.4176107229779,16.258000652659305],[74.46862055008148,16.240185430931994],[74.480479513464,16.250125657448873],[74.50799262879694,16.20210010254253],[74.47983240336742,16.147125071397358],[74.48430490080344,16.091468248661542],[74.42761928501933,16.11196505135327],[74.37221852401208,16.07821030421597],[74.36132818925478,16.053835894535496],[74.37733522557487,16.055120486817895],[74.36904879062793,16.03921993143432],[74.38099126362876,16.03548327700142],[74.42969441247605,16.059151456102132],[74.4632268186714,16.042835828661108],[74.4308304243295,15.956582434031263],[74.38686531560687,15.904981268307463],[74.40617067997027,15.855376466346563],[74.38814029486285,15.854252569996552],[74.36861485484376,15.894359620910604],[74.3382090127758,15.854918742469454],[74.38308536430995,15.849104937044222],[74.36034758261162,15.816859862840898],[74.36749294997396,15.785816945936823],[74.28573580063572,15.7415913641869],[74.26831881883555,15.754736722542408],[74.23784260683657,15.744345215000163],[74.23350130669498,15.786994514440378]]],[[[73.84733041204453,18.1756280101027],[73.85837786880121,18.1626287607516],[73.84793277788526,18.168122531299275],[73.84733041204453,18.1756280101027]]],[[[73.00254867680302,20.220627987157215],[72.98377260289948,20.213060238290247],[72.97461686811069,20.22572523156236],[72.98951201680454,20.23879961016847],[73.00254867680302,20.220627987157215]]],[[[72.75273930004415,21.56567330049315],[72.74892310004695,21.587057000142636],[72.76865200009266,21.594401000210397],[72.75273930004415,21.56567330049315]]],[[[75.52726191107547,28.970453748295814],[75.50515284123786,29.011788642952943],[75.44559652068726,29.008527994504327],[75.44181916092472,29.05753807162525],[75.39125699043497,29.06273132170475],[75.4057924160745,29.12016399181208],[75.37116830760368,29.141573969631704],[75.38205447122708,29.167623007504755],[75.41438070986105,29.184314529929466],[75.39682338540479,29.21753673715414],[75.41069842591124,29.255475102195625],[75.37802291690416,29.256833344401855],[75.34703788109653,29.22525661788762],[75.32809983385937,29.236333664521347],[75.33503675370704,29.28688446384159],[75.28778466074512,29.273545747342936],[75.28388712544998,29.24985080205825],[75.2451856641563,29.250181487740488],[75.23839448858978,29.230238111032],[75.21014258397149,29.234649366440795],[75.18800639945668,29.268190802807826],[75.15858497126803,29.24240575654199],[75.12438994762219,29.239869629153127],[75.11961069537142,29.22286515771936],[75.08208534311902,29.228001967483287],[75.05000077000003,29.286076002685352],[74.9992285548191,29.270306239989935],[74.96170830941944,29.28034322155532],[74.93847030593821,29.361799005117934],[74.85058115587229,29.403593998547436],[74.76220304317357,29.354376369679922],[74.6582258809938,29.371966652932553],[74.6545090488003,29.332940238546428],[74.6002379900426,29.329052207551108],[74.60291079397743,29.364909024222424],[74.56617010153201,29.420643165538806],[74.53662283780426,29.424546368174592],[74.53465638865721,29.44771629136779],[74.54321801560074,29.46775029747139],[74.58466471915835,29.458490836268535],[74.62189393379856,29.522247527107105],[74.57497909943837,29.565182646508333],[74.61582654536883,29.752392596798632],[74.58748823654429,29.76690763637423],[74.57929935303513,29.749025701156224],[74.50795055310172,29.742223112808485],[74.47786680034801,29.74680731319443],[74.47334291386015,29.770070066048856],[74.48464050240038,29.814893369628656],[74.53813919719177,29.840326856816468],[74.56105618219419,29.869776082823925],[74.54371384701473,29.901715064674516],[74.50986416812927,29.90832064146535],[74.52715909385786,29.942939440161524],[73.89539172019504,29.974003459927626],[73.8865346869135,30.0124940891332],[73.90405320154343,30.050122319905316],[73.97564844940214,30.120990875238313],[73.97433179560129,30.1891124218478],[73.95653388098933,30.276071123291317],[73.93086710870574,30.320068465050017],[73.8797759588749,30.359722015249012],[73.96469810323805,30.424564076499447],[73.9677285886694,30.44008216601296],[73.92625874031995,30.438930277903516],[73.93439954109851,30.490142347030226],[73.9641297013044,30.456476136809794],[73.96365797890074,30.484852218794433],[73.98199123382086,30.504018453646815],[74.01998903437169,30.514170296634436],[74.0120267929102,30.53359249090924],[74.03101009377806,30.526926936596908],[74.03922041917556,30.542617387243844],[74.05730646279102,30.518689710743114],[74.07227991878537,30.522909659216552],[74.09094792495416,30.549421519065774],[74.07342036301976,30.55467685125866],[74.10212837992039,30.579231926258487],[74.09603699341811,30.611607235198353],[74.11806563762404,30.607906363980337],[74.12861192822768,30.632323665142614],[74.19332162847792,30.6651743185751],[74.23265785815956,30.724556429892278],[74.28646024302411,30.73569588316677],[74.2614258758142,30.775059531729053],[74.30346199515714,30.781594156155347],[74.29673112702035,30.796826698523187],[74.32038523462946,30.84662651174916],[74.38208903926696,30.860433952420582],[74.36076587852945,30.873703769423905],[74.36590541531821,30.89293248899005],[74.42271799102052,30.907778716088472],[74.41640488140314,30.940334604730673],[74.54615956199628,30.99241636795176],[74.54773242244615,31.03195061817132],[74.56823380915243,31.054688965293202],[74.59679977131414,31.037662573935723],[74.67116134293337,31.05362739522937],[74.69593050003515,31.074159652399906],[74.68892247803178,31.127879830803447],[74.65896841774382,31.13397115159774],[74.63623178432016,31.11825904806331],[74.63087718799933,31.132710347309764],[74.60099364424701,31.13201564841774],[74.61066736911717,31.09929595733169],[74.57126867886436,31.081421831386308],[74.55149659644532,31.086385185184845],[74.54835510039486,31.121927358351215],[74.51036333653666,31.1319009520928],[74.517182564172,31.22679912726568],[74.53247804699494,31.248702615852945],[74.52060281218645,31.26892221804353],[74.54065181223933,31.3059599520757],[74.52638604144465,31.311672682601678],[74.59662097257844,31.41623385550028],[74.6538352702674,31.42787860663487],[74.63532047212205,31.47784187880676],[74.61087798928313,31.49900115208989],[74.58393478858581,31.496663807057207],[74.58409261051564,31.520568652258902],[74.61269075133868,31.52722942668208],[74.61663286871315,31.556505811186895],[74.55531664299589,31.607840392207912],[74.53196073339046,31.681015775305756],[74.48659647325046,31.71499893368456],[74.50370384453453,31.740477622133994],[74.55940688236319,31.757879837280345],[74.55790579073918,31.80476974936661],[74.60786214786279,31.89038596270965],[74.63630900451959,31.884221787503996],[74.67719995076,31.92613849725827],[74.7192389901294,31.92368970019982],[74.72242283958828,31.942722586773456],[74.75657217832278,31.94369986931631],[74.75559337077414,31.955754205063247],[74.8191000567105,31.958749484204468],[74.82887294159269,31.99861666224781],[74.87997801700836,32.03203976640094],[74.87954987905353,32.05379683818734],[74.90476831989444,32.0502210416311],[74.92519003051179,32.06645434677242],[75.012364529904,32.03574542134551],[75.06890237632894,32.06351622441357],[75.10489529354423,32.05856970923772],[75.12290531239697,32.08138206434423],[75.17424345677065,32.06746861448011],[75.20405108383628,32.09666843827871],[75.20245773155801,32.120237380682056],[75.23544084304511,32.103504368855575],[75.2292367202451,32.09329819784425],[75.26130958801697,32.10138057402945],[75.28535460619402,32.151494734938154],[75.32242012596528,32.17949851771039],[75.31014543955115,32.19608020711775],[75.31900720353572,32.20808809848662],[75.37320714264915,32.228851002919136],[75.38185508485905,32.26895411930091],[75.3204964877164,32.297389977792086],[75.34076270695283,32.34490266120651],[75.43161188958142,32.316659538690814],[75.48910497066584,32.34556277154691],[75.481915324546,32.320292379105695],[75.5132911844444,32.307106077656464],[75.50918986524296,32.28399423936585],[75.53224267824476,32.27783145660365],[75.53979390992743,32.3363935943975],[75.55978013857342,32.35697938908262],[75.72269479488217,32.409381807888686],[75.73641717762035,32.42988541386988],[75.72979366550159,32.453201527547506],[75.77693830756445,32.46511672240311],[75.83796651035757,32.51093120456884],[75.90277205817455,32.4523268221805],[75.93719531891342,32.39733490095736],[75.87360117875558,32.39568271103435],[75.84381088600925,32.35530827472693],[75.81162559846238,32.348856263309564],[75.81482903417034,32.33018320816282],[75.77231741266147,32.289358490046276],[75.61846102408845,32.237573890234984],[75.63561121535311,32.231671523625884],[75.62376617781202,32.19004125798731],[75.65534490144739,32.19676652538426],[75.6726814535358,32.1592212497749],[75.60075910260099,32.09309495070238],[75.59530213338564,32.06899475101952],[75.6571431976508,32.07750502862725],[75.72386119031613,32.03258978839786],[75.75083688314898,32.03768235833952],[75.79965669292862,31.993752857332442],[75.91072959347282,31.948840640669445],[75.98698260332672,31.813136919787734],[75.96941405251302,31.823829126058108],[75.93708170865091,31.814442481705484],[76.01793514493907,31.633134135536046],[76.0558763152869,31.60542463106457],[76.1669985568182,31.412324804739214],[76.14730304655986,31.36463316577577],[76.18137722085069,31.33365380108989],[76.1863029113571,31.30208780116936],[76.27629236428292,31.300618776685372],[76.32237810217674,31.32161109307836],[76.3076537170184,31.342352636116104],[76.34752865224702,31.346670379242294],[76.33108586880473,31.40162652892553],[76.36726106860064,31.404371620959385],[76.37687313518359,31.436942488438564],[76.43233011426342,31.32656113323521],[76.46274801910447,31.303553473134706],[76.43980715997374,31.279062561784457],[76.47912581007733,31.308668003654613],[76.49635588563352,31.270919963781775],[76.52133582860031,31.28019963762911],[76.53067703474659,31.2563144234894],[76.54294982567622,31.28202897978602],[76.54921025146096,31.25275420421204],[76.58774775791849,31.274196747554363],[76.61173082099843,31.249807289720017],[76.592441292827,31.211839573297652],[76.62765271671007,31.22622226993179],[76.64543452424489,31.209127054394298],[76.59692734790586,31.17818543133334],[76.61052778335144,31.140999113557196],[76.602002482554,31.12354318851373],[76.63850026416249,31.107717453803684],[76.61096520114623,31.045828118547142],[76.62529416543181,30.998480319696018],[76.67385642872287,30.968709526301037],[76.71000897879121,30.96916742690863],[76.77608647002307,30.905971181782682],[76.82466987369335,30.927163775077386],[76.84104068299423,30.89165821501649],[76.86957886339445,30.873122268339973],[76.91687215036285,30.900765497010422],[76.9512504377948,30.85052284733113],[76.94325649893888,30.81915177372043],[77.0093044636941,30.80901532257116],[77.0157301473724,30.77664552767501],[77.00328624712354,30.769393497792098],[77.01865458157398,30.76498268802588],[77.01751043566168,30.74342003947562],[77.04356705934366,30.74070774666722],[77.04845299798143,30.752820195187628],[77.095089169199,30.741541777936032],[77.16120662687707,30.690931332612315],[77.17377382158996,30.60055503956713],[77.12173108064363,30.56293767466088],[77.14535888131861,30.536451224785086],[77.19503638121824,30.5225716726819],[77.21506785492373,30.46844884888491],[77.22808637269978,30.485448988244197],[77.30872305782621,30.44915824512426],[77.35358302153061,30.460747854104387],[77.40353067630144,30.430883193408604],[77.40723781430815,30.40995971047189],[77.46058149446449,30.457335335533884],[77.46156229307977,30.434611133880264],[77.42381978433579,30.41075092653335],[77.44531764608637,30.395998100887162],[77.49870993063863,30.40581519513044],[77.5201167037453,30.445252596876923],[77.57121681164458,30.380841693133178],[77.58563208337299,30.379474804411302],[77.58545635001695,30.40491627536638],[77.64726323924491,30.404727558119454],[77.68959756198107,30.376815071999452],[77.72084257734998,30.33082326203901],[77.83798015701797,30.27511891632374],[77.96169728192707,30.24236932220513],[77.91893521810381,30.211278737106376],[77.8532378144754,30.106988363810867],[77.82805373742634,30.08591740508575],[77.80119497673886,30.09547736107084],[77.77005393098533,30.042548141069133],[77.78198444326497,30.01862753384868],[77.74414838023014,29.983689706491617],[77.76038122366856,29.964454202371535],[77.73047164572216,29.93169497693851],[77.74719823377929,29.91003110998719],[77.71477927659568,29.87058335952585],[77.74154682284393,29.852032277655276],[77.77460089536851,29.788882875973936],[77.76952930547442,29.745338121779135],[77.78267802444927,29.736237864425007],[77.76973103665324,29.71760234596182],[77.81048343659428,29.702371126022477],[77.79905361133348,29.68619142027725],[77.83004879949115,29.6682994577996],[77.87900548495968,29.700239578511983],[77.91126690975305,29.69577067841082],[77.94554335585723,29.713063868980434],[77.9398945134284,29.696083132209612],[77.98260916720274,29.640547794636266],[77.97768975670301,29.613445465461904],[77.94842095190658,29.61691446883178],[77.93330234202466,29.60051485380287],[77.96749704519593,29.58006510634536],[77.9961730049474,29.591457405071125],[78.02159921027005,29.580852302854662],[78.01828370222073,29.5981990843743],[78.05747174786987,29.630686886647158],[78.0866882475392,29.625032654068622],[78.08146288420181,29.635142170159607],[78.13053796878528,29.652537574197318],[78.18050991853573,29.696826001995916],[78.19603035958703,29.69267623086196],[78.20392179961956,29.73726523558968],[78.26025348631636,29.738680886655484],[78.33565855313054,29.796605637213776],[78.4274320005833,29.764554941872515],[78.51654239515864,29.71940168519297],[78.53267397803111,29.638749852812868],[78.61773224512258,29.55802672548875],[78.7996728721579,29.464574881455434],[78.93970135296573,29.434567547794796],[78.84902358542702,29.344350475478503],[78.82296356614948,29.364167246640548],[78.7954469091282,29.31471080540648],[78.76688638850626,29.336492261861274],[78.72061867353541,29.30106401850824],[78.80779690574339,29.23666721305754],[78.86209333733343,29.23988741078727],[78.90868745904785,29.177289909268755],[78.91873762455945,29.135442127336923],[78.90633439388462,29.125014021372156],[78.95644526110829,29.11988797232418],[78.9823433621691,29.143046006509827],[79.02483297988216,29.112412184621622],[79.0405139228665,29.127800893989498],[79.01548542384334,29.135430275085355],[79.0190833642981,29.155717397572182],[79.03780296909694,29.145459540806552],[79.03212623231276,29.168426942558195],[79.12647364988713,29.132877173816908],[79.15289574312347,29.114029739126835],[79.14250307517729,29.066947263206867],[79.17188242574663,29.045127069026535],[79.16648402491134,29.01770657101451],[79.21173319451552,29.02756491331024],[79.30682088125668,28.96666681591964],[79.36470161182942,28.968074908683654],[79.37197118491804,28.985695486156725],[79.39064660257019,28.947388790091278],[79.41582988000151,28.94381785999591],[79.42556999352162,28.86641921884967],[79.43923330421592,28.8620658719226],[79.52152993929302,28.864751515763402],[79.55647897959064,28.899259943735284],[79.58426957397556,28.87918022676461],[79.5843616263607,28.846272736930942],[79.65604910746416,28.869769699637136],[79.70666930110941,28.84100920279263],[79.74907083327984,28.871768329345283],[79.82772392134973,28.88447381497463],[79.8492373102042,28.860558190404927],[79.82978322993307,28.853483971482444],[79.83690067179364,28.831770044046173],[79.8101916502751,28.798298379613623],[79.84957929893638,28.799865372586837],[79.84623217989603,28.822885168629753],[79.88808855480521,28.8366187472323],[79.91552188372806,28.804273922538552],[79.87848904412954,28.81483428880399],[79.87407627955628,28.79623427440148],[79.93981967922369,28.787716827998576],[79.92459911448745,28.775030685339562],[79.9543966387469,28.722864108428183],[80.03013183790034,28.748634161470132],[80.06173597884609,28.783195029767793],[80.06809913899926,28.802844622505212],[80.0525292297916,28.819567501698025],[80.0653611191873,28.83689950966837],[80.07481909319131,28.824486821141374],[80.1180516223278,28.828979808780815],[80.21598577659897,28.755568213156405],[80.25658072402808,28.754251766818776],[80.25651912289028,28.729248448142346],[80.31712168819956,28.700142962449235],[80.32572698221311,28.66647758547169],[80.36099535912435,28.6352626872398],[80.45084485396642,28.629539628723894],[80.47023781576462,28.58261039186572],[80.51704022145579,28.552827273101027],[80.53059534214546,28.572620836994737],[80.50612772133604,28.671179971849355],[80.53952968033016,28.69075641174435],[80.59051998920727,28.68003668638327],[80.58944836695817,28.64803716733998],[80.66762539846826,28.642189333481596],[80.6774668101064,28.604445991202773],[80.69575067967942,28.6034857424758],[80.69044598896437,28.587595895131336],[80.71453267488016,28.568404828796844],[80.76860067118456,28.565907169673064],[80.78919453355928,28.524518719364593],[80.86594896566267,28.48958385812921],[80.86152161840137,28.5043935738757],[80.89609396698523,28.50701942194478],[80.91541461107478,28.45763715131724],[80.91414818078728,28.468427711482835],[80.93051753117692,28.45777475406356],[80.94256800832227,28.468889699192804],[80.93202126538677,28.458890655403533],[80.95172675215139,28.447640152384007],[80.98016738569515,28.455241628352645],[80.96464346134921,28.4448376831613],[80.9788341444038,28.43415188226969],[81.01675713764791,28.451288842901604],[81.01260932942446,28.43781974888888],[81.03420343795169,28.42817916512836],[81.01753177021152,28.41547259252628],[81.03383359321857,28.398898357024954],[81.03567336900913,28.41357741167607],[81.07973896619026,28.38505965207877],[81.21059687760693,28.360833495936948],[81.23448227993234,28.324738624341766],[81.23263861656224,28.289148133655228],[81.32094381780092,28.19755431114408],[81.32134719956645,28.16888565621679],[81.30267845226564,28.167681889743314],[81.32805946350331,28.148081655200674],[81.32091062940248,28.1340380167233],[81.37450749622127,28.14671393922173],[81.37351487648402,28.177300702169894],[81.44668362943602,28.16101566561855],[81.44993367679433,28.14085061956247],[81.4840052328206,28.118565967159267],[81.47827632854802,28.082713169546608],[81.62398513676237,28.00160100101394],[81.69844070533497,27.98819108525722],[81.88495849183232,27.856950582216136],[81.92508401619727,27.859327012696816],[81.96832425065615,27.929120762994057],[82.06996083774081,27.92364581939559],[82.12138236443035,27.8658462709015],[82.20876947551055,27.843104595786137],[82.19113382115279,27.79756130976512],[82.16278387702735,27.79062795369108],[82.12438057993892,27.73502968802689],[82.1334678285494,27.70754100618524],[82.09206521743118,27.668805524106308],[82.08533585414148,27.6344161508722],[82.02261307691558,27.58380388243586],[82.03215105295423,27.550804211841665],[82.05542101845735,27.55435538638641],[82.04098645795244,27.540622110533693],[82.05880816131625,27.4935302301529],[82.05174075673608,27.447258161941324],[82.08272591126557,27.419054153306078],[82.07389705625361,27.400281900927865],[82.11780870219275,27.403810454184853],[82.11183169370052,27.378115042216027],[82.14223276617399,27.35833907417542],[82.14715946003287,27.332918426387995],[82.22704204938061,27.297356460243495],[82.30805695675907,27.227322851760466],[82.30124082670648,27.214441060931183],[82.27195314817496,27.235193041278155],[82.24575446899362,27.22215349237065],[82.22787300759302,27.169052365681086],[82.27120839924126,27.118375312540003],[82.32305875882477,27.097236232648342],[82.32751455010214,27.064603657287837],[82.37107704729114,27.053103642684004],[82.40427416750461,27.074289484229944],[82.39952725392898,27.09300567905869],[82.42138280688081,27.085014660820868],[82.43890577373949,27.112402153242098],[82.43536906725159,27.140452918456212],[82.46044247346568,27.12063090676104],[82.46871484595223,27.133926076443153],[82.43853113302292,27.172301291401336],[82.4791025728439,27.20211761687913],[82.51277804996502,27.17622270240143],[82.56568657088599,27.182337890465643],[82.54614166186752,27.20060343965997],[82.55015819051086,27.216371915522302],[82.51333336791018,27.21127541267919],[82.52111835149493,27.230422944915794],[82.4981950404955,27.23549847066058],[82.52433751797228,27.25435271955677],[82.50315093772144,27.25989511034052],[82.51107675479264,27.27619587286184],[82.49041408677923,27.27767570826086],[82.51325614433495,27.303605570208653],[82.48352968647569,27.302381701990104],[82.50989096714379,27.319260511273164],[82.47357823475164,27.31880489775046],[82.4892555965605,27.354719976947617],[82.54257022222161,27.36901821108763],[82.57781054514142,27.422297511729017],[82.62933136401024,27.401355087589508],[82.69310274268341,27.417009662712857],[82.71565619908412,27.4010325685292],[82.7325421261343,27.416822459552513],[82.75571910941343,27.406135931197507],[82.75441971916797,27.434056665504567],[82.7165086798077,27.460133295333197],[82.73519864606733,27.502659694771744],[82.9292879938328,27.501189849501543],[82.95409237740452,27.467732553344607],[83.03457411764566,27.448722991221867],[83.18794799528993,27.45431551939097],[83.27215158228879,27.383348648681974],[83.27242714732597,27.35262814710368],[83.31602031128536,27.3313892512518],[83.37376249610892,27.35721511759078],[83.40344664937474,27.402111918138203],[83.38605824088795,27.43331923521268],[83.40173927931382,27.457539066028467],[83.38893361070983,27.479675486734266],[83.61425345090416,27.469443319183387],[83.86394371452724,27.347233480602345],[83.88316535496732,27.376560388436257],[83.83311248167084,27.42508251442814],[83.84829349336543,27.44635604689331],[83.88043860067086,27.435909725668303],[83.99483074553847,27.446119026008613],[84.02393250032807,27.433011681232784],[84.09483785602237,27.48901914261982],[84.09769672753653,27.51709274791907],[84.14585675180018,27.518657655552996],[84.14878379120574,27.48674908755587],[84.20542497028502,27.470427081947015],[84.20829486959552,27.443029556800717],[84.25405425240388,27.454102336813182],[84.29238247421712,27.38481155079345],[84.6218932193654,27.336927334565196],[84.68753567951715,27.21520892964415],[84.67534061188856,27.101016230299606],[84.64624530741972,27.075275421638032],[84.64339421079373,27.046144471207647],[84.75674021827162,27.002845995319046],[84.77314066497742,27.017826851320162],[84.79382261161595,26.995976971272007],[84.82945126622745,27.019572421731745],[84.86434715005177,26.984412263449208],[84.96257975998964,26.96052650269596],[84.97776582696832,26.941188953189286],[84.97067993274825,26.916903014829355],[85.06038393634415,26.884552538258667],[85.03064019469194,26.873913449656747],[85.02397020486436,26.854377253903476],[85.18983677976281,26.87004149054453],[85.17673592874776,26.809622470605532],[85.21262061005537,26.757997843451882],[85.33451094275145,26.74166787743607],[85.40773796458694,26.79134586293128],[85.45191352072351,26.781377300308723],[85.5659833374418,26.841102225208736],[85.5723702804923,26.857442205906136],[85.58566484995477,26.8473587728455],[85.6345541791923,26.872211662641313],[85.64242295038622,26.853269073397804],[85.70431739106819,26.832292502851896],[85.72891550737044,26.80795464943064],[85.72334107771897,26.68751838155991],[85.73729034525657,26.64920508438072],[85.80176817743953,26.62427041571168],[85.81731977899597,26.60317197162196],[85.85125989889718,26.608677336996177],[85.84920907350438,26.568998387693664],[85.94792357488838,26.613891520311423],[85.95487097441749,26.646655144719738],[85.97428341566115,26.65749123208707],[86.03003062628099,26.666090979437616],[86.13876408326746,26.62884875976325],[86.13633011212357,26.606335771589407],[86.19312391248621,26.61447272269649],[86.21767685060182,26.588479756290795],[86.25085543611065,26.614449965204813],[86.33289028587524,26.619137374109442],[86.4990364867811,26.541989010814323],[86.54154944278461,26.538722629230918],[86.57167916237002,26.49612331829398],[86.73664866465684,26.423617571311553],[86.7664964880583,26.45944082275142],[86.83376935323756,26.439098169881387],[86.89296050894671,26.461467893324695],[86.89116745238891,26.48479361985901],[86.92999453136157,26.489684066124514],[86.93215913075862,26.516954037688766],[87.01535972751554,26.532043804658574],[87.04467403985063,26.587234076265354],[87.0718224939384,26.585813894207263],[87.09165094385638,26.45029224760684],[87.16256152219992,26.40389525597836],[87.25617689486562,26.411071765462843],[87.26601523477707,26.373875004665415],[87.31253370418635,26.371568726580858],[87.34109251312596,26.347519155507996],[87.3584054885574,26.361053987062228],[87.36889286571018,26.407937655423016],[87.46654623973266,26.440209597055663],[87.5477041906464,26.41837485751342],[87.61234129882503,26.38100162917577],[87.65187737495503,26.393424877396917],[87.65020261367809,26.40595727986597],[87.6781278538007,26.41583472230865],[87.67755794619684,26.435456095625664],[87.733939972662,26.407610620668798],[87.76475988038332,26.40988214220363],[87.78951460990098,26.469431276053875],[87.84882840620607,26.436463484490208],[87.88829370576025,26.486759761275955],[87.90980831623237,26.457563215557464],[87.8987393851946,26.448709595485543],[87.92514272501302,26.444838657248173],[87.92694196073603,26.417801203738666],[87.99191961400199,26.392562878986453],[87.9953524952348,26.366007743301967],[88.03050431003268,26.36492220581652],[88.03449892762076,26.391910395329766],[88.09597868152096,26.43998762764989],[88.09208430841738,26.463307454501802],[88.10697808624961,26.47574249210976],[88.09024129283249,26.507252548123407],[88.09802285424348,26.53786854206389],[88.16280353012505,26.645785201259763],[88.18775172680058,26.77188246744894],[88.17232798535186,26.868443481462226],[88.13625578003501,26.898595444074523],[88.14291487695665,26.925314048157723],[88.12024792820547,26.950344103506644],[88.13481359237016,26.984781680742145],[88.09156674744304,27.005207242705655],[88.07758206074982,27.035495936731294],[88.03766813010746,27.036471698357772],[88.01133505668868,27.097251064402407],[87.9910971203884,27.10514537592346],[88.01911621390099,27.171123372751964],[88.01417492238484,27.212886410524675],[88.06363532982193,27.21463646374219],[88.07916613644116,27.20108729868906],[88.08884962083032,27.143263658798695],[88.1361041319902,27.11492112605086],[88.15634930873563,27.11000418286821],[88.19462679219929,27.13484988136002],[88.23002325073925,27.11898050232165],[88.30229352830635,27.12929016931087],[88.32488808904417,27.106367966292723],[88.43294659000125,27.079259570144398],[88.53203586366746,27.149821136818755],[88.52122219596737,27.17354700803948],[88.59796965329171,27.189766687221706],[88.65249610050716,27.16257530419877],[88.69153224844528,27.178392134828076],[88.72896199450193,27.13626879486122],[88.80388643528767,27.138896226650544],[88.87074071489471,27.10787271953907],[88.87701203398531,26.944391059560935],[88.92153227459899,26.99394543501687],[88.95232513537027,26.968426147764543],[88.94380640536166,26.934251030743123],[88.98023361883568,26.9172028860551],[89.02142404494803,26.940707511340218],[89.0507488256255,26.91599252543806],[89.04856675227519,26.89938584708375],[89.09555308015547,26.891697261577672],[89.1007325439383,26.842497081481152],[89.1343418508177,26.80766398002068],[89.26225405344978,26.813807827673926],[89.31835269678766,26.85135217047323],[89.37883897563616,26.862212752627787],[89.38962898700457,26.841888831335034],[89.43933774304436,26.84037180665752],[89.46938678465781,26.80273050102403],[89.55998523552334,26.812887411650987],[89.65058969346573,26.776016587648815],[89.61691622239897,26.728112210795835],[89.62371487794593,26.71856358296861],[89.65959403364913,26.719520630865556],[89.67500156473909,26.740042053386894],[89.72339991725238,26.722623808957888],[89.75264220539843,26.735343759875768],[89.77132766036158,26.700964081472726],[89.86247622105047,26.70155680748887],[89.87693426806936,26.648506215681785],[89.85825113236929,26.623377996697016],[89.87842155358264,26.615533794785332],[89.882602189702,26.5833931071869],[89.86599075679733,26.57677350048574],[89.85557059251018,26.49244173085108],[89.87323532781521,26.45132478807333],[89.85043280791369,26.419822117956194],[89.8580194141903,26.411325867760887],[89.8358387758292,26.4113921856409],[89.83033025942412,26.39645230339322],[89.84993587549849,26.402893406146106],[89.85941322858943,26.38350300523632],[89.83316766471984,26.383474558070542],[89.82277435658202,26.350861089014977],[89.81420570609218,26.37048523111047],[89.78347399939815,26.35103077646034],[89.78131405227023,26.32767532734134],[89.75152173644788,26.320860102406122],[89.75812476043694,26.287785754689818],[89.71981309775718,26.307319907925816],[89.73853927345297,26.269943541328917],[89.72202042463336,26.2574590777862],[89.70585268523081,26.270430174998324],[89.70261583503476,26.257863326648543],[89.73215802078342,26.237829900898628],[89.70039355185236,26.218448384854845],[89.7332303237525,26.211992096359],[89.71160000365994,26.202966946650704],[89.71307454460317,26.187716559250084],[89.69860048189342,26.191177011427932],[89.70923729150016,26.172807760603245],[89.72557663508522,26.17797835425125],[89.73655049828544,26.172789382549755],[89.70126976258344,26.1517977729194],[89.68120985278108,26.16362843685526],[89.70195064640247,26.174019719651266],[89.67336104012169,26.201470231885853],[89.6913930915754,26.211713964789176],[89.67929885053725,26.214832465549964],[89.6859385486435,26.230702306936994],[89.66188491203063,26.219261950285073],[89.63432773620596,26.229450895082632],[89.6498857957392,26.190246855803995],[89.63007107736355,26.195802617969115],[89.62770289434236,26.183949425668402],[89.65855138515725,26.176268394564932],[89.64598706721307,26.164477249208556],[89.63238271079206,26.18081565228641],[89.60734573799598,26.17918082253235],[89.61965046163883,26.167798677435577],[89.59128889954336,26.15765196199196],[89.59648896744484,26.135071337434628],[89.6042871348057,26.117445483532194],[89.62523838662675,26.12863659706848],[89.63025039377716,26.11831257549107],[89.59377611440917,26.10219997783599],[89.6085164995407,26.088432230414714],[89.6298521472395,26.107083509034045],[89.64979649485828,26.06252471888382],[89.62040685655874,26.053316742990564],[89.60529438588664,26.063792371053328],[89.61272198571436,26.052683030220805],[89.57861907386197,26.026299455281244],[89.58507887379118,25.97593617520669],[89.56880626815824,25.967793539908758],[89.56586762989897,25.98037923924123],[89.55514758024071,25.9652888926228],[89.53815196161993,25.97322122367966],[89.54079357766032,26.005937630980675],[89.46154562328567,25.998404955580828],[89.4273736557583,26.013179370317737],[89.43348479794764,26.030452156015404],[89.42373847270223,26.046952114407304],[89.39075308218911,26.022951863971283],[89.39268967385591,26.007221233479015],[89.34895848527091,26.01037972449972],[89.3003314804287,26.050459596091095],[89.2756502259351,26.049106600766873],[89.28105458431769,26.065615448694942],[89.2543007657515,26.064146468314483],[89.26669095912185,26.092663597069226],[89.2515148843652,26.09137609155518],[89.22932789830271,26.123879994534246],[89.15526999283487,26.138633164065833],[89.15716848925618,26.163218879034538],[89.13449923303304,26.18119269472653],[89.14929184270565,26.209072616986347],[89.14082735414742,26.235863091764827],[89.09998731766602,26.27948865074411],[89.10459213779214,26.31582114651246],[89.12200907614599,26.287168022809375],[89.13618867740827,26.320129444327204],[89.08348184134545,26.322043737608038],[89.10122318604053,26.33655519158783],[89.09819486769857,26.358951049575253],[89.0795865203592,26.36284299557598],[89.09616847812464,26.390963116478638],[89.08728592898161,26.397668454708754],[89.03585950658571,26.39491488664727],[89.00581183327914,26.421429260003055],[88.99391549188195,26.412836343371044],[88.98314024403587,26.446526746076124],[88.95571502058009,26.460224673555466],[88.9652294972101,26.451506905662338],[88.94604283175539,26.447954566482558],[88.94464165489637,26.425607597948908],[88.92606736830378,26.43206579247927],[88.92643550990688,26.406803388912287],[88.90466448680402,26.408473293354376],[88.9173165093034,26.40317591594409],[88.91845647507066,26.35987176929428],[88.95830755750863,26.361697119724912],[88.95227473179055,26.332247307690658],[88.9612891008679,26.352311810625633],[88.9870977092777,26.348338021065633],[88.98542574322731,26.332780766024424],[89.00084777549873,26.32976502148707],[88.9825382583589,26.309513817363296],[88.99561981199447,26.29025491960187],[89.00673269736265,26.304407656043487],[89.01828796000093,26.28983107150123],[89.02146696441723,26.309037195132657],[89.01996550380417,26.289112276576695],[89.04500633372534,26.27515529203338],[89.04575032073065,26.29537009226058],[89.05934860230602,26.293454250756128],[89.05056975587873,26.241672319818544],[88.95720050170108,26.24031188881606],[88.92616230293949,26.283792550163714],[88.89815012037133,26.288657319266193],[88.8612667550355,26.27267523292894],[88.87774809331107,26.23339033005325],[88.84160911379666,26.23073067969936],[88.81282424956721,26.25600027282898],[88.81899044917716,26.294504710843498],[88.79344397134379,26.309979616871548],[88.72103539381229,26.28328181163396],[88.6996185393936,26.284171485491573],[88.6793609737287,26.258909872579064],[88.66633867012293,26.285052396579303],[88.67500897275697,26.3200772436615],[88.74638702900688,26.322393369022286],[88.73404947598188,26.33045092112455],[88.7438521235178,26.348729474371087],[88.70457150399007,26.332489421163704],[88.68117876995832,26.377901714085883],[88.70203886876736,26.38576009843985],[88.62363298112459,26.435016180603615],[88.62276155232618,26.471082590545084],[88.59545775839256,26.47085387243468],[88.58851737269526,26.450777897194854],[88.56480337691886,26.457496859586428],[88.55663404306684,26.484800851863525],[88.53008545321364,26.481199793018558],[88.51979427879127,26.511264220651498],[88.49011409116544,26.511346365288624],[88.48361967175353,26.54128200707183],[88.43702315123342,26.54406964143801],[88.41505059495995,26.633170587058355],[88.37603924308935,26.594695565075796],[88.33365049889036,26.478675783458364],[88.35525777658998,26.449814926020768],[88.36046274014254,26.484689774342883],[88.37436244115548,26.488441224437565],[88.48511637482352,26.460255523321067],[88.52322763694539,26.36082359757702],[88.48827749567336,26.360274344174197],[88.48834493744822,26.34882629996413],[88.45158626371905,26.370371751197055],[88.43444551204028,26.335145897052758],[88.40821407947077,26.331938260869514],[88.41481585978822,26.314818211628253],[88.38881115607158,26.314918740062165],[88.34950224054951,26.282148425729464],[88.35949088905907,26.242610715968322],[88.34772297837274,26.221740738740106],[88.27626066142363,26.188610176708192],[88.24704399180675,26.190396031637416],[88.17710502093769,26.147963792440233],[88.15860823348116,26.082041808422115],[88.18192591110657,26.0736729169805],[88.17003371573529,26.044330414799013],[88.18309698763768,26.0267619345117],[88.13960237602424,26.01290013196032],[88.11392016019083,25.958283920361108],[88.12234283178809,25.949665712222263],[88.08580984722421,25.915224076341808],[88.11376954283982,25.854343794842933],[88.1018640812305,25.827872295699297],[88.12001260611915,25.812416279605173],[88.11549737990235,25.798236910152397],[88.14415891564038,25.793619820294747],[88.14701113207128,25.7762743822532],[88.18967413146805,25.802471844992013],[88.20905586169962,25.78721763699876],[88.23616676523586,25.80942586237992],[88.26968513329494,25.807873132295114],[88.2664077995406,25.782435426434056],[88.37536116223093,25.7148000615254],[88.3704609250438,25.701237421063077],[88.40508990071002,25.684211442717412],[88.40159259192264,25.67255283269394],[88.45420693001049,25.66388861228349],[88.4447487250853,25.59655860481193],[88.49982710111726,25.58394381306415],[88.4934180321801,25.558841229179023],[88.52340607512006,25.535155785095842],[88.5330060535339,25.54209473917639],[88.53986822405915,25.508291732572452],[88.55227112584562,25.52078305748008],[88.59542254378752,25.50587364485313],[88.60900230000884,25.516300516415985],[88.62239293480778,25.496954082161402],[88.64828053944066,25.496398660123464],[88.64696911783015,25.477818907276767],[88.69941333809162,25.471195711536833],[88.70743327276209,25.49986946726457],[88.74206638068493,25.504998005980426],[88.73995781447978,25.489307438176205],[88.74494842445213,25.487856675877076],[88.76876279006615,25.49854499760039],[88.75860582717911,25.525248600188846],[88.81080905364196,25.522942199206007],[88.81358167532237,25.48798202067571],[88.82957474884881,25.490261382952927],[88.83925051264838,25.45834536664682],[88.8299224689033,25.41694803432745],[88.81221640930377,25.410549138845305],[88.84077806586215,25.397640688507582],[88.84010856494697,25.3637667620756],[88.88504822487778,25.325623646946507],[88.90621994043691,25.33769862864933],[88.9293883547949,25.304092818360697],[89.00882488379912,25.303080685865066],[89.00783340689662,25.264915884636977],[88.98674982180954,25.27446240642819],[88.95608953262074,25.254951287799397],[88.96170272716665,25.209080819808523],[88.93636838925234,25.210531679636254],[88.94872370585557,25.17660560018317],[88.93251950001086,25.18089198772956],[88.92300896476411,25.16491743843625],[88.91091555705465,25.180313640975502],[88.87519688632713,25.17935096203594],[88.87488520941253,25.196230587431874],[88.86431212437822,25.18999883467067],[88.84369355261595,25.21381286221468],[88.8057928915722,25.170454728582104],[88.76933255451091,25.189847937301668],[88.74902807356676,25.176854309271445],[88.71141176924405,25.207660407656036],[88.61265199152425,25.20416824328125],[88.56551027890299,25.17508299738769],[88.55754462862315,25.192605636481375],[88.5339077666006,25.18751393829604],[88.53770753473145,25.197811549744483],[88.49907411321868,25.2103784448096],[88.44361714979287,25.197287186365177],[88.46041971797985,25.140783116269024],[88.44135215655204,25.1274979338953],[88.45280468129525,25.07929496417097],[88.43537836229036,25.055089906048025],[88.45248067695597,25.03662664307984],[88.41231653027074,24.98978245343032],[88.41714498570926,24.974150390504825],[88.39518723718231,24.96906601232916],[88.40182625290271,24.950583281483347],[88.34084521047212,24.94061643458909],[88.32421651185655,24.916667235603807],[88.34695695113783,24.892411518779475],[88.33055122899563,24.870129226202863],[88.27351771470774,24.896773576338482],[88.2582095845019,24.877531626441556],[88.260460089189,24.919163739594367],[88.22477723277683,24.95999488741266],[88.1379924314861,24.936138147526044],[88.14031587397278,24.91401618703928],[88.16941098541051,24.891914627730834],[88.15263890498483,24.88439206702465],[88.16398071570124,24.84992051128888],[88.1346075840232,24.834008293403528],[88.13623023959973,24.805246322735144],[88.12349016527513,24.823085338022082],[88.11054424746494,24.81216412889839],[88.10604514521897,24.77954098126361],[88.07240561299245,24.772939845746347],[88.06278419742729,24.721559153878],[88.00875021810579,24.66788343996679],[88.14071518398373,24.51121540547536],[88.198363790367,24.462472393059837],[88.27546743958487,24.437782895148537],[88.32823183210273,24.384846692304833],[88.44639995809727,24.378566794506003],[88.52711478976474,24.344367771302792],[88.55513300990506,24.293331244210187],[88.56768482766962,24.326644194970996],[88.62848631669702,24.305086176306983],[88.69657360020186,24.31534584339392],[88.72476382865058,24.29778039460391],[88.74093712977714,24.25391575340199],[88.73155573600478,24.171582135996932],[88.74647044790731,24.147061470957485],[88.69317142542864,24.1111474460246],[88.74160235258566,24.057141278921627],[88.72477480067342,24.04158982763682],[88.75748095954471,24.032071523077956],[88.72900643183046,23.99616689189523],[88.75945006894304,24.006296002325275],[88.76911015869639,23.983080933706553],[88.73795229297208,23.982816921703513],[88.73336944757834,23.91106668381429],[88.70635667787037,23.916357765653988],[88.70429846120115,23.899259892073793],[88.6642301945326,23.882500934836962],[88.66754618047078,23.869523771727994],[88.62635926645062,23.865025729407307],[88.61638646890697,23.876596019861648],[88.60799588830615,23.862433165966614],[88.57559224617992,23.861629057438172],[88.60210198301637,23.817289059988788],[88.58510808127251,23.813729351318464],[88.5961631109674,23.80497283743021],[88.57808804617525,23.786659891756603],[88.57122690190376,23.783111542408903],[88.55926498879779,23.786062198737092],[88.55599660686858,23.78429495203351],[88.58077604726337,23.76061946844861],[88.56446847515382,23.71141288093539],[88.57378328031228,23.6670248066466],[88.55816617768942,23.64923364809346],[88.56213811841268,23.63717215840165],[88.59372789819103,23.64089440371329],[88.58003736571607,23.60305100141027],[88.64549491801505,23.609368659705233],[88.65421716193168,23.55623832043413],[88.69571770121414,23.517396779297233],[88.72509922121658,23.511918532872908],[88.74137753922872,23.47976681754667],[88.76087048833932,23.478471699230962],[88.76064358028924,23.490005358440925],[88.77485228236227,23.47990053990724],[88.76821198692193,23.490212386632514],[88.7859159895737,23.507326359868287],[88.79981737509081,23.498457143603037],[88.78727714107974,23.469168534433365],[88.79542820931084,23.443584488431576],[88.7629488672063,23.446426279520125],[88.74893231386726,23.398500930579594],[88.76540062702048,23.367970128800092],[88.73199837920386,23.352072508660946],[88.74526531625757,23.307906298237928],[88.73038370670594,23.319668477280576],[88.72537579487009,23.298777688921277],[88.71031191475005,23.312939823095828],[88.69624834124397,23.302083798944068],[88.7243771534027,23.2717072218427],[88.71886169879711,23.254884070389842],[88.75423368822548,23.235698275318658],[88.71311286931216,23.237972839375704],[88.70220525052602,23.215408880864484],[88.71815080316925,23.21054703099577],[88.71921210746925,23.184202339183138],[88.69394993658098,23.157004210362636],[88.70476252663605,23.13575673818017],[88.69455142311108,23.110315694302912],[88.67423142413647,23.09522534109158],[88.69563624683114,23.065116595457933],[88.66304901361471,22.98165459413753],[88.66535638539344,22.95053239092744],[88.67957992075083,22.944414961491304],[88.65699266237459,22.938655264873727],[88.66895620656679,22.89413465829599],[88.65942458872141,22.875453777814652],[88.62726579341704,22.883448759407422],[88.61201107285981,22.909788632516356],[88.51466320975497,22.932279702191533],[88.50695883903093,22.946247913454986],[88.47057948604329,22.936050259855353],[88.4636813930976,22.95072790203683],[88.41850929420717,22.956787348215588],[88.40394983682532,22.877276903617314],[88.37099707780787,22.8596706571457],[88.3762734454092,22.8325082435904],[88.33352103663691,22.784313247175536],[88.36219683536964,22.742939806082287],[88.35314636124923,22.648082155135903],[88.36132168240728,22.630780157292392],[88.39149876537154,22.629118832012555],[88.41342979084983,22.5538969415231],[88.46107758590787,22.522563316358582],[88.4546579314666,22.50957981339881],[88.42217987454609,22.523542027697783],[88.413874277296,22.477332876169022],[88.3720287864056,22.452029222136336],[88.34113764391516,22.457926786110317],[88.33892381646928,22.43280842543303],[88.28544166470405,22.4485259401717],[88.28957362410499,22.470599569539303],[88.2683107037959,22.487085333558486],[88.29890688361344,22.503470520158654],[88.29161141943321,22.538525947478025],[88.2336280042357,22.549164205986237],[88.2375941362158,22.521738241858444],[88.12117968897915,22.469176188800972],[88.140970619724,22.408079613467915],[88.09169186918419,22.365962325214127],[88.08298886836702,22.236396846533932],[88.06057129430414,22.20577053189272],[87.98649030105182,22.23825894379037],[87.96835951675342,22.26472894499088],[87.94691180743055,22.25703468223793],[88.00815076042599,22.202083327249508],[88.03477680431887,22.20893233649359],[88.0737047432492,22.18713121834477],[88.13588614175166,22.18477803459582],[88.19010883875328,22.116266961173665],[88.183412591652,22.094450828849553],[88.08626533909133,22.023377556562327],[88.05569287825806,22.020181446066495],[87.9680839314162,21.85477063520871],[87.88326654918292,21.793349834742017],[87.80507404929463,21.703417983586835],[87.74906748799145,21.700805870740904],[87.70849171776666,21.663863278711496],[87.65140874025221,21.648505652367533],[87.64393317640948,21.663105772333036],[87.63195237441512,21.647802931536987],[87.48478695509021,21.611261207910506],[87.48601481422662,21.632235846687816],[87.46037040048039,21.651397278793734],[87.4691843927843,21.732516541051655],[87.44477815828277,21.734032052359613],[87.4455532640697,21.768164288592732],[87.39553302544108,21.76712988502781],[87.2969822107177,21.811554414650157],[87.27737790894255,21.805005192109686],[87.23426084887224,21.901053819641014],[87.24981263672564,21.934972661676913],[87.23119061813632,21.95739164391456],[87.17228203907416,21.97846991655182],[87.16116063949778,21.934857154986425],[87.09787374915703,21.914773046493675],[87.0978495197432,21.866937426991825],[87.03560296891176,21.869170346870273],[86.99972183382093,21.91324548749852],[87.0315737788446,21.99222092696087],[87.02669564422173,22.037085657326678],[86.96470709211675,22.085740498027743],[86.83373819772484,22.098699813082764],[86.82462135483472,22.118921867410506],[86.80670013930022,22.119587982477626],[86.79384530085625,22.15748437321291],[86.71971071610365,22.14728148036084],[86.72496197931783,22.218020086382946],[86.65580544349872,22.235807190863266],[86.64951302439636,22.26353136413274],[86.59392366548711,22.278357897354287],[86.58225478984514,22.301645244244224],[86.53373003758854,22.30079936571071],[86.49639567621823,22.347077164250017],[86.42956356322115,22.30831705649408],[86.35814374274293,22.349212676913513],[86.28130084049688,22.448661737130738],[86.11759599419057,22.486661317313224],[86.04544360478671,22.567507353938574],[86.02402711866158,22.544624570494413],[86.0265297528272,22.52402180519113],[85.98513714175668,22.515478346214014],[85.95747554071833,22.466460501617718],[85.98262316419203,22.437182364120137],[86.01500148236885,22.428729387406293],[86.02434284731189,22.39548076764911],[86.021940433882,22.366036073957112],[85.99802444826291,22.341599560651446],[86.02671191518093,22.334863999262122],[86.01304273651871,22.31381967115853],[86.04720588658881,22.308956291867982],[86.00998920056458,22.293191664004752],[85.97387588303101,22.24707853608058],[86.03143036324398,22.19250861607907],[85.99676151532,22.13244801973004],[86.00758381106853,22.11767673694856],[85.94359421224497,22.02035616632099],[85.9161534698353,22.008776843357627],[85.90824964463204,21.970666722311506],[85.89799458113808,21.983710155410645],[85.82437069751413,21.975448685251088],[85.76299343733747,21.996143972852934],[85.793437359804,22.081810114365783],[85.83586325899103,22.080157497738252],[85.80742544050794,22.116111851815997],[85.74939229230715,22.07356631146491],[85.68628826895542,22.054129864364842],[85.65393285278648,22.094170520177677],[85.59718249475361,22.079123699257387],[85.54480279995538,22.09083713675808],[85.4123580191805,22.16162475098164],[85.37106901383004,22.160991709352462],[85.36440691591334,22.123714073219336],[85.3230922414095,22.127499204977752],[85.28130168410866,22.090428146891302],[85.23923348087571,22.010229651033168],[85.1812772069369,22.07250844550687],[85.16743091446111,22.06875410944557],[85.17059870970643,22.05144482543626],[85.15587085821252,22.078344509752725],[85.11961576605427,22.072917700051107],[85.09880778229056,22.10544521237958],[85.04168156090459,22.11609669672092],[84.98694954681866,22.082823007643757],[84.98339347564804,22.09552475253351],[85.02711808442294,22.123160248468107],[85.02909834493161,22.163494244990673],[85.05368805126629,22.185394071083266],[85.0781192962408,22.257913677137662],[85.07061453790794,22.273652221945415],[85.1159970279204,22.294093264516132],[85.11809583037979,22.317594607115623],[85.08939251815512,22.320425863735387],[85.09574879846535,22.34474060435907],[85.07667016580794,22.35620683326472],[85.08652562988757,22.39942279339716],[85.06028820891466,22.449559802478195],[85.07800349635946,22.477549221603415],[85.05967677553438,22.48644517015824],[84.96046045182074,22.44366259167289],[84.94490348389505,22.45246145777937],[84.9102262592303,22.42328316946369],[84.8860382694114,22.422087084188554],[84.88239470522323,22.448466195093523],[84.84216449254565,22.431738027917568],[84.81252397188979,22.452931297222932],[84.75931545882852,22.447465723979157],[84.74989532532395,22.41934185443143],[84.66805755326516,22.41806444313723],[84.62864814053181,22.43455297529565],[84.53598908612034,22.42729930289751],[84.48300388629117,22.41351600050462],[84.4842642377997,22.388507982003137],[84.4003201636274,22.346462299679544],[84.37129970442416,22.35567436276719],[84.29660881484571,22.34110894074939],[84.2514559502963,22.378077945407764],[84.20011487235847,22.37562439335293],[84.14085635417302,22.425935455071016],[84.14169919833961,22.473008631572696],[84.01000737537528,22.526399658164653],[84.00950540988352,22.57304856067847],[84.05481826730859,22.598876040322395],[84.08401621004275,22.638116449364375],[84.15066682958731,22.636464940555303],[84.22612372763112,22.671773871983014],[84.2382117146922,22.691734027631938],[84.23026546731091,22.738204810406373],[84.2607506528547,22.767428601152172],[84.28935948227172,22.766117145584396],[84.33477722208089,22.861547488802163],[84.37260075196123,22.86532229972567],[84.39509928601802,22.936944081598025],[84.37289552587846,22.978375870858255],[84.32810688042198,22.98190075458406],[84.28053600157793,22.96397341254777],[84.27691454522416,22.99012223757592],[84.25229296547901,22.972803892365093],[84.21870981662282,22.979289190607215],[84.18580180149404,23.0270917204729],[84.17799328593787,22.980391394362485],[84.14924842193152,22.965673887225698],[84.12554954301595,23.036478171878525],[84.13346048910628,23.0830897039327],[84.03746900682543,23.139878618468934],[84.03189770198927,23.15782942194845],[84.06325271798542,23.206230911540857],[84.05382842382316,23.24374662026003],[84.07427133908982,23.333840902195316],[84.05012231473246,23.37488951802491],[84.02671380818875,23.377576506015853],[84.00571111378615,23.353870718384595],[83.96700240896325,23.38758452927533],[83.98527539286852,23.43436323506766],[83.9746303441956,23.460967660605903],[84.01473679495771,23.503733189820014],[84.02805603737333,23.545601910743017],[84.01638318841995,23.633818800523134],[83.93190612990315,23.620413472573137],[83.93559848657755,23.56900487806798],[83.80697683195231,23.587547227859165],[83.77248174411977,23.610898298690476],[83.75191928699061,23.63866555079924],[83.75892829722088,23.653510510979547],[83.72360488306829,23.683877508922972],[83.7460679655416,23.719494894582756],[83.70763808161182,23.817413932911894],[83.66477962149479,23.82748128592989],[83.66153697875404,23.84839647444768],[83.5746574955852,23.86121126637389],[83.58537682039987,23.887088897680176],[83.55344413993336,23.89806817605214],[83.54887093743844,23.933906475468056],[83.51517386790871,23.981480295804342],[83.51616514603622,24.026726027772966],[83.45288940827642,24.041990406693856],[83.43224736115683,24.08598082186725],[83.40664417601869,24.080444210124604],[83.38828911171427,24.09996152623933],[83.32277608302373,24.10627713372459],[83.28211253910861,24.049734209183413],[83.2791097714292,24.018274686814966],[83.2425857300723,24.011585716097454],[83.22395977834161,23.986971606329945],[83.20791857721485,23.921394822542386],[83.1542156811458,23.90404193512312],[83.1414830017781,23.88491968056196],[82.95428193594364,23.870822753451463],[82.88471176528104,23.908839936597914],[82.85334609025341,23.94547308675115],[82.81261164700857,23.959869432187553],[82.80433886449893,24.003262132970704],[82.7507045412178,24.011978142959915],[82.77439259528018,24.075061455713502],[82.71641766789327,24.077724617206737],[82.66430502018972,24.129466954238676],[82.68288502236348,24.154591872964993],[82.7280775787788,24.13514294224761],[82.74443692075731,24.16548043502942],[82.73473893119466,24.2168143391395],[82.75901327930899,24.236354160542522],[82.77106493286757,24.344715986481138],[82.76518550077905,24.374798603997426],[82.72613168097931,24.36793160881628],[82.71320018645065,24.381396359292552],[82.73879479701404,24.426235655979614],[82.74326892251354,24.491920994476835],[82.72063409486816,24.51403236238221],[82.73100302966584,24.535250242692147],[82.72011669657206,24.554189275533588],[82.75163908959493,24.549906842664193],[82.75153257381524,24.537723362722293],[82.80754497098836,24.54899438489848],[82.80338223222068,24.59654764906001],[82.76546192048835,24.595770960270496],[82.77430165391108,24.641774716476924],[82.7069387164509,24.6362387660024],[82.70088847811242,24.676018682627838],[82.67120065489515,24.69686122175686],[82.53963448327396,24.6478514362213],[82.52331688775745,24.676083430270136],[82.45672377835598,24.67318760077464],[82.42766399952555,24.702139456008826],[82.40709418735567,24.682870650895286],[82.41611021129401,24.591198437785682],[82.36150388545632,24.59859272414629],[82.3386389388823,24.62036447716734],[82.2989623458384,24.60485750078668],[82.30265369941783,24.667653431563227],[82.26763395487721,24.681178804833763],[82.25708241292499,24.664455618294635],[82.23018039978173,24.68148898372375],[82.25011060192038,24.697452958238575],[82.25047545324524,24.75911470398852],[82.2447353700567,24.744320622637897],[82.23541981520138,24.760201593521884],[82.2288404995835,24.74558281032464],[82.2065692242899,24.747194593831193],[82.22163666035935,24.723726901052988],[82.18702098579938,24.73888938613615],[82.2037721824565,24.760388554112826],[82.19490196779094,24.775189546061394],[82.20944487267258,24.771525777916505],[82.21512393134562,24.79020546867518],[82.18680316198662,24.794088192801073],[82.19599556343591,24.811733495507017],[82.17811234098993,24.81069356961425],[82.16709038147117,24.78552762550839],[82.13866151730112,24.799462793667733],[82.11589596908335,24.784503985221598],[82.09765407435785,24.816148662056822],[82.01693993383255,24.845980123833684],[81.96846372899302,24.830224369020087],[81.9441741171322,24.841237832754167],[81.93371588661428,24.870704165745188],[81.90283632700164,24.89167530501611],[81.91964503419325,24.92812486539875],[81.9060861186133,25.00648569323395],[81.8955614439075,25.00951808504429],[81.89233382431475,24.988886081002452],[81.83481528754054,25.016972070614354],[81.79221272767269,25.004407375927524],[81.73150766077175,25.04864190708187],[81.6897522959941,25.038947808153928],[81.66654251802542,25.075111047576012],[81.61143405281393,25.056501524085984],[81.60035062447605,25.07384629853051],[81.6408635263836,25.09849244067947],[81.62408163425611,25.12003695466224],[81.60831668123825,25.096054939870108],[81.59806434114621,25.131335708854813],[81.62332026949825,25.141039386336583],[81.62621054352466,25.160466717006557],[81.58846342403982,25.16576973309269],[81.59562128610143,25.181821930180913],[81.578574223484,25.1908538503971],[81.51701794251018,25.196111332549705],[81.5271524581787,25.233870441664372],[81.56219951811717,25.23869658090812],[81.54997332437956,25.292174141075492],[81.45375759069594,25.258524647801902],[81.38487446729353,25.27603618868504],[81.40196735544211,25.31749515793464],[81.37637021292821,25.33896149121197],[81.33073120902063,25.348855511907896],[81.26497779355431,25.32591459136378],[81.2426875410466,25.358741310818093],[81.1498997887536,25.39710939517142],[81.15191393496278,25.42770317225968],[81.19404881377608,25.456688685487308],[81.18984070078125,25.489783353505423],[81.03506909896888,25.531172687035472],[81.02041470199111,25.546866720917293],[81.0047644397548,25.53567330867298],[81.02351040336848,25.504923944537346],[80.9932769861894,25.474888984484824],[80.9407763388463,25.468268914204007],[80.83650183217927,25.350355372891425],[80.75816145009694,25.323149622683957],[80.72857516364276,25.279178789964476],[80.70979308485703,25.28649414921472],[80.69041389389001,25.223516115534846],[80.62967231180365,25.19972823779579],[80.6590237578413,25.165083645613024],[80.66340056628373,25.11736837237465],[80.70928599563071,25.095923719795465],[80.69941538679033,25.079251491544948],[80.71768703528701,25.062142138168],[80.67973689983481,25.04845714726606],[80.68501265199947,25.076607265084647],[80.66173639844905,25.067605426948752],[80.64165925447685,25.09200555620735],[80.62602588462697,25.08294297459792],[80.60804217163896,25.098717344247603],[80.63574272822838,25.1131573841496],[80.6345491155155,25.12862587880698],[80.61161288842531,25.127700139837554],[80.60189558219666,25.15042985332107],[80.59499839331104,25.127196724943264],[80.60718666386019,25.117904950106343],[80.59228629879796,25.09019727368903],[80.6131362314931,25.065695561638293],[80.56844663646739,25.0868770381524],[80.54580021353556,25.064401821488378],[80.51347014140272,25.09708277876849],[80.48272223385393,25.100211026311467],[80.50662752074645,25.083974236684394],[80.50191146685643,25.04202434496653],[80.54643536513318,25.032119915947252],[80.54947573452401,25.002466208086034],[80.49930225274403,25.00621461481677],[80.47825988287832,24.97393083009938],[80.4561446972286,24.981636009814924],[80.46285460039807,25.002533368279877],[80.43702554475172,24.99452289105125],[80.45487235148718,25.0057290563062],[80.43309161836781,25.023735490635268],[80.45444992378927,25.04222295189651],[80.47435333606448,25.030529460481894],[80.50187663143727,25.037248818255247],[80.47514698226283,25.0379405068563],[80.44964589746155,25.07849322718904],[80.41610608135888,25.073175488671982],[80.40871689909964,25.055253344569387],[80.4006230891448,25.069572486259492],[80.38800374716875,25.05091435527269],[80.37365890139874,25.055911559284905],[80.3964404356369,25.011946234446956],[80.38731549527029,25.004314420558796],[80.36294905584137,25.023597207409107],[80.33099299323457,24.99219992136282],[80.273646337614,25.02596094008518],[80.29053768200689,25.05953892852471],[80.31139771129439,25.044234336863624],[80.35533461624827,25.05563492686007],[80.3506053064709,25.090412409328692],[80.37594853656672,25.115221818111497],[80.35270449546034,25.130246109836772],[80.35746754947085,25.142113217503045],[80.43166591814452,25.177617141187373],[80.40388961735516,25.24353326862492],[80.38357647694482,25.237288952595307],[80.35142658001047,25.27715728906062],[80.31079988479799,25.28640703967342],[80.31626721620347,25.385824981415443],[80.27992421926405,25.42076305015401],[80.26383817713193,25.42401952599113],[80.25341922621706,25.400834372451346],[80.22048901659655,25.398007481592458],[80.20237186929859,25.41403654023247],[80.1965479025541,25.381167526724717],[80.16896182419627,25.376858861784168],[80.13109688892645,25.334230132037515],[80.08878083623878,25.355854665339727],[80.07266988185685,25.33694701852199],[80.0338270547498,25.342253996959688],[80.0177918173187,25.322532416128926],[80.02221273543027,25.297616155345825],[79.99894342813202,25.285972928258555],[80.00523653058711,25.265805131562793],[79.94833035283719,25.268662392785497],[79.91755484867227,25.22682516707768],[79.90748826158114,25.25088986388246],[79.85137847796265,25.235558960959736],[79.86858931424023,25.216490590944648],[79.85601976616782,25.194052323330418],[79.8664555482326,25.14982080779285],[79.88153014484799,25.14204698085636],[79.8516169482985,25.128549401529913],[79.86153175210762,25.09621007945899],[79.74849927150932,25.1393513493589],[79.68335752976995,25.135154721355974],[79.67322173699952,25.120358060648663],[79.62270632981829,25.14060983123813],[79.60113884921742,25.127486767028792],[79.60698576863595,25.152768631282665],[79.59568617261023,25.143367726967213],[79.56935874270356,25.1718020073817],[79.51794748722786,25.127034917436568],[79.52489457361511,25.09697310438703],[79.4828407953979,25.07964723936757],[79.46502460479297,25.088045616074297],[79.47724054536062,25.12745122804637],[79.43892060175654,25.101221190176332],[79.43919727634393,25.127802165833003],[79.42129653164172,25.135432488826023],[79.42613403206082,25.119055257969862],[79.40573954513177,25.10635943844797],[79.38394535504858,25.14270659015292],[79.412078788742,25.200318919651618],[79.44423346682561,25.204283772156188],[79.43265685693648,25.220637103994626],[79.46246231704414,25.264666536743935],[79.49445900710367,25.26690568612796],[79.4672189881901,25.283296950963635],[79.43745276615162,25.254876953367116],[79.40881286055918,25.256091101715533],[79.40761389579951,25.27391594553334],[79.3685920852898,25.292456358578878],[79.37343166965185,25.270051526343146],[79.35826297929181,25.26353749103933],[79.35830979338023,25.2842367618135],[79.33614729252447,25.28809631562359],[79.35223110516972,25.329882227882297],[79.32654201338644,25.33524675400791],[79.29988612610076,25.337634483040546],[79.26898133617357,25.305115797404227],[79.27354264985472,25.260612676799095],[79.29571935947664,25.282320891025552],[79.31651766876278,25.25595765047915],[79.34972046240046,25.264082424483803],[79.33362154035261,25.225503975724283],[79.3518943111986,25.212156622055428],[79.33884432295234,25.19926305939641],[79.27933319953078,25.244762375864656],[79.28461661546757,25.19118774510429],[79.30850833085968,25.198286713247157],[79.32307856435649,25.149778352865926],[79.28254879809774,25.117537092752674],[79.2599048060735,25.12525774585832],[79.26881290128286,25.138448758657187],[79.25150638011522,25.159383306937546],[79.2243580259785,25.14602923743455],[79.24930432855582,25.14009453510249],[79.24036868728108,25.113262115361323],[79.21502946746648,25.111406578438263],[79.19080092268868,25.145443501291496],[79.17618005619244,25.140059978640004],[79.18729029237765,25.1263792571232],[79.17315752052002,25.107824235425152],[79.12402073162325,25.110779652896003],[79.12609355556783,25.161219920516373],[79.09038226179017,25.190550165777687],[79.06908401507215,25.151766981415257],[79.0353287154135,25.13665221263726],[79.03091379162281,25.184480696798232],[79.05232919103373,25.207444581531046],[79.05206317004871,25.187430985597743],[79.06200116970487,25.19314525747414],[79.06368344045188,25.221757847183984],[79.02228003994297,25.241048714039064],[79.01394048822294,25.27374084352029],[78.99437462419772,25.273163360126297],[78.97506397503987,25.242072975087588],[79.00251185225945,25.22795323667175],[79.00587339404618,25.1950472241676],[78.97029457702325,25.216438816115314],[78.93432998820653,25.211889917354327],[78.88039591558068,25.157616306181687],[78.8716650696005,25.187986601880134],[78.89058475279258,25.21442429750096],[78.86953198051528,25.231107414528143],[78.88092163214559,25.254010952407192],[78.89878205216121,25.243012442853836],[78.92014323133638,25.273584020231123],[78.94514376529044,25.25941958748681],[78.95551291771784,25.282758592309246],[78.97980156231861,25.280328528489964],[78.95742755397599,25.302238088476564],[78.96150849696419,25.3434535941702],[78.93103307430741,25.324597232640887],[78.9209095079877,25.343589229204476],[78.91184157786546,25.332560748524482],[78.88078696804168,25.340996596337884],[78.86261630156304,25.314452039993366],[78.87989556489839,25.285976302770358],[78.84280101837668,25.227691780739146],[78.80932767539748,25.271680966388363],[78.82367384793405,25.306382488041464],[78.79766132819874,25.289174445610968],[78.78846405462852,25.30008767195703],[78.79823662711816,25.313936220153302],[78.8192991059953,25.30694056398591],[78.88024274142695,25.385892763370027],[78.95646859457011,25.39719446571493],[78.93829494098625,25.37482544744647],[78.89634857237623,25.3728245703213],[78.93871245246909,25.346976728787936],[78.95915885439379,25.371511095727907],[78.9893319081832,25.374040802369333],[78.96992913171083,25.39011367219845],[78.9697430701727,25.431660606168006],[78.9580037861698,25.440284024151023],[78.93826513939624,25.422248944969134],[78.90887279000992,25.442420519671295],[78.93602371693592,25.461607491805516],[78.94390609255176,25.48292559323327],[78.92053347185683,25.51369764957047],[78.95178990636293,25.548787095149446],[78.93309594336148,25.55533569923592],[78.92336586593466,25.535936033258725],[78.91120343799672,25.555162267224752],[78.88410654010458,25.554358608521824],[78.88438203647662,25.515579242226853],[78.83495948265336,25.505820589306417],[78.86617108324371,25.465668643653885],[78.84011440228096,25.42778770721438],[78.8214900799296,25.440555272376166],[78.8456326789709,25.443310754255005],[78.84089036830656,25.461499106554673],[78.82060803891565,25.467744202018647],[78.80638085794303,25.454473142239095],[78.81824946834578,25.47165195243418],[78.79156106907949,25.483419437080208],[78.76782886491489,25.46942807314089],[78.74283442038116,25.49877971705653],[78.73730348608434,25.450020672696265],[78.76644271599633,25.424226835676894],[78.8029707356478,25.43716234190196],[78.82137363763887,25.422578067441325],[78.75215966771161,25.413184686508462],[78.74713227933461,25.391689423957374],[78.76756704386547,25.40048219867239],[78.75854029752772,25.382574728919963],[78.774587784571,25.353104129308296],[78.72412234759065,25.34396725627139],[78.698643751728,25.381675973564924],[78.65894873734572,25.385286640092655],[78.66652628311195,25.415475538937635],[78.67489877354264,25.39956732490427],[78.71119915461234,25.428454880636345],[78.68986585613354,25.445748033764428],[78.68171241277068,25.4332219962983],[78.65983459897375,25.441660058973945],[78.64135672959135,25.433493914204185],[78.63846040604511,25.4030822622753],[78.60966672839174,25.416022366448423],[78.59019353840344,25.386026828464722],[78.56650465377227,25.3935343780671],[78.56259220603388,25.37784830791064],[78.58570076088989,25.374173200766123],[78.58379207859622,25.34736680909931],[78.53050023873742,25.3547040036976],[78.55306755978823,25.319641917387376],[78.53051799414767,25.299719945065803],[78.50989696756835,25.295552821739616],[78.5031790450278,25.320909092523937],[78.47733707646529,25.289132723962712],[78.45470619679688,25.301243070031376],[78.43548808462276,25.285188436176558],[78.44983146076537,25.2625462055494],[78.50392508831352,25.28963076575982],[78.57825950899361,25.25402456625069],[78.55594629537987,25.21072443644892],[78.5703120789538,25.223707055035955],[78.59670852371977,25.164301360268343],[78.60216676103845,25.09493603420946],[78.62733711001941,25.086898864089758],[78.65269091085278,25.049906301709285],[78.63150333172516,24.959007588995885],[78.66339325882831,24.93844239944685],[78.67655975638843,24.89863117059995],[78.771269945253,24.857454318489886],[78.78992837335238,24.810436308584112],[78.77058970094575,24.78938036243155],[78.78121676666785,24.706924509087187],[78.74653867731706,24.66203388657869],[78.75456929289909,24.603815685152195],[78.78378711776436,24.588560325052402],[78.8831090264603,24.641397319432777],[78.92015186748361,24.57481210324784],[78.94644558937031,24.55714636534948],[78.94875949644897,24.501396658164015],[78.9706532624562,24.4941611321266],[78.93621897460677,24.479422633000098],[78.9209114252207,24.499840693310457],[78.91511653802542,24.458200149744652],[78.94748376899784,24.436621894070758],[78.98578730648859,24.44147106856343],[78.99364771610641,24.42275015174668],[78.97145395161297,24.347605838460975],[78.90956325332742,24.296076396162608],[78.91607017583684,24.26762632109786],[78.8843741432595,24.25000001282958],[78.88512770747512,24.220715128786185],[78.82472529152369,24.195689474743837],[78.81602888390853,24.207039656225117],[78.80462602045154,24.178112129912154],[78.7894314293762,24.17711125823587],[78.7673703712356,24.22021273369838],[78.76814640394346,24.251786016248843],[78.74160336198834,24.233836888187],[78.7341660406831,24.252405124209897],[78.70305791231682,24.226923242422938],[78.6686337117398,24.24003732677877],[78.65928259995472,24.26825392006369],[78.62580303303629,24.28059064657247],[78.62844280995566,24.303937966503497],[78.6032422645185,24.315145158556817],[78.586004323394,24.353742298595872],[78.52988419144839,24.368095180571334],[78.51838035224317,24.387818753329604],[78.49361913876598,24.381384013197167],[78.43108665469342,24.284031890517973],[78.38314777031523,24.271325609944423],[78.32969479274878,24.325760149634785],[78.36578652707979,24.38597622099025],[78.27065175025263,24.446172479583463],[78.27497912449572,24.473923436087205],[78.24482623914678,24.48741300841247],[78.24442472123751,24.511418162045814],[78.22597965040462,24.519773620614078],[78.23006536913599,24.537984945670548],[78.26446944475231,24.55220234560649],[78.27798094329597,24.6116384654679],[78.262543131396,24.642738054455087],[78.27683584012316,24.661887211759144],[78.22562035959929,24.74823493452721],[78.23574459515366,24.771748212310943],[78.21667858800733,24.80859444851665],[78.19929352711841,24.837858440696916],[78.17326860672627,24.84669368355656],[78.1690569721253,24.86933646095578],[78.33385237466955,24.995499619972104],[78.34737274189811,25.021531464719537],[78.33863497425996,25.086581359370705],[78.38606474443586,25.103777927242536],[78.40681795884802,25.12893264479144],[78.44681915147888,25.121774647210618],[78.42733694256792,25.154058516880262],[78.45805788727431,25.163326320564725],[78.3953290756578,25.18813993953585],[78.39127149337024,25.20093845975562],[78.4109519389725,25.21266594662302],[78.3597999942071,25.24219321339099],[78.37251418094846,25.259906873754964],[78.35011060145723,25.27732730256808],[78.35458581882926,25.29225438812889],[78.31173418638521,25.30330058973354],[78.34379321406843,25.32845582834637],[78.32805789302388,25.352542934049026],[78.30053267520105,25.360373730329176],[78.34091274878139,25.400125558359452],[78.35454453229623,25.45197906556689],[78.37766068687363,25.43681059343367],[78.41645102170719,25.476305966038005],[78.4285958465092,25.471622204738694],[78.41680998161121,25.501700325381787],[78.42827783604383,25.55043258283323],[78.44888385200126,25.563589124121997],[78.46469369187774,25.545508603711895],[78.49333953917731,25.578697459403603],[78.58774171581781,25.55660020472602],[78.6200043685254,25.58340203142252],[78.6242290487863,25.567645606289393],[78.65688358886946,25.55973812066129],[78.71845362814068,25.605559182460382],[78.74214936605146,25.596993189052633],[78.81259789919963,25.62306222085143],[78.81670418936216,25.6763215230004],[78.79991169127592,25.70506823455689],[78.7633317013021,25.719929726853806],[78.75282378351618,25.749406777045518],[78.78288290410208,25.75848296922803],[78.80727135097726,25.799404628643575],[78.82855085751771,25.795715283356618],[78.82831017509174,25.814338163747497],[78.80626639607074,25.81309286447105],[78.81843532574268,25.82900730521082],[78.84555115599132,25.82155485771577],[78.84581044048788,25.801186509576798],[78.86708023788549,25.793214312496925],[78.87257846586981,25.835092957496112],[78.85140719237384,25.838462462064662],[78.85272934153538,25.857113097540623],[78.87300831235032,25.875114184224675],[78.88737906606957,25.868494815124357],[78.88463912186938,25.91392951637183],[78.93895646532572,25.942687090034582],[78.93317921490147,25.97933187628614],[78.95681428786898,25.996538018711696],[78.94826299328584,26.02774923373536],[79.01206315147223,26.083184846718844],[78.94887043930028,26.12867977014792],[78.9669558057838,26.150142603749497],[79.00489540226584,26.14804981174509],[79.00446865689311,26.169215608775076],[78.98311385666247,26.184358310071342],[78.9936657103081,26.19689173473564],[79.02583037442972,26.191765391842754],[79.02582147322393,26.220098048511396],[78.98935560861956,26.234975982138966],[79.01944220943857,26.247609148558862],[79.03459853834174,26.225370480589135],[79.06344474484588,26.225904650015522],[79.06969513479793,26.245696587388164],[79.0456440947592,26.260307334055234],[79.07700851901039,26.28062047227606],[79.09064824053591,26.270027930835546],[79.1019288316798,26.306815261120434],[79.11741656834569,26.298905696581215],[79.1155273384144,26.320477478843955],[79.13883078085449,26.337513365365215],[79.08417002898234,26.35926965686647],[79.09520640554938,26.41263598247216],[79.125983698707,26.41125358332481],[79.1351777969084,26.440131045940642],[79.05261636464635,26.45373826146192],[79.06812686816613,26.496621054183873],[79.03966091509305,26.515114231824068],[79.02833796507454,26.54668762870105],[79.00774363803475,26.54386968935305],[78.98978348585052,26.578450570754704],[78.98913806869369,26.595559001380614],[79.0170629022836,26.601035952504933],[78.99346017141245,26.641907193611512],[79.0085152390633,26.66928882035115],[78.98333691545753,26.67687854029756],[78.94548794183348,26.654821623890147],[78.95605594752938,26.691680366526885],[78.91256389837838,26.706834264534105],[78.87236229817461,26.697786782530052],[78.81899030943731,26.76094176761547],[78.77101823877081,26.75908087883618],[78.75359691493114,26.787012182028274],[78.72719277902033,26.77647020167154],[78.722902914675,26.797267981794587],[78.68452504087142,26.78875375155494],[78.67052861878302,26.762406748995403],[78.62844613032979,26.773229164116398],[78.61299837083956,26.75243036086881],[78.57685860676813,26.74896651713706],[78.5218331559711,26.780584500670287],[78.46302270319539,26.787676268724773],[78.43522688280424,26.825128526576414],[78.39964171805903,26.81817069634593],[78.35831746240379,26.869561649024327],[78.28950182300571,26.857781156538636],[78.25996132239291,26.814167743905564],[78.22199639330407,26.830464283150704],[78.1964967863864,26.880916357234465],[78.23264465875623,26.874275865707936],[78.27225734193712,26.91918541123554],[78.25728818304518,26.93457063197603],[78.23862040394432,26.926644602263707],[78.22658451117215,26.94541158580661],[78.21062423947082,26.93133039260919],[78.14448215378236,26.949883943194212],[78.11183007766856,26.940276891597097],[78.12203303570985,26.935435927777178],[78.10158445797681,26.91635163907683],[78.11119752165727,26.895877079500313],[78.04880661976682,26.9101326860151],[78.05231091168073,26.868159690112925],[78.02569929297984,26.849628401889372],[78.03493969151566,26.871973275676762],[78.00962897279253,26.904046755641325],[77.98702306124373,26.889322843852142],[77.96780560408781,26.90374761657422],[77.94840529452729,26.89357766305298],[77.90636012905246,26.91777884264504],[77.90432446310643,26.883334539544272],[77.85049711882978,26.91272498451108],[77.7605990264682,26.932621402503383],[77.7249182516515,26.910381777680254],[77.72261000536129,26.87431826322696],[77.68665126419515,26.875249471943814],[77.60761732306037,26.827795401475623],[77.60846962198657,26.83777631731515],[77.52568621207278,26.818871625844455],[77.52096754308252,26.840658250314018],[77.50117235411162,26.844454230878235],[77.48746605911293,26.788154072673755],[77.50276954674119,26.76931144625103],[77.4545773609442,26.741946972228128],[77.46946891250575,26.765779946309177],[77.4543777490791,26.778009072572353],[77.43134269849243,26.771078814833206],[77.44536582003782,26.816393297922154],[77.42211860754028,26.84096817229125],[77.42883410535896,26.86359284029249],[77.49025638473707,26.900491434211236],[77.58319683077055,26.92416095106938],[77.66088302355597,26.97121836398094],[77.6709810566824,26.96063432721544],[77.76224256952673,27.000959179226758],[77.74848905813118,27.03087736611073],[77.73285105541527,27.023528473767897],[77.73005912223849,26.9938882975532],[77.70526428506543,27.00378535576455],[77.67976650861141,27.047083460615077],[77.6655834743007,27.01725204962155],[77.64193830889472,27.025599615325973],[77.63415282548674,27.012453882304005],[77.57919158016877,27.038206935295033],[77.56320782465959,27.029370679470063],[77.57721974206702,27.06832631160945],[77.51934591895699,27.066619534040694],[77.52708411962371,27.083179735234847],[77.505443166813,27.092297870063952],[77.5203945917709,27.104372940115727],[77.59784505401593,27.1179998364605],[77.61005319729514,27.162855495871174],[77.65840253277734,27.170105942510762],[77.68113044882597,27.194403789393025],[77.64671430772798,27.210218337626536],[77.6528211687649,27.234842651619502],[77.61642945925404,27.257802411095714],[77.6168288150218,27.286449975777483],[77.5987142842763,27.297148670008998],[77.6225956875167,27.31644059206256],[77.62270954920552,27.33618560200849],[77.58379458440302,27.321295500292813],[77.5071883521859,27.37709004497765],[77.43952940169225,27.39071573566673],[77.42110203327803,27.422017974035494],[77.43781399441689,27.45631836277039],[77.40190207904138,27.47678037832346],[77.38283628870302,27.515685037742333],[77.33999299602696,27.526619628603363],[77.3377914664364,27.571415850615217],[77.3582180561239,27.588960773785654],[77.3170593366038,27.606751580119546],[77.35258300940902,27.6512374273339],[77.34123016510217,27.703204203454522],[77.30442257521878,27.709857952325333],[77.31945152897683,27.736669227952948],[77.30148731333368,27.794855078447206],[77.2687570831422,27.814937697660195],[77.23388569684859,27.78596220533337],[77.20316263989865,27.82221880510252],[77.177023956698,27.78546762124348],[77.1895026387386,27.80839228552955],[77.15996767622657,27.81665093501637],[77.16080712903134,27.79258377238886],[77.13521920078105,27.77508613306236],[77.04479883160528,27.820982162776428],[77.0265766421924,27.779239155420136],[77.07455734513665,27.76700562460492],[77.08566100728167,27.738088984915574],[77.05963340423975,27.726483824538175],[77.03647323135127,27.748611162547554],[77.00077745099358,27.73701504347274],[76.9783740975944,27.653978860043992],[76.94377016046913,27.673722757625583],[76.93335727683517,27.65603098841308],[76.91082817764674,27.654673874908063],[76.88987601458305,27.700749061126018],[76.92472621004902,27.699921431962494],[76.89268167210064,27.733457411797],[76.91900375218665,27.80414027000618],[76.91502176388488,27.834538651643804],[76.93570138873983,27.828809807011528],[76.94231799593688,27.842617834504658],[76.93765904391012,27.896221805942286],[76.9505934597534,27.895800243970037],[76.95067346029157,27.91563000300646],[76.93153807282316,27.922348529461],[76.93060975737143,27.993347866875993],[76.97054875155258,28.138428026219298],[76.89251948820154,28.18358709214461],[76.90204536066297,28.198974982352176],[76.87099520446505,28.206589039481617],[76.87490155937337,28.217769125384926],[76.84849058636632,28.22161514881788],[76.80839923561993,28.210863811584584],[76.7948108453456,28.148382624598646],[76.76244775178121,28.142639145382056],[76.74355877232652,28.12103011883109],[76.71575823665708,28.12773786752141],[76.68735686225567,28.08765323737979],[76.65726538217744,28.089297033438466],[76.6543909708958,28.03468210984437],[76.66815758105172,28.013829225959565],[76.58988532138311,27.99785736113069],[76.54813569007021,27.963843681989783],[76.53595254098032,27.979515112801742],[76.54381992860155,28.034206124020123],[76.45467434829064,28.04232645976456],[76.4625396088931,28.05910559497649],[76.50124374659578,28.05968727627963],[76.44784091073254,28.088959812795522],[76.4636948970689,28.109158736654432],[76.4990472234439,28.10019840823991],[76.5026762396585,28.118711156853617],[76.47204815171672,28.13507765019798],[76.47573559317296,28.148583185019643],[76.38172722822374,28.13323541142935],[76.35656783542139,28.14373327942334],[76.34525083280214,28.169398697502224],[76.29226591635249,28.17921635399106],[76.28328118450841,28.163949310047894],[76.30143374758636,28.160048237642307],[76.29758292383107,28.14911529139975],[76.35986118800656,28.124918692220987],[76.33659444120505,28.1026078053404],[76.301441763657,28.09786932882527],[76.35660485363299,28.06748509900012],[76.34062703208774,28.028634925636602],[76.32076235567864,28.01597674328109],[76.29215745860154,28.025862745932304],[76.2935559644042,28.04920182078716],[76.26096208499229,28.067528756505947],[76.23804263995262,28.049715573789747],[76.17978085506475,28.05427441269262],[76.21480262674412,28.02658266364368],[76.17688975356037,28.021549428901842],[76.15755827755194,27.98721343290287],[76.18664073209393,27.965478475677617],[76.16820689815408,27.90338011723273],[76.20124969172194,27.89281198715549],[76.19380583577463,27.85951169550336],[76.22517893023483,27.833256513111383],[76.21708161983209,27.816712763204514],[76.19921759133842,27.82116299043014],[76.17214393661858,27.799649833429147],[76.13226702380905,27.82447589161899],[76.12333438091979,27.85102500246484],[76.08784094021618,27.860661283309184],[76.08567086829655,27.844707664884165],[76.0476693331528,27.83513873047568],[75.97137309025516,27.851966256687795],[75.98477078637885,27.903521001902092],[75.94233457966371,27.91318175840886],[75.93266791841971,27.929466720413167],[75.95167894775095,27.947726816107355],[75.97271509647761,27.932666440008518],[75.9999352211049,27.977578491981937],[75.96562921198765,27.98406671768491],[75.96671818821726,28.000028786008144],[75.99415433734595,28.002726060063264],[75.97273427808327,28.0236375739972],[76.01639215810765,28.03050920201585],[76.00853249595745,28.058822809243946],[76.02535952941864,28.054241136334085],[76.04079718702339,28.07405761981097],[76.02324251323681,28.085985192356336],[75.98661722363278,28.046489040874263],[75.97503484862288,28.050704406546444],[75.98343352707718,28.08135046092377],[75.93869486010801,28.08814299464556],[75.94593185267782,28.10766067125175],[75.99899437178276,28.122771372916507],[76.007489918849,28.15314856020812],[76.03178535413028,28.167859841198105],[76.07080490506776,28.164652335831853],[76.07571973871816,28.136979522225175],[76.09545334466988,28.150862019527448],[76.07191578531393,28.194335174310332],[76.04733637503628,28.19814241201351],[76.05592681650069,28.22018859296233],[76.01318128865078,28.244048422283058],[76.02631951082564,28.275031960904844],[75.98593538389277,28.29346245979169],[75.97236429939147,28.318603949231996],[75.95779415444458,28.313919856657918],[75.95442647235284,28.33411206066989],[75.93297269215307,28.336604004186235],[75.89636558698552,28.390071991619962],[75.86650524507964,28.38505703307629],[75.81866950383596,28.409913274340138],[75.77679440061273,28.400372793857116],[75.76655779866581,28.413452478610868],[75.78829449947496,28.45354938571209],[75.73566964709707,28.46884126231713],[75.73947313156339,28.48476100188035],[75.70089708724313,28.49257448559816],[75.6684544779566,28.533057566769898],[75.63347662180308,28.544437930663047],[75.62243463926345,28.601354995784533],[75.56151879320986,28.613214592370376],[75.54121034962395,28.660488056497524],[75.53538899941904,28.74617362114509],[75.5032960485289,28.783482900444774],[75.51963668226588,28.834505975057052],[75.49846806959374,28.84895622765634],[75.49654026956077,28.896313512020274],[75.47339618240073,28.92337982033494],[75.50569383757092,28.93591216193882],[75.52726191107547,28.970453748295814]],[[89.83474686484077,26.41533767551945],[89.83525443700455,26.412020309302957],[89.8358387758292,26.4113921856409],[89.83474686484077,26.41533767551945]],[[76.95557271529053,28.767777679902988],[76.94833696808804,28.71360859084436],[76.96774387668566,28.69953780371479],[76.95379990651587,28.667721799529108],[76.92496433415464,28.65014627472706],[76.94299476280091,28.62799745469972],[76.9345695625357,28.618354408855616],[76.8883336061183,28.631955727304153],[76.86314873487012,28.585398247204875],[76.83953310721951,28.582792344190885],[76.84240937592507,28.55630397584434],[76.88712639771217,28.52057298231526],[76.88544051608999,28.50114096074686],[76.90792914614157,28.513807710369893],[76.95167256076839,28.504221142944107],[76.97810198073134,28.521322273065206],[77.010221782477,28.514347323628144],[77.00665308470721,28.541407168926415],[77.04624204733184,28.516704414675875],[77.09852771390412,28.511041906113817],[77.0889160206235,28.53852818769885],[77.05062938078493,28.558901582592863],[77.10452593147409,28.587205466193204],[77.09882581494045,28.601019861615608],[77.12527326886386,28.6389403678147],[77.17665672695344,28.630103155438693],[77.16796283455781,28.683916456700665],[77.20075960371082,28.68591804871793],[77.22202807675507,28.716217761129148],[77.1766919147709,28.740487046417503],[77.17240805233348,28.77272604901007],[77.20779575207911,28.788141026691502],[77.20130183419374,28.812941432692895],[77.21896342105973,28.808238522535127],[77.22428330795671,28.826118844212026],[77.2173205265534,28.851334846078956],[77.1730607809367,28.857232324172934],[77.14241375220017,28.838860828248812],[77.14047652307406,28.86185005880264],[77.08219067163914,28.882076747791068],[77.04023226319572,28.832063139706985],[76.99481415899382,28.8395094613713],[76.95101399691987,28.818183142572618],[76.94189074180763,28.798661669518445],[76.95557271529053,28.767777679902988]],[[77.24886421828919,28.6847050507088],[77.26998724129557,28.672869562096228],[77.2720887300914,28.696952526921976],[77.2968315896233,28.7045229013655],[77.22186807408269,28.777390784481778],[77.23414766775657,28.783718368914588],[77.21602710981867,28.785199452472554],[77.22232268503339,28.746941749632466],[77.24175360879728,28.743375665460583],[77.24886421828919,28.6847050507088]],[[77.30319618775408,28.58383898470552],[77.33966227334024,28.603743053194272],[77.34256268890418,28.62197338974778],[77.28915052772236,28.657860762182562],[77.26989465532164,28.633009702975606],[77.30319618775408,28.58383898470552]],[[77.11468619252,28.480970522637797],[77.123629407854,28.44545565978277],[77.16229597478055,28.4289393742932],[77.17144557399897,28.406264226838086],[77.21660551508488,28.409727823570442],[77.25016300374175,28.426084728124465],[77.23292011088765,28.457912107575645],[77.2432971106465,28.478819954386402],[77.29026575562727,28.49653527679802],[77.31410043304082,28.4836065646091],[77.3475124266283,28.520070964161217],[77.30379449588688,28.552431360940144],[77.27964861450593,28.59807927568403],[77.24258703337236,28.608175426318322],[77.23550557331433,28.592097834037084],[77.2001596148475,28.58741053035149],[77.20587976327228,28.56207584255425],[77.16054794197585,28.545435113748226],[77.17488624456631,28.535932102971003],[77.16402557797424,28.526389678249235],[77.13418765090984,28.52403663377231],[77.14439685461232,28.48393220973812],[77.11468619252,28.480970522637797]],[[84.42577507848901,25.085968309256295],[84.30242257641625,25.00849512145713],[84.03191898971639,24.694051765073162],[84.00779151216753,24.642891602882102],[84.04257165593154,24.618602366483096],[84.11104095132632,24.476708145946827],[84.14053394025996,24.500533330158266],[84.14427905347851,24.53825171646269],[84.16420715073833,24.528181542957398],[84.15368349787651,24.511572205237282],[84.1786255199938,24.505638473836164],[84.17318399204449,24.544700399026432],[84.18723288841453,24.55292888435992],[84.20950306256314,24.53418027318353],[84.23639975147424,24.54932099710673],[84.25679268487839,24.526884557014483],[84.27972056927544,24.548527581014746],[84.27053174142445,24.560014216874535],[84.29813210412247,24.558762405229924],[84.32736541770264,24.48733333106164],[84.37027620941434,24.508490970345772],[84.4032513297137,24.572867850332127],[84.42424745288872,24.5554473544122],[84.43758127212874,24.572171425818855],[84.44779248060422,24.53543163161356],[84.46763524047171,24.53654921046058],[84.48341203019521,24.51444244577571],[84.54704697178211,24.527022991152997],[84.58126405914955,24.56180048536065],[84.56410974070612,24.568109634975745],[84.59686565965119,24.596350949091086],[84.60258357772014,24.655542049696987],[84.63477506070998,24.650117620563226],[84.66260140495677,24.68209928591198],[84.7002104466892,24.679069883881784],[84.7028804766072,24.698740342325582],[84.72262994413492,24.699130563476178],[84.71824013041419,24.762633842208388],[84.73470929482298,24.765299522534423],[84.72476013850081,24.788332060633003],[84.73520286136528,24.794634030089306],[84.70353223749895,24.800550912596584],[84.69549949732688,24.832029276495415],[84.67515577781076,24.833086871616807],[84.64112117323317,24.878451925462684],[84.6711921501235,24.872850458680606],[84.66362822471771,24.888175154888387],[84.71780627027536,24.91710756186471],[84.71072950079792,24.95118974058318],[84.73723974640514,24.95665319502538],[84.73100035285451,24.982160405253133],[84.74594766990629,24.984831821324946],[84.74689426636417,25.004083401879445],[84.71761552589079,25.00642452482544],[84.69894324768794,25.04199206036956],[84.7299798129771,25.039718826932056],[84.73607803936204,25.069044600973257],[84.65253683364652,25.10437623392369],[84.62739370617906,25.079860280328635],[84.62512463889989,25.10359576502261],[84.61157104846129,25.102351499339672],[84.58143716935824,25.073539139369004],[84.59408766026459,25.101396434219073],[84.57067940104622,25.114849582878684],[84.47262096651586,25.089276113974897],[84.45798291127251,25.10209490350202],[84.47130310405703,25.11535265073616],[84.44524032226612,25.129056938068715],[84.42577507848901,25.085968309256295]],[[79.39809669578626,25.80500940040037],[79.390244588587,25.77283528487106],[79.3582389723338,25.76927872749598],[79.39966321350022,25.738203066745502],[79.36884421443085,25.70096119779497],[79.38742865676325,25.683300138259174],[79.37894058483776,25.66282358145657],[79.40344420568596,25.65037744034094],[79.35526863207086,25.6438978651577],[79.38599399119911,25.57626115258711],[79.4193659275516,25.576345048508752],[79.39773607081445,25.564384983826596],[79.41099388807521,25.537717004892265],[79.39188365690231,25.524482647084355],[79.42085704121938,25.50682431790287],[79.50884473520571,25.487157794400442],[79.52277529645855,25.496700511301754],[79.5282771062631,25.482405640945345],[79.55966881875955,25.491580677016856],[79.5688408976031,25.476617810815252],[79.59524839965503,25.498714353040423],[79.61561011901817,25.48151175047152],[79.63997088438393,25.48495500757983],[79.64233038875247,25.508912173532863],[79.6660462497866,25.510042612608196],[79.65671303155706,25.550123061123976],[79.69939694488019,25.55035538831285],[79.70910321021516,25.592894046436232],[79.74736351492261,25.574094767732575],[79.77107742600666,25.58147721118148],[79.79895994319682,25.624782565475762],[79.84482587999479,25.60902918141981],[79.84118745424831,25.593358357110002],[79.87065163096277,25.57707018638047],[79.90916795676489,25.59706979284393],[79.94517914934724,25.58907975547317],[79.95358576053948,25.643244975685473],[80.00335978732953,25.616692070426815],[80.00925617885292,25.593791370924425],[80.07593777285604,25.587440453928693],[80.0880393727314,25.546256811609183],[80.14709539677675,25.53509372674494],[80.15061947373843,25.50898518256858],[80.186075476439,25.506453964491097],[80.19075067044444,25.520396317127947],[80.2191276376352,25.513486610344557],[80.21288371870116,25.552123189592496],[80.25166861443664,25.589224355004998],[80.27937012413102,25.584034010405677],[80.29382762737545,25.608793627011103],[80.27777649218712,25.625368785721413],[80.31968004355969,25.65267827619416],[80.30742370226177,25.700541559506384],[80.32354921017102,25.712307173206003],[80.3507350598067,25.703696918059926],[80.31979562078689,25.751108417383474],[80.2316907090672,25.799074764909857],[80.28537481624633,25.814903707004756],[80.29767490955238,25.82441571400957],[80.28710128787333,25.840120316314223],[80.32871728804331,25.84367998892453],[80.35151287018803,25.870957169600803],[80.34578870300048,25.900030366076265],[80.3064386816928,25.889780824957484],[80.26606782193355,25.933895128942478],[80.21395690310914,25.919960094730484],[80.1930156319153,25.946188555933237],[80.08519368348985,25.99714333307086],[80.11156517293645,26.044573569424525],[80.09856201003522,26.059773252305735],[79.95760766768538,26.074446016053372],[79.96493189161683,26.150189009334323],[79.94197667147802,26.162666549416166],[79.91871472876112,26.09059747390379],[79.94428179494386,26.06076034656012],[79.94203255439739,26.033439056247943],[79.9163149768162,26.032108380060464],[79.9070981396088,26.013178202819553],[79.95440474964995,26.02335949048177],[79.92332010129678,25.962906212849894],[79.88719038087744,25.964174353983353],[79.87634482634604,25.948535449304014],[79.86068492140997,25.952819124441763],[79.87251294658857,25.971488038977977],[79.85016714250794,25.971866508306075],[79.84413037090607,25.95348318595177],[79.86636171012621,25.936503052110123],[79.87073103386533,25.8823764973541],[79.84004197360986,25.884507173748407],[79.8152104169214,25.91434046366528],[79.81378768034487,25.87625292617732],[79.78542516102635,25.863497383640187],[79.74849100207742,25.908905555100414],[79.70903733133896,25.90363883285547],[79.68639093020886,25.929619115855637],[79.65897703335975,25.90419190628121],[79.61460772614605,25.93210968633146],[79.6034887708937,25.92323104213299],[79.61076357962702,25.89716375677703],[79.52185772582116,25.88847619687414],[79.52391762626019,25.86589801893042],[79.57173283739041,25.853335930085986],[79.55111729193607,25.82159431363267],[79.49783013791743,25.857754907411113],[79.45930705283037,25.823247236079705],[79.4598511718779,25.78923953856293],[79.41873954844392,25.808014909752107],[79.39809669578626,25.80500940040037]],[[81.34082335392608,25.809006062641163],[81.3613877988041,25.77586996941107],[81.40194573085542,25.76049907410285],[81.3962385227414,25.734207129987208],[81.36869002206706,25.711969281928887],[81.37463947241676,25.693928014506323],[81.42272763914806,25.67354069627708],[81.46888107780717,25.61991274283019],[81.52501871759652,25.62070140039703],[81.56529776475104,25.572407697889386],[81.6107094092659,25.59794040824698],[81.60402657799084,25.610754273880634],[81.62031568822572,25.628192595505926],[81.6010670204372,25.647148505024916],[81.60687691880615,25.668472447009165],[81.63929800533602,25.665042795652045],[81.63133539207182,25.639111356397404],[81.65873522798822,25.608540267836798],[81.6838495042127,25.63497420769836],[81.7249997910173,25.621906831880597],[81.73054067857802,25.6383017386348],[81.69649317272363,25.66961632366469],[81.74988712346716,25.66896915792592],[81.74024477674371,25.69935213451795],[81.75104299817002,25.731074698676363],[81.78805690411139,25.75004115550117],[81.81973604248319,25.741972594745867],[81.82235002189367,25.725516574048],[81.84316374838542,25.731327316632093],[81.88586610482359,25.711831143357294],[81.91088586544316,25.71657111952292],[81.9287315455988,25.753899070616527],[81.94704126721442,25.740083318981984],[82.02148123972819,25.743536821470787],[82.04510153879272,25.70769787928234],[82.01234305760264,25.694655253183782],[82.05976624703885,25.68414556970825],[82.06364635635425,25.655112900085083],[82.11058556603318,25.65096828282953],[82.12706324153032,25.68177269914576],[82.16326332952619,25.68032358075631],[82.17045464286242,25.70441372186865],[82.1877281648438,25.70788259974881],[82.19808706788034,25.76677609196988],[82.16989537098605,25.790005921465035],[82.18280827187738,25.829523211101495],[82.20625933512778,25.820759995724],[82.21813936212986,25.84033320600501],[82.25969313525864,25.83590571018218],[82.29015992860546,25.86315311629743],[82.29569322529682,25.89225113816074],[82.3501427860094,25.913823381424958],[82.39332592038899,25.90939201803641],[82.39050908747991,25.93327392899202],[82.34411702571042,25.95664727306979],[82.36889601161631,25.982323809904855],[82.43403551014951,25.985548255572798],[82.43393289452705,26.0066602140117],[82.39834335331342,26.011278205761535],[82.37999889221136,26.031219039559353],[82.34550216335319,26.003523442057933],[82.31890072854262,26.038551028661455],[82.24283844191139,26.05650562600736],[82.20115598965648,26.01682663966494],[82.18400120301384,26.040039790889598],[82.09910101659081,26.077385025148416],[82.0547204643908,26.052707465460006],[81.93976441774963,26.075415551775368],[81.93382657379419,26.052750393487976],[81.88491242610387,26.081513105770195],[81.85699918153725,26.046066052900823],[81.80286902211871,26.047284113992205],[81.78424142856693,26.028131067685784],[81.76901061081392,26.06735241861758],[81.72471167442525,26.093897139036162],[81.71552353734722,26.065872262201655],[81.68655197459594,26.076800154468145],[81.68212801700277,26.115573958757054],[81.65970276724829,26.11734114378485],[81.61829623702609,26.18069034673782],[81.59956261690691,26.143406007577788],[81.56920462108731,26.146484264867066],[81.53898999121456,26.122504998816602],[81.53503518415404,26.103452873488674],[81.56704068867435,26.07347525380236],[81.51664050806359,26.03855527127532],[81.5676542322682,26.024783430982115],[81.55858391360424,25.999748247332207],[81.59203788044348,25.969397041660656],[81.56913467720919,25.975239501206715],[81.52456667405258,25.955734732600547],[81.50238793543677,25.97499058438766],[81.49180854972371,25.966516198179523],[81.50580157081211,25.952353310082582],[81.48570061024616,25.933301000005166],[81.44346566331564,25.937736728701232],[81.4482475423163,25.920429285970098],[81.42614927733204,25.918177348883447],[81.40313259496865,25.890722699997706],[81.371194919136,25.89666078756146],[81.36900570966989,25.866635935443465],[81.33255819538122,25.869974460320172],[81.32496985443218,25.857302149151824],[81.35227773152118,25.836049717547127],[81.34082335392608,25.809006062641163]],[[87.71307356505946,25.257976517169006],[87.78663531504219,25.24738867096438],[87.76718006379299,25.2609765643797],[87.71307356505946,25.257976517169006]],[[88.98733993706381,26.53490179194088],[88.99445746421719,26.533235386458145],[88.99724200456761,26.53344514719828],[88.98733993706381,26.53490179194088]],[[88.98457712986591,26.536641017731206],[88.9856245576599,26.535444690475195],[88.98733993706381,26.53490179194088],[88.98457712986591,26.536641017731206]],[[89.00974991460163,26.52863307525893],[89.00211905453422,26.530917809346544],[89.0080639166125,26.52874370924161],[89.00974991460163,26.52863307525893]],[[89.01231069893896,26.52644604809907],[89.01450805232432,26.52572119828995],[89.01035557884201,26.52845173505305],[89.01231069893896,26.52644604809907]],[[89.0273973852244,26.51824834992717],[89.03029371419312,26.517894363173358],[89.0267179111182,26.518605593134424],[89.0273973852244,26.51824834992717]],[[89.03222645568518,26.5175099394153],[89.0338075580863,26.517131011105963],[89.03574734155993,26.51680963252727],[89.03222645568518,26.5175099394153]],[[89.0404129230117,26.520342682917263],[89.03574734156004,26.516809632527256],[89.03737648008672,26.5176691730553],[89.0404129230117,26.520342682917263]],[[89.04878891066328,26.526616109080663],[89.05120527628316,26.528938040774758],[89.04495826318123,26.523862850252875],[89.04878891066328,26.526616109080663]],[[89.05791319522591,26.533830767364563],[89.05935172700086,26.533653842850768],[89.05946085858484,26.53435715655223],[89.05791319522591,26.533830767364563]],[[89.061409956917,26.534166620296617],[89.06168504587458,26.535113644152652],[89.05957999636118,26.53439767753306],[89.061409956917,26.534166620296617]],[[89.07372289181811,26.537094072978558],[89.06999011626611,26.537089313376757],[89.07145754207039,26.53645208217523],[89.07372289181811,26.537094072978558]],[[89.07380781988972,26.535991531938656],[89.0742275105243,26.535771607367494],[89.07396966088025,26.53644735973833],[89.07380781988972,26.535991531938656]],[[89.07597356110332,26.535654303611746],[89.07597294597441,26.535062775048527],[89.0781344476997,26.535066697597454],[89.07597356110332,26.535654303611746]],[[89.07939532756704,26.53316796625571],[89.07911067363077,26.531881995748286],[89.07930386886821,26.531600557028337],[89.07939532756704,26.53316796625571]],[[89.07959430836,26.531526010291618],[89.07967225568947,26.531556640818458],[89.07930386886821,26.531600557028337],[89.07959430836,26.531526010291618]],[[89.08198884546566,26.5309792123887],[89.08227403539148,26.530739227048286],[89.08197665156409,26.53128192867613],[89.08198884546566,26.5309792123887]],[[89.08471029592363,26.526293247022245],[89.08510549511078,26.52562634275581],[89.0859121306285,26.526500673197273],[89.08471029592363,26.526293247022245]],[[89.08643421792242,26.525639064027317],[89.08646494543261,26.525511954629682],[89.08676713398431,26.5250896472246],[89.08643421792242,26.525639064027317]],[[89.08676713398431,26.5250896472246],[89.08995321279455,26.52543973652247],[89.09128600882194,26.526739005790105],[89.08676713398431,26.5250896472246]],[[89.09165268073974,26.524672368579264],[89.09171332202109,26.524193214694105],[89.09170373927806,26.524722651181236],[89.09165268073974,26.524672368579264]],[[89.09367182536676,26.52269672905758],[89.09393285145033,26.522175280265856],[89.09491850100333,26.522872103879248],[89.09367182536676,26.52269672905758]],[[89.09540399706287,26.52272832187659],[89.09767993310236,26.522394392345973],[89.10097823996462,26.52240918276646],[89.09540399706287,26.52272832187659]],[[89.10152390395126,26.521741103540585],[89.10218555717388,26.521641092831743],[89.10123181107252,26.522163380893893],[89.10152390395126,26.521741103540585]],[[89.10218555717388,26.521641092831743],[89.10254364671559,26.52232464090151],[89.1024937120268,26.522454704394594],[89.10218555717388,26.521641092831743]],[[89.10268778978826,26.521144864431204],[89.10296265379407,26.521016258118586],[89.10404184765547,26.52100322414705],[89.10268778978826,26.521144864431204]],[[89.10404184765547,26.52100322414705],[89.10619176600838,26.520634105077495],[89.10693926414638,26.52102210105614],[89.10404184765547,26.52100322414705]],[[89.10913325633166,26.520100535675848],[89.11000887092938,26.521349074389853],[89.107807012725,26.5210277545102],[89.10913325633166,26.520100535675848]],[[89.11000887092938,26.521349074389853],[89.11163496996737,26.520794209162894],[89.11216847838051,26.521959620862834],[89.11000887092938,26.521349074389853]],[[89.11372030622587,26.522033103358847],[89.113964568417,26.52238768361898],[89.11339695357897,26.521814426290728],[89.11372030622587,26.522033103358847]],[[89.1154548556326,26.52229935088045],[89.12109485283224,26.52207234925932],[89.11434490903531,26.52277180509021],[89.1154548556326,26.52229935088045]],[[89.1247840995895,26.52169005494198],[89.12536148357415,26.521502173955536],[89.12628291046468,26.521268936556936],[89.1247840995895,26.52169005494198]],[[89.1409354920383,26.518201599450983],[89.14650067991431,26.518446080942187],[89.13903669109902,26.518867480470984],[89.1409354920383,26.518201599450983]],[[89.15445230651343,26.514582079075893],[89.15547325014683,26.51428018571879],[89.1536628848994,26.515171745981664],[89.15445230651343,26.514582079075893]],[[89.15864330401055,26.51207734165681],[89.15993817949519,26.511936060095355],[89.15861973050306,26.512489627634448],[89.15864330401055,26.51207734165681]],[[89.16814129448224,26.50827285487253],[89.16964817213079,26.506914553910956],[89.17336616470985,26.50532545033784],[89.16814129448224,26.50827285487253]],[[89.18218369885422,26.500852821312566],[89.1749546665979,26.503614138564206],[89.17954853004731,26.501326594157046],[89.18218369885422,26.500852821312566]],[[89.18361033117485,26.500967270196647],[89.1868596930352,26.503080390145257],[89.18218369885436,26.50085282131256],[89.18361033117485,26.500967270196647]],[[89.18857513578341,26.50488007385571],[89.19141415155175,26.505665528749013],[89.1915439312934,26.50799465924457],[89.18857513578341,26.50488007385571]],[[89.2270393544963,26.502698395821618],[89.2275612539046,26.502698368407035],[89.22671607536869,26.502820674599988],[89.2270393544963,26.502698395821618]],[[89.23631821229573,26.498401412841197],[89.23725994956212,26.497774386129727],[89.2353040105512,26.49929093582919],[89.23631821229573,26.498401412841197]],[[89.24335664859875,26.492026446670536],[89.24370817256795,26.491711074347734],[89.24324751433204,26.49214423469389],[89.24335664859875,26.492026446670536]],[[89.24469145628012,26.49121917545024],[89.24720275795399,26.49093939572854],[89.24370817256862,26.49171107434717],[89.24469145628012,26.49121917545024]],[[89.24751858768053,26.49091409188241],[89.24809030024622,26.49086828510135],[89.2481903928717,26.490877546255756],[89.24751858768053,26.49091409188241]],[[89.28003633555811,26.486125857288297],[89.28176087597313,26.48684907230231],[89.28267921811107,26.48726140223544],[89.28003633555811,26.486125857288297]],[[89.28433775505232,26.487929274977567],[89.28700118961414,26.487335278318856],[89.28829834321284,26.48775063817773],[89.28433775505232,26.487929274977567]],[[89.29045631711473,26.487653305777503],[89.29078236896589,26.48765348643042],[89.29125361397658,26.487834269177103],[89.29045631711473,26.487653305777503]],[[89.29633360997131,26.486934640399806],[89.296550183049,26.486853579587013],[89.29740001169286,26.48673497246008],[89.29633360997131,26.486934640399806]],[[89.29907302703266,26.486421725098158],[89.30155188601503,26.484220766132704],[89.30192873051031,26.484033858469935],[89.29907302703266,26.486421725098158]],[[89.30385989688611,26.482267911125128],[89.30475793470863,26.48166814986521],[89.30347732298127,26.48273896482602],[89.30385989688611,26.482267911125128]],[[89.30747593243132,26.48179127652489],[89.30896416987879,26.48372351145923],[89.30600665094815,26.48156043631542],[89.30747593243132,26.48179127652489]],[[89.31788503503616,26.48477890859304],[89.32243690272928,26.488530939841972],[89.31265203013696,26.484624298830063],[89.31788503503616,26.48477890859304]],[[89.3257591169358,26.49484106604562],[89.32459153690965,26.492557164356906],[89.32575911693587,26.494841066045584],[89.3257591169358,26.49484106604562]],[[89.34358596174404,26.486858491213347],[89.33498425901409,26.48963617384841],[89.34014548799857,26.487290928834092],[89.34358596174404,26.486858491213347]],[[89.34358596174404,26.486858491213347],[89.3475723241157,26.489192523661266],[89.35042538638518,26.49171125576795],[89.34358596174404,26.486858491213347]],[[89.3511373461074,26.4923657223548],[89.35339028135206,26.49467023314326],[89.35042538638518,26.49171125576795],[89.3511373461074,26.4923657223548]],[[89.35904619694507,26.493747864531954],[89.36328433254673,26.49192505228644],[89.3574461343394,26.495725118729336],[89.35904619694507,26.493747864531954]],[[89.38213062401678,26.47368457416204],[89.38313842260908,26.47066998166294],[89.38512331352216,26.46983720842584],[89.38213062401678,26.47368457416204]],[[89.3906240268139,26.465244988148484],[89.39434938386582,26.46430582682821],[89.38817222820133,26.46591756028679],[89.3906240268139,26.465244988148484]],[[89.40625868315965,26.46816235189348],[89.40156468643832,26.464697402996052],[89.4039314941493,26.465734908014518],[89.40625868315965,26.46816235189348]],[[89.41422329458506,26.471386007718625],[89.41626290691654,26.470750317336456],[89.41825869829674,26.47105655702281],[89.41422329458506,26.471386007718625]],[[89.42100571440822,26.468866970559628],[89.42749906576432,26.468747488795596],[89.42051980187846,26.46996833508862],[89.42100571440822,26.468866970559628]],[[89.4314699471133,26.467942706526017],[89.43212679938054,26.467942436059538],[89.43220886637299,26.468077574750033],[89.4314699471133,26.467942706526017]],[[89.43911736879457,26.4693385209766],[89.43980446682332,26.469645155783184],[89.43990977386478,26.470200794585086],[89.43911736879457,26.4693385209766]],[[89.44044314412542,26.470781193571145],[89.44188110147547,26.470853644818078],[89.44224142978483,26.47273803903178],[89.44044314412542,26.470781193571145]],[[89.44237211675689,26.47288024903423],[89.44292050789105,26.47342095701939],[89.44321788822594,26.473800594503988],[89.44237211675689,26.47288024903423]],[[89.44366331198736,26.47444955271781],[89.44374935788579,26.47592517390067],[89.44321788822594,26.473800594503988],[89.44366331198736,26.47444955271781]],[[89.44654407553399,26.475528071148954],[89.447088746763,26.47537297341794],[89.44795625635643,26.475327413708342],[89.44654407553399,26.475528071148954]],[[89.44935049017693,26.47567872096658],[89.44884831964278,26.474519237814757],[89.44929453012041,26.47451898113804],[89.44935049017693,26.47567872096658]],[[89.45098063195336,26.476368343505627],[89.45238999534388,26.476850482392475],[89.4503459388869,26.476526552824104],[89.45098063195336,26.476368343505627]],[[89.45371844115884,26.48363264419923],[89.45387950879022,26.484530582435287],[89.45370193134191,26.483614972998062],[89.45371844115884,26.48363264419923]],[[89.46017680646294,26.489513687585077],[89.46351646973942,26.48896568350463],[89.4578651983287,26.489988858956444],[89.46017680646294,26.489513687585077]],[[89.47226324480006,26.487630268813586],[89.47305892474078,26.48739805397574],[89.4737702536684,26.487328943487988],[89.47226324480006,26.487630268813586]],[[89.47623781848026,26.486682800455263],[89.47842652739385,26.48639792494798],[89.4759925462765,26.486884597699603],[89.47623781848026,26.486682800455263]],[[89.47976137613573,26.484455451865223],[89.48395338503597,26.48396498919708],[89.47915622442882,26.486252022557302],[89.47976137613573,26.484455451865223]],[[89.48417115462331,26.484693403119355],[89.48429962506405,26.484131681850833],[89.4847455025433,26.483657552534968],[89.48417115462331,26.484693403119355]],[[89.48555768714807,26.483467346433063],[89.48632364754233,26.48449511917911],[89.48508628089566,26.483467706004028],[89.48555768714807,26.483467346433063]],[[89.48674251000391,26.484842910040225],[89.48608466386516,26.483868581497788],[89.48610933197534,26.483444380313752],[89.48674251000391,26.484842910040225]],[[89.48610933197534,26.483444380313752],[89.48684615148673,26.483042150482678],[89.48784229905556,26.48321926868088],[89.48610933197534,26.483444380313752]],[[89.48967441027165,26.482981278270003],[89.49135184689777,26.480398635851326],[89.4938739907094,26.48018447593478],[89.48967441027165,26.482981278270003]],[[89.49267934941668,26.479061727657253],[89.49454738086371,26.4766368041743],[89.49587425901557,26.479541913723715],[89.49267934941668,26.479061727657253]],[[89.49464538425309,26.474371221807086],[89.49442413232846,26.473834367112357],[89.49473393809497,26.4727735862106],[89.49464538425309,26.474371221807086]],[[89.49847154715349,26.471815997121553],[89.49878933423575,26.474263675368544],[89.4964479813422,26.471865122190643],[89.49847154715349,26.471815997121553]],[[89.50030040632521,26.474304772386798],[89.50086148944263,26.473542042491268],[89.5017455430322,26.473364462559314],[89.50030040632521,26.474304772386798]],[[89.50264245206021,26.47278086906998],[89.50321954676168,26.472366200801275],[89.50404701979481,26.47229925603495],[89.50264245206021,26.47278086906998]],[[89.50429395211826,26.471286665601006],[89.50431152829582,26.468707200059704],[89.50496356059526,26.468540815528343],[89.50429395211826,26.471286665601006]],[[89.50496356059526,26.468540815528343],[89.50579056905,26.46890251209785],[89.50595040684213,26.46976541082834],[89.50496356059526,26.468540815528343]],[[89.50771099490137,26.47184853798545],[89.50819537143938,26.4720146147084],[89.50818027008864,26.472323420199462],[89.50771099490137,26.47184853798545]],[[89.50857563920668,26.47257524261662],[89.50990828862359,26.472787014351148],[89.51087168818073,26.474045436259384],[89.50857563920668,26.47257524261662]],[[89.5148966871549,26.473797332163425],[89.51852409910363,26.47171064220289],[89.52063022475738,26.471545321643475],[89.5148966871549,26.473797332163425]],[[89.52154271054476,26.47169939602962],[89.52276061530408,26.472368206515775],[89.52063022475738,26.471545321643475],[89.52154271054476,26.47169939602962]],[[89.5285440521779,26.476172051829163],[89.52916939640502,26.47189427632363],[89.52991226417969,26.471068956271367],[89.5285440521779,26.476172051829163]],[[89.53146204312323,26.47064126666025],[89.53251391347945,26.470616494995127],[89.53046389794314,26.47088880613528],[89.53146204312323,26.47064126666025]],[[89.53894537120213,26.45516557325907],[89.53718127627138,26.453784936788683],[89.5374021121141,26.45350072990651],[89.53894537120213,26.45516557325907]],[[89.53916152978078,26.44722436658433],[89.53826455498698,26.44675455325541],[89.53835448207634,26.44618681777672],[89.53916152978078,26.44722436658433]],[[89.5383803430743,26.446023544039136],[89.53862715553474,26.44456152282729],[89.54168799493091,26.44472728384969],[89.5383803430743,26.446023544039136]],[[89.54332408045939,26.445078773581567],[89.54477083101887,26.445612084599453],[89.54168799493091,26.44472728384969],[89.54332408045939,26.445078773581567]],[[89.54829501793,26.440929692758882],[89.54914825887501,26.439395749160223],[89.55198568083874,26.439108480033006],[89.54829501793,26.440929692758882]],[[89.5522166192074,26.431861247014325],[89.55221594867383,26.43185639353009],[89.55222612222408,26.43156302642507],[89.5522166192074,26.431861247014325]],[[89.55245689237063,26.4313555952366],[89.55431964117548,26.431137661910398],[89.55222612222408,26.43156302642507],[89.55245689237063,26.4313555952366]],[[89.555152050379,26.425837696285384],[89.55377997909208,26.4237565922601],[89.55636016186921,26.4258421120589],[89.555152050379,26.425837696285384]],[[89.550890996336,26.418921754132096],[89.54948586583104,26.418259348853763],[89.55240977609489,26.418791676743258],[89.550890996336,26.418921754132096]],[[89.54948302219348,26.418253119952606],[89.54935331569425,26.417377497738258],[89.54948586583104,26.418259348853763],[89.54948302219348,26.418253119952606]],[[89.54907830207661,26.416465755410073],[89.54910492519112,26.415646891114086],[89.54910896817509,26.41552257168834],[89.54907830207661,26.416465755410073]],[[89.54964552891,26.415080575927536],[89.55068800768868,26.41504058989652],[89.55341454204832,26.41502845656621],[89.54964552891,26.415080575927536]],[[89.55512655591416,26.410096722195814],[89.55934644732905,26.41006265514129],[89.55867768302937,26.413581835219926],[89.55512655591416,26.410096722195814]],[[89.55934644732905,26.41006265514129],[89.56453345750118,26.410299608582946],[89.56629646749121,26.4124259304863],[89.55934644732905,26.41006265514129]],[[89.56743878053948,26.41306722563227],[89.5718517866045,26.418317535338804],[89.57198186552881,26.41877333217094],[89.57108657340632,26.41875333717064],[89.56743878053948,26.41306722563227]],[[89.57086223314083,26.422798422354678],[89.56697762044996,26.42204047065849],[89.56963973341287,26.421814164558793],[89.57086223314083,26.422798422354678]],[[89.57320196072536,26.42504673047372],[89.58401181345869,26.42983854685424],[89.57108950502858,26.425742868843226],[89.57320196072536,26.42504673047372]],[[89.58401181345869,26.42983854685424],[89.58771249637427,26.42559295396337],[89.58899092079942,26.424568885574956],[89.58401181345869,26.42983854685424]],[[89.59885009036657,26.413235600997233],[89.60043702632841,26.41123574511458],[89.60149586679033,26.410726590846377],[89.59885009036657,26.413235600997233]],[[89.60322218154234,26.40908951327722],[89.60706359398145,26.404485540380982],[89.61327986683166,26.399551732889428],[89.60322218154234,26.40908951327722]],[[89.61542840789998,26.397617740040406],[89.61755057060533,26.396061680666566],[89.61391985751746,26.39894887891932],[89.61542840789998,26.397617740040406]],[[89.61755057060533,26.396061680666566],[89.61884612769197,26.39533438564233],[89.61942734193141,26.39631372181846],[89.61755057060533,26.396061680666566]],[[89.61942734193141,26.39631372181846],[89.62074526013232,26.397383327600767],[89.62031423526022,26.39822275222975],[89.61942734193141,26.39631372181846]],[[89.62344118338461,26.40022207679605],[89.62579135905139,26.40356160968109],[89.6206148311172,26.399996338831404],[89.62344118338461,26.40022207679605]],[[89.62662832119547,26.411436632287725],[89.62571388759095,26.411978830214938],[89.62734001740922,26.41079578328298],[89.62662832119547,26.411436632287725]],[[89.62908419670879,26.416292540377928],[89.63028705983858,26.41668513105993],[89.62847922483984,26.416617116145023],[89.62908419670879,26.416292540377928]],[[89.63755179618897,26.41819432753686],[89.63706844370985,26.417930302649125],[89.63760454546326,26.41640039790252],[89.63755179618897,26.41819432753686]],[[89.63975830800203,26.418458820330116],[89.64028615596807,26.418462565895968],[89.64434099966617,26.41900814388765],[89.63975830800203,26.418458820330116]],[[89.64631578985167,26.419233542475006],[89.64754347508959,26.419897098025675],[89.64434099966617,26.41900814388765],[89.64631578985167,26.419233542475006]],[[89.6489072469194,26.420275658498795],[89.650024608634,26.41839358391191],[89.65106738623317,26.419647995197],[89.6489072469194,26.420275658498795]],[[89.65105274980532,26.42142155681514],[89.65010377119037,26.421564855260655],[89.65106738623317,26.419647995197],[89.65105274980532,26.42142155681514]],[[89.65074718845293,26.42261299640202],[89.64950417490616,26.422757595224763],[89.64992696422752,26.42191656646382],[89.65074718845293,26.42261299640202]],[[89.65531683391,26.4238176775088],[89.65639146286335,26.424538909570124],[89.65643586525489,26.42546810308248],[89.65531683391,26.4238176775088]],[[89.65714403830027,26.426512566144222],[89.65755984492449,26.426474725919128],[89.65828712844835,26.42819847532096],[89.65714403830027,26.426512566144222]],[[89.66044154008952,26.430069689023902],[89.66050820532021,26.430093377153632],[89.66146090032213,26.4309550541041],[89.66044154008952,26.430069689023902]],[[89.66159632511612,26.431370223852078],[89.66123926070537,26.431389861340524],[89.66146090032213,26.4309550541041],[89.66159632511612,26.431370223852078]],[[89.65957054580126,26.43466350585611],[89.65959734486322,26.43508033750107],[89.65961092457147,26.435409713777762],[89.65957054580126,26.43466350585611]],[[89.66277014441906,26.434023515924146],[89.66549792126814,26.436477805966156],[89.66129171780895,26.43522428700658],[89.66277014441906,26.434023515924146]],[[89.67842964885568,26.43353578035581],[89.67812381359822,26.433377920696532],[89.67765344741755,26.433124120807513],[89.67842964885568,26.43353578035581]],[[89.67765344741755,26.433124120807513],[89.67729638871718,26.43254334263685],[89.67692432928153,26.431622818081312],[89.67765344741755,26.433124120807513]],[[89.68059573085061,26.4288043421209],[89.68203138954233,26.428507101251814],[89.682598209785,26.429418461298468],[89.68059573085061,26.4288043421209]],[[89.682598209785,26.429418461298468],[89.68519470031401,26.429354256420353],[89.68754062168374,26.42948411581437],[89.682598209785,26.429418461298468]],[[89.68793124932215,26.428946920591805],[89.69014175707774,26.426921603366303],[89.68754062168462,26.429484115814265],[89.68793124932215,26.428946920591805]],[[89.69742550334767,26.421631593496233],[89.69313645271352,26.423971374452858],[89.69250893389615,26.42236505665701],[89.69742550334767,26.421631593496233]],[[89.70517046279063,26.424365931579413],[89.7053014688402,26.424371309032715],[89.70531185905378,26.424438505228483],[89.70517046279063,26.424365931579413]],[[89.71087227036178,26.427292465651306],[89.71087227036172,26.427292465651306],[89.71087227036168,26.427292465651284],[89.71087227036178,26.427292465651306]],[[89.71493729058079,26.433666750136428],[89.71851641867624,26.433781763841214],[89.72005561854641,26.43414632419254],[89.71493729058079,26.433666750136428]],[[89.72005561854641,26.43414632419254],[89.72430258359387,26.43557857086548],[89.72561204570108,26.43680067451301],[89.72005561854641,26.43414632419254]],[[89.72591335209219,26.437495478854647],[89.72595397042059,26.437963714863034],[89.72561204570108,26.43680067451301],[89.72591335209219,26.437495478854647]],[[89.73343232722068,26.44250378031135],[89.7334323272207,26.442503780311345],[89.73343232722078,26.4425037803114],[89.73343232722068,26.44250378031135]],[[89.74321435602837,26.43907091635797],[89.74776258995358,26.44080108478818],[89.74193705343531,26.440078321617023],[89.74321435602837,26.43907091635797]],[[89.74809755178336,26.446149156146735],[89.74812168526248,26.447047201467825],[89.74809585722483,26.44771964105669],[89.74809755178336,26.446149156146735]],[[89.74809585722483,26.44771964105669],[89.74776837169661,26.449149861231042],[89.74727669771059,26.44990991626574],[89.74809585722483,26.44771964105669]],[[89.74501330266452,26.45596179989951],[89.74501330266443,26.455961799899836],[89.7450133026644,26.45596179989981],[89.74501330266452,26.45596179989951]],[[89.74833160847511,26.456673395103078],[89.74902065401393,26.45929140974926],[89.74501330266453,26.455961799899917],[89.74833160847511,26.456673395103078]],[[89.74902065401393,26.45929140974926],[89.74918431437708,26.460871068279864],[89.74895661308263,26.461235666402978],[89.74902065401393,26.45929140974926]],[[89.74892229341962,26.4620487392628],[89.74863565067,26.462869756340243],[89.74895395986536,26.461249174513156],[89.74892229341962,26.4620487392628]],[[89.75230010359999,26.46355896977066],[89.75763904485731,26.464466040970894],[89.74905609030698,26.46327285101961],[89.75230010359999,26.46355896977066]],[[89.7714840379648,26.46497423242999],[89.76152291756995,26.46460860160097],[89.77025425768572,26.464647457348462],[89.7714840379648,26.46497423242999]],[[89.77834846624738,26.463666597209198],[89.78033371160248,26.46315182600127],[89.77717982426677,26.464001946051262],[89.77834846624738,26.463666597209198]],[[89.78033371160248,26.46315182600127],[89.78502283380922,26.46185974669087],[89.79430568463832,26.461792340123342],[89.78033371160248,26.46315182600127]],[[89.79645657131239,26.46165561707642],[89.79865096286915,26.461484205147382],[89.79874991129273,26.461478145133928],[89.79645657131239,26.46165561707642]],[[89.80261458065702,26.461179074614485],[89.80288788854564,26.46115240606479],[89.80301126698367,26.461148376726882],[89.80261458065702,26.461179074614485]],[[89.80608692886909,26.460910364180144],[89.80706474254613,26.460775467053434],[89.80782701847409,26.46078378877319],[89.80608692886909,26.460910364180144]],[[89.81842152818014,26.45992758859173],[89.82175087014518,26.459770957487606],[89.80890938702161,26.460705056483203],[89.81842152818014,26.45992758859173]],[[89.82776259606483,26.459394038125044],[89.82776259606494,26.459394038125033],[89.82776259607165,26.459394038132068],[89.82776259606483,26.459394038125044]],[[89.82938550842663,26.46106690948032],[89.83063438600996,26.462292200612215],[89.83099022484414,26.462721024755684],[89.82938550842663,26.46106690948032]],[[89.83099022484414,26.462721024755684],[89.8315599614315,26.467450732230596],[89.82961438283289,26.467477138624876],[89.83099022484414,26.462721024755684]],[[89.82961438283289,26.467477138624876],[89.82738241768622,26.46921383403297],[89.82692904218945,26.46880550980878],[89.82961438283289,26.467477138624876]],[[89.83343915084454,26.470384659999223],[89.84389922461716,26.46952994765458],[89.84715851853768,26.469350102877062],[89.83343915084454,26.470384659999223]],[[89.85671395611504,26.465794591364766],[89.85765412249195,26.46490671262589],[89.85806529513684,26.464613460690174],[89.85671395611504,26.465794591364766]],[[89.86149996205852,26.46432954579521],[89.86230741251357,26.46436586952285],[89.86073915340802,26.464489989509662],[89.86149996205852,26.46432954579521]],[[89.86319529851265,26.458666085172794],[89.86415756627999,26.462890212637078],[89.86301963579271,26.460579479228468],[89.86319529851265,26.458666085172794]],[[89.85842759085808,26.456097661112082],[89.85783597775918,26.45605248397151],[89.85854647347372,26.45598662541105],[89.85842759085808,26.456097661112082]],[[89.85541452395343,26.455560220157082],[89.85339899833883,26.455618654581933],[89.85618659624717,26.455497227170696],[89.85541452395343,26.455560220157082]],[[89.85339899833883,26.455618654581933],[89.85280246982245,26.455122068321582],[89.85284273460108,26.454251134646523],[89.85339899833883,26.455618654581933]],[[89.8522464472385,26.452865553925772],[89.85228660740488,26.452400723595535],[89.85249489571183,26.4530937646617],[89.8522464472385,26.452865553925772]],[[89.85228660740488,26.452400723595535],[89.85144468091517,26.45089779053458],[89.85094892838423,26.448816715570327],[89.85228660740488,26.452400723595535]],[[89.84752072921108,26.44462875457687],[89.84612667971223,26.446068030736555],[89.84190038057262,26.44636044427816],[89.84752072921108,26.44462875457687]],[[89.83181926003755,26.444967689820484],[89.83595447339877,26.44686427997334],[89.82980290378869,26.447719858501852],[89.83181926003755,26.444967689820484]],[[89.83161403855011,26.444146281377826],[89.83163459580396,26.44286457311148],[89.83242557585424,26.442238992106798],[89.83161403855011,26.444146281377826]],[[89.83302903709821,26.44082072685855],[89.83259292728606,26.440676173761645],[89.83249208617508,26.439994989125292],[89.83302903709821,26.44082072685855]],[[89.83087912885551,26.439055497077952],[89.82473291286257,26.439861193471295],[89.83137066690321,26.438270440069346],[89.83087912885551,26.439055497077952]],[[89.82451260686733,26.439125512883894],[89.82446132621862,26.438665456338644],[89.82473291286257,26.439861193471295],[89.82451260686733,26.439125512883894]],[[89.83474563827345,26.429923727332003],[89.83264291238426,26.427665570090664],[89.83595503081939,26.429420906797443],[89.83474563827345,26.429923727332003]],[[89.83226228154051,26.42685756166893],[89.83171576492649,26.42528830835045],[89.83277854715382,26.426929973654527],[89.83226228154051,26.42685756166893]],[[89.83014772278493,26.42286617490401],[89.82957244338898,26.42235289573129],[89.8296026485958,26.422024206190727],[89.83014772278493,26.42286617490401]],[[89.83189053092764,26.415922740260743],[89.83436118851026,26.41673127085327],[89.83020074599759,26.417799539959937],[89.83189053092764,26.415922740260743]],[[88.75988281367756,26.3002413680857],[88.75951914434249,26.305390789147918],[88.75824593446599,26.306833916581425],[88.75988281367756,26.3002413680857]],[[88.75764703463007,26.314740043806122],[88.75724041589416,26.315678496896073],[88.75790409560412,26.313097612789907],[88.75764703463007,26.314740043806122]],[[88.75737310576625,26.322507600013147],[88.75749833801017,26.323043784077548],[88.75749807871885,26.323292026323266],[88.75737310576625,26.322507600013147]],[[88.7589569288436,26.32667797752531],[88.75761577990457,26.32572007144236],[88.75827651992606,26.326045509417437],[88.7589569288436,26.32667797752531]],[[88.7591169584259,26.326953318477884],[88.75930696862099,26.327309983390915],[88.75938673932086,26.327617000758302],[88.7591169584259,26.326953318477884]],[[88.7593963223105,26.328032208537383],[88.7593830580571,26.328383856940857],[88.75938673932086,26.327617000758302],[88.7593963223105,26.328032208537383]],[[88.7602252043206,26.33049231664103],[88.76137021378258,26.332424886075852],[88.75975028151905,26.32971127958715],[88.7602252043206,26.33049231664103]],[[88.76137021378258,26.332424886075852],[88.76115406931117,26.333241492751338],[88.76050203785594,26.33414361325177],[88.76137021378258,26.332424886075852]],[[88.76050203785594,26.33414361325177],[88.75821610674899,26.33619504736943],[88.75535021522131,26.337262315107324],[88.76050203785594,26.33414361325177]],[[88.75477606937406,26.34264653163942],[88.7547885294093,26.34274957586457],[88.7547381402735,26.343002222604152],[88.75477606937406,26.34264653163942]],[[88.7547381402735,26.343002222604152],[88.75433180867462,26.34357507781775],[88.75381027611004,26.34410258354117],[88.7547381402735,26.343002222604152]],[[88.75049537783288,26.347863455741674],[88.75021391303108,26.348820040445823],[88.75018132763017,26.348902313854122],[88.75049537783288,26.347863455741674]],[[88.74993609224961,26.349877058027243],[88.74912707361293,26.35329131768264],[88.74888071415889,26.354071899905243],[88.74993609224961,26.349877058027243]],[[88.74806770413481,26.355456614322392],[88.74837813389563,26.355650964234197],[88.74912303944276,26.356978383648393],[88.74806770413481,26.355456614322392]],[[88.75023532112817,26.361361406815252],[88.75056834707325,26.361732238288194],[88.74999995264696,26.361182212621564],[88.75023532112817,26.361361406815252]],[[88.75157150284562,26.362702975151354],[88.75210743685334,26.36283886117671],[88.75249278630177,26.363182129904175],[88.75157150284562,26.362702975151354]],[[88.75249278630177,26.363182129904175],[88.75365378638777,26.364293289471725],[88.75368780979858,26.365286093909344],[88.75249278630177,26.363182129904175]],[[88.75604953923698,26.368122258419763],[88.75649183173557,26.371593147414472],[88.75412508301166,26.366885827139786],[88.75604953923698,26.368122258419763]],[[88.75699957393664,26.37479673023608],[88.75663518415529,26.372497624821058],[88.75687541775308,26.373791251234906],[88.75699957393664,26.37479673023608]],[[88.75891986787066,26.378323863295716],[88.75944037094594,26.378910977467516],[88.75969057090275,26.37925868241295],[88.75891986787066,26.378323863295716]],[[88.7622532004061,26.38203619622614],[88.76237330582015,26.38214457268229],[88.76213788712364,26.382058648595628],[88.7622532004061,26.38203619622614]],[[88.76302836157944,26.383333154978803],[88.76345389346655,26.383801666208672],[88.76384883296117,26.384821879786266],[88.76302836157944,26.383333154978803]],[[88.76610969796133,26.38896192083693],[88.76663559273108,26.389048133530146],[88.7659793716349,26.388966327732952],[88.76610969796133,26.38896192083693]],[[88.76690607032319,26.389283010297078],[88.76745152604884,26.390041562268827],[88.76663559273108,26.389048133530146],[88.76690607032319,26.389283010297078]],[[88.76745152604884,26.390041562268827],[88.76937341556622,26.392516141619627],[88.76964583686188,26.394495109777193],[88.76745152604884,26.390041562268827]],[[88.77384560749752,26.39538055013721],[88.77444057991544,26.396946981182186],[88.77172586478885,26.395455742776075],[88.77384560749752,26.39538055013721]],[[88.77641455907832,26.398479372604267],[88.77741085497142,26.3984247910887],[88.77543622601313,26.398685090092364],[88.77641455907832,26.398479372604267]],[[88.7821521024306,26.39767435632729],[88.7811069653056,26.397824441306707],[88.78177117650257,26.397665109971697],[88.7821521024306,26.39767435632729]],[[88.78401268875837,26.39582073053813],[88.78410800974382,26.395703458413234],[88.78418764955362,26.39568829593528],[88.78401268875837,26.39582073053813]],[[88.78586369266473,26.393276660886706],[88.78607449120331,26.39290664214587],[88.78571305301799,26.393804526375217],[88.78586369266473,26.393276660886706]],[[88.78607449120331,26.39290664214587],[88.78656055748478,26.39282574226009],[88.78693804842453,26.392834189847044],[88.78607449120331,26.39290664214587]],[[88.78949722808285,26.3925252812764],[88.78931533690144,26.387813638778276],[88.79075960248025,26.38624397344991],[88.78949722808285,26.3925252812764]],[[88.79189868473574,26.38403334059067],[88.7913340460121,26.385129142856123],[88.79150257280895,26.384348998351825],[88.79189868473574,26.38403334059067]],[[88.79189868473574,26.38403334059067],[88.79396469565997,26.38162468160826],[88.79473668032085,26.381106077599117],[88.79189868473574,26.38403334059067]],[[88.7966121374492,26.378850699569703],[88.79704339059086,26.37833066357773],[88.79626116648818,26.379283782297346],[88.7966121374492,26.378850699569703]],[[88.79784566038128,26.3773531197347],[88.79803636220115,26.376996698044536],[88.79840756634114,26.37636964517365],[88.79784566038128,26.3773531197347]],[[88.79840756634114,26.37636964517365],[88.7991393467148,26.37571106941976],[88.80007624292669,26.375846966578013],[88.79840756634114,26.37636964517365]],[[88.80041693960682,26.37589684111389],[88.80233094135936,26.375775896362768],[88.80316248695412,26.375871125928665],[88.80041693960682,26.37589684111389]],[[88.80316248695412,26.375871125928665],[88.80366339389323,26.37610609742436],[88.80425741625743,26.377322727985476],[88.80316248695412,26.375871125928665]],[[88.80637240455964,26.378666284862117],[88.80508502331237,26.378214314270945],[88.80570623428669,26.378264338975473],[88.80637240455964,26.378666284862117]],[[88.80808556697329,26.37923120343897],[88.80848185156542,26.37848673421878],[88.80878753552014,26.37830188726759],[88.80808556697329,26.37923120343897]],[[88.80924149691226,26.378080501127595],[88.8098753156996,26.37753964607135],[88.8101457463369,26.377517270900544],[88.80924149691226,26.378080501127595]],[[88.8101457463369,26.377517270900544],[88.81060674980033,26.377576159992973],[88.81073190084113,26.3776393880809],[88.8101457463369,26.377517270900544]],[[88.81291119054607,26.377897674126412],[88.81410389553258,26.377419766733755],[88.8150710090238,26.377307309599164],[88.81291119054607,26.377897674126412]],[[88.8150710090238,26.377307309599164],[88.81545172237325,26.37738426211398],[88.81550713330506,26.377462062108645],[88.8150710090238,26.377307309599164]],[[88.81718493855301,26.378057407480824],[88.82425958379415,26.3780826788807],[88.8244896686135,26.378624319843272],[88.81718493855301,26.378057407480824]],[[88.83101279257039,26.379497472137935],[88.82508601608308,26.378660585698288],[88.82744583686839,26.378530639594402],[88.83101279257039,26.379497472137935]],[[88.83225033405728,26.37981381165194],[88.83860184867663,26.384689555475283],[88.83892122397079,26.38572051356446],[88.83225033405728,26.37981381165194]],[[88.84043255201347,26.385878887857956],[88.8404403210252,26.38586798620683],[88.84078118708206,26.385597228337158],[88.84043255201347,26.385878887857956]],[[88.84117711698227,26.385461972072],[88.84394315748611,26.384519459153093],[88.84629818614697,26.384398106115082],[88.84117711698227,26.385461972072]],[[88.85049184804028,26.38505775356877],[88.85314721226428,26.386416629996102],[88.846298186147,26.384398106115082],[88.85049184804028,26.38505775356877]],[[88.85314721226428,26.386416629996102],[88.85331240007979,26.38747266743737],[88.85317926141575,26.388045183961527],[88.85314721226428,26.386416629996102]],[[88.85755041238029,26.39381838900004],[88.8586429791509,26.393010771721524],[88.8596100625617,26.39317340846351],[88.85755041238029,26.39381838900004]],[[88.86461598375473,26.392338927354785],[88.8666054176909,26.39285357924863],[88.86296958378648,26.393305660332178],[88.86461598375473,26.392338927354785]],[[88.8666054176909,26.39285357924863],[88.86810859624818,26.393905217114458],[88.86859448365004,26.39487544226683],[88.8666054176909,26.39285357924863]],[[88.86984708582685,26.399356767314814],[88.86984708582676,26.399356767314774],[88.8698470858267,26.399356767314572],[88.86984708582685,26.399356767314814]],[[88.87343759206279,26.40120916724411],[88.87718858754552,26.403021462916367],[88.87765746693593,26.4033862685783],[88.87343759206279,26.40120916724411]],[[88.87905280329677,26.40409549544444],[88.87974941988907,26.40446554076106],[88.87901162938365,26.404084902770133],[88.87905280329677,26.40409549544444]],[[88.88166400198452,26.40883856136823],[88.88164903808985,26.409831299094428],[88.88139834921691,26.408188636365757],[88.88166400198452,26.40883856136823]],[[88.88263145102974,26.41289103886418],[88.88276678426587,26.413175302642152],[88.88263117739807,26.412890801610065],[88.88263145102974,26.41289103886418]],[[88.8846487757761,26.416259561820812],[88.88485696314935,26.416320714301136],[88.88494217936149,26.416740399644144],[88.8846487757761,26.416259561820812]],[[88.88483185182004,26.41688483201594],[88.88448621574398,26.417070891192118],[88.88437084501729,26.417132995621074],[88.88483185182004,26.41688483201594]],[[88.88462170856752,26.421334530761083],[88.88377488902874,26.424263462904495],[88.88421995457318,26.41893836278876],[88.88462170856752,26.421334530761083]],[[88.884180938734,26.425757209055313],[88.88450674871011,26.425793261711462],[88.8845073929581,26.42579391067656],[88.884180938734,26.425757209055313]],[[88.88716843110393,26.426393330309548],[88.88824642222441,26.429737253455986],[88.88587520802213,26.426384402294595],[88.88716843110393,26.426393330309548]],[[88.88805597962968,26.430238294863436],[88.88776531417291,26.430766293998474],[88.88824642222441,26.429737253455986],[88.88805597962968,26.430238294863436]],[[88.88939961859616,26.432751793118438],[88.88944479820536,26.43357313352251],[88.8892742249585,26.432237325600884],[88.88939961859616,26.432751793118438]],[[88.89778682278903,26.438558849422375],[88.89881953420156,26.438215760725765],[88.89919053831278,26.438486493602362],[88.89778682278903,26.438558849422375]],[[88.89962175089445,26.43887066415185],[88.9002583452641,26.43919485154918],[88.9003837755655,26.439488072575408],[88.89962175089445,26.43887066415185]],[[88.90240923472557,26.440507717499774],[88.9029807493407,26.440715112745767],[88.90222200603006,26.440545191929182],[88.90240923472557,26.440507717499774]],[[88.90332678836077,26.441179960571755],[88.90347341834085,26.441406319316236],[88.9029807493407,26.440715112745767],[88.90332678836077,26.441179960571755]],[[88.9040864035807,26.44226632760832],[88.90425451495861,26.44248850469923],[88.90440190721927,26.442842098576516],[88.9040864035807,26.44226632760832]],[[88.90525758639892,26.44417604236124],[88.90588459009304,26.44554788592551],[88.9049019193228,26.443754583942066],[88.90525758639892,26.44417604236124]],[[88.90871023447542,26.45296635000106],[88.90880913111641,26.452307505754767],[88.9087102344757,26.45296635000066],[88.90871023447542,26.45296635000106]],[[88.90660605389893,26.459272008033718],[88.9059433295913,26.4598036306256],[88.9068166451981,26.45891909262901],[88.90660605389893,26.459272008033718]],[[88.90869456855391,26.459468971815344],[88.9121339890844,26.460849609298645],[88.90769406349027,26.45968555231619],[88.90869456855391,26.459468971815344]],[[88.91028691898609,26.465691833650794],[88.9104682022155,26.467903601313218],[88.90999574841577,26.467966426261246],[88.91028691898609,26.465691833650794]],[[88.90730970345413,26.4696178248433],[88.9056895171787,26.466409835750227],[88.91017781233208,26.469424524403497],[88.90730970345413,26.4696178248433]],[[88.90570623422279,26.4713984736898],[88.9057208067594,26.472097090498764],[88.9056658963561,26.472769555976864],[88.90570623422279,26.4713984736898]],[[88.90966056310151,26.475121929795247],[88.90986358414177,26.474840039641688],[88.91046505278997,26.474153942247703],[88.90966056310151,26.475121929795247]],[[88.91046505278997,26.474153942247703],[88.91080072177105,26.47338213036439],[88.91522761421173,26.470894398872414],[88.91046505278997,26.474153942247703]],[[88.92161722328733,26.470684794201766],[88.9163709040933,26.470686437443906],[88.91874755063479,26.470356380946225],[88.92161722328733,26.470684794201766]],[[88.9258620336918,26.46853992984228],[88.92589185237502,26.467939647609434],[88.92631423743259,26.470683323010768],[88.9258620336918,26.46853992984228]],[[88.92596203221898,26.46779978861954],[88.92603218557255,26.467682404941637],[88.92589185237502,26.467939647609434],[88.92596203221898,26.46779978861954]],[[88.92676683853006,26.466590809481534],[88.92685390539114,26.46635539153878],[88.92709441842109,26.46597160196063],[88.92676683853006,26.466590809481534]],[[88.92709441842109,26.46597160196063],[88.92756062760817,26.46566916013792],[88.92825553946257,26.46561587670524],[88.92709441842109,26.46597160196063]],[[88.92900444152268,26.4652173084997],[88.93101509103793,26.465121804114453],[88.93229464400993,26.465443644453046],[88.92900444152268,26.4652173084997]],[[88.93752918002113,26.466648970943968],[88.93415906597811,26.465571899697288],[88.93699198039114,26.46550750216279],[88.93752918002113,26.466648970943968]],[[88.94642946844219,26.4753547308779],[88.94441046885254,26.478600504050846],[88.94558686167478,26.47510247447039],[88.94642946844219,26.4753547308779]],[[88.94410020591421,26.479480623915112],[88.94368541089699,26.479972005366676],[88.94424535938386,26.479124101207624],[88.94410020591421,26.479480623915112]],[[88.94245672477885,26.481832548066883],[88.94224137280558,26.482315577228658],[88.94185559778073,26.482911494983448],[88.94245672477885,26.481832548066883]],[[88.94119132559948,26.487970639278096],[88.943408497098,26.49733373637866],[88.94074445321766,26.48705027766249],[88.94119132559948,26.487970639278096]],[[88.94332862195071,26.49813715369397],[88.94324870131948,26.498669607607106],[88.943408497098,26.49733373637866],[88.94332862195071,26.49813715369397]],[[88.9431384695188,26.49890894617994],[88.94300649008781,26.499000289617587],[88.94324870131948,26.498669607607106],[88.9431384695188,26.49890894617994]],[[88.950811559878,26.505506528235603],[88.95268764692528,26.505862027489087],[88.94646222989854,26.505857312629335],[88.950811559878,26.505506528235603]],[[88.95442802606269,26.50732629726903],[88.9545195246009,26.50738634769613],[88.95481566615126,26.50765243865685],[88.95442802606269,26.50732629726903]],[[88.95679672899136,26.514659798428223],[88.95651873201689,26.51152354889472],[88.9569558044463,26.51253866654272],[88.95679672899136,26.514659798428223]],[[88.9574443533561,26.515399528534267],[88.96217176484313,26.524941382765768],[88.9570719326335,26.51518621900191],[88.9574443533561,26.515399528534267]],[[88.96659630481342,26.524740063626183],[88.9678721436369,26.52676097461528],[88.96245392772978,26.525031450690612],[88.96659630481342,26.524740063626183]],[[88.96982611859725,26.529774295745383],[88.97051548453148,26.532242393802818],[88.96868110168869,26.528267793812866],[88.96982611859725,26.529774295745383]],[[88.9700975558234,26.533356708491045],[88.96868756409617,26.53639982960044],[88.96859815593116,26.536533811145752],[88.9700975558234,26.533356708491045]],[[88.96828924022641,26.540276656478408],[88.96918944846861,26.542888966808132],[88.96799846793458,26.53981530976046],[88.96828924022641,26.540276656478408]],[[88.9802479026908,26.539366326815696],[88.97292838358501,26.54397406651295],[88.97767218885552,26.540856911035412],[88.9802479026908,26.539366326815696]]],[[[74.50143041105255,34.87170131488587],[74.43402642462539,34.846516921825234],[74.41351964394981,34.80985404699235],[74.3130686762972,34.79161341669604],[74.27599484612031,34.75001064115744],[74.14615762163436,34.683336962450134],[74.13296113626966,34.651774923607924],[74.101377581594,34.66611040569577],[74.09543353749221,34.69180902633951],[73.97042852194265,34.68857189927061],[73.94988550612378,34.64800959670232],[73.93217061322643,34.644609117528546],[73.9299117812837,34.604465326333056],[73.95538862302277,34.59749133549058],[73.95509632879731,34.5618483175048],[73.89538068949938,34.514404199342025],[73.87947955057984,34.47949394669538],[73.88475549957899,34.44953347516188],[73.83890496170633,34.42200698485329],[73.80320584992431,34.42392057095945],[73.74988404271329,34.36887897654123],[73.75268932490658,34.34599772648531],[73.7743257148429,34.33468123313004],[73.8082071190751,34.34465203792706],[73.85281707726102,34.32106261856312],[73.9116268759935,34.347995137518105],[73.9333446010606,34.33502321581347],[73.9146761365345,34.30378985147477],[73.93855206253251,34.30932378215135],[73.93379129156975,34.282772843879144],[73.9797223725634,34.27158139597215],[74.00615854627249,34.22974431600165],[74.0042274492067,34.18942008416994],[73.93255434285662,34.142504876738414],[73.92592276515059,34.1045947189336],[73.90468678226713,34.105521284798286],[73.89057338228979,34.06305785972214],[73.90151969505544,34.04704036392432],[73.94955193048212,34.01623757676175],[73.99608748399264,34.01888689861985],[74.02463256422985,33.99999992238469],[74.03702783895305,34.01711643596253],[74.09179343286921,34.01749916284753],[74.12119188004523,34.0480471986152],[74.17504419566012,34.026742677702615],[74.24463618604177,34.024499075502604],[74.25561129542014,34.00322374852341],[74.18548910093536,33.989452299041936],[74.13007788279668,34.00083342624817],[74.02839809712573,33.95684336157515],[73.92465148231467,34.02067525832734],[73.88282202506443,34.02871312530813],[73.84084633689078,34.07583786981056],[73.69725607245284,34.076163085427325],[73.68432673055636,34.06082134469128],[73.64208087241472,34.057324441203804],[73.61820639666703,34.08406652467046],[73.60080723197619,34.06671951232102],[73.5287564766742,34.1440117386179],[73.49333567042633,34.14646590436627],[73.49860898412125,34.20826659480831],[73.47374386018575,34.24858044315744],[73.48083596851133,34.28942071500625],[73.45986338123865,34.27621467764158],[73.43072550323193,34.34458112368883],[73.39609684516442,34.3716076979948],[73.42773753169202,34.42603761657887],[73.42194229025633,34.46605100466711],[73.44825170986763,34.56709260207931],[73.53217693297803,34.570984079488866],[73.55613150035961,34.58983646459266],[73.6111498437274,34.584821364372665],[73.65122536747594,34.56307936692233],[73.65375516460206,34.60052805029602],[73.69467654494154,34.64701607399212],[73.65905374734888,34.67309720539307],[73.73138835821634,34.772894171061786],[73.76708313512458,34.79423755831859],[73.81802641458727,34.79132100426568],[73.8431441782981,34.81427755422659],[73.91937364142436,34.81164782469597],[73.93268708302767,34.833129559841844],[73.9579857067096,34.835542128026276],[73.96743558823702,34.86382620647479],[74.0299156996265,34.87628112842557],[74.0388670006378,34.921107122227205],[74.07117044847145,34.935481569668205],[74.05932483511707,34.99267553202211],[74.10587840293643,35.01837477681295],[74.06677562498469,35.04681997068253],[74.10143039160391,35.09914150832098],[74.21514294042815,35.09371536661846],[74.26517309197513,35.04085719129164],[74.30523120408216,35.06762735882122],[74.38197634912392,35.06781974504228],[74.43873920779366,35.13006754905734],[74.49944147466222,35.11558625827344],[74.5397973230899,35.07497673546424],[74.53073034801297,35.046176246920425],[74.5877779919781,35.00635985485616],[74.5705320847953,34.9756306814037],[74.56788325872236,34.88313751406829],[74.53908459123654,34.86591644062234],[74.50143041105255,34.87170131488587]]],[[[77.02868307699768,15.834560319929286],[77.06547088021593,15.827349012681335],[77.0490980006087,15.73025816900713],[77.07968872216838,15.727510814107982],[77.0786939081483,15.69514403204592],[77.12888367569485,15.665864694249407],[77.12142316890957,15.63108486592132],[77.08318943033707,15.659145353179094],[77.03043236678045,15.634492665774047],[77.03003982431598,15.502647875720228],[76.97453080363009,15.510506497715793],[76.97383655762304,15.499526525302757],[77.03352799313029,15.432889193165988],[77.02922859688131,15.404360258812373],[77.04724841089752,15.390021923350378],[77.04182891432244,15.36192224134656],[77.06372732342051,15.328018269837203],[77.11310098284201,15.333678202455125],[77.1183751944317,15.294850565495079],[77.15157756033477,15.292434961072857],[77.1471355235232,15.272921429513037],[77.16693103150442,15.268584178371967],[77.1262710236405,15.24001682203467],[77.12512039642286,15.22693932196291],[77.15481776080827,15.21482142905846],[77.16913361263116,15.171348618509235],[77.13472114358652,15.14829278819449],[77.15731464968394,15.1288827640909],[77.13011985281146,15.100768507838522],[77.11950347896519,15.045692764726288],[77.08474759606007,15.030708691774377],[77.07203764669457,15.004586939287902],[77.04411746859769,15.009842723568147],[77.04956248978945,15.033076094113367],[77.00407818136267,15.033832919144276],[76.98522220159718,15.015188754279793],[76.91836590775335,15.035523045696172],[76.877162730434,15.030207564741904],[76.86588508500708,15.059684568173623],[76.80023501245893,15.09583206206143],[76.77669378481878,15.078400631596631],[76.79013024678882,15.02071473977207],[76.77237608255277,14.990835295477813],[76.73423403801918,14.985368998560896],[76.72958768057357,15.033147604424776],[76.67152054208833,15.019320580844854],[76.68960852047962,14.978155284218067],[76.71709032871863,14.967373413654142],[76.6986206500682,14.927458674449891],[76.65944103435359,14.942108204275474],[76.67758121729177,14.894682191593583],[76.59432506310647,14.881626512487633],[76.58603125733424,14.859234434819797],[76.54196917237934,14.88131021398816],[76.48138145641505,14.859042431768945],[76.45250651936601,14.912257741647698],[76.47061794760143,14.92740577938678],[76.39803223169503,14.93285162891028],[76.4070332299138,14.9520712756657],[76.37516988292907,14.95713861099196],[76.37673595704908,14.983656303526306],[76.36126957714588,14.986020524141408],[76.37722847412428,15.02159946049855],[76.40600226793927,15.02972428451841],[76.39359464556095,15.063519041705838],[76.43937896787847,15.039981276628751],[76.4746854241177,15.042038460106566],[76.43523871813983,15.107714205942813],[76.44103777091408,15.12232508294189],[76.39754747084476,15.125963564988101],[76.42327649873484,15.137839720185745],[76.39656864233766,15.192547948325148],[76.42654615560609,15.208532374798521],[76.43267970560726,15.232236313648004],[76.4927929169679,15.212817095966722],[76.489793325725,15.183023572579058],[76.53898961675361,15.186700997554986],[76.55471966629271,15.21503811897077],[76.54702031341523,15.219314917763011],[76.54561137787712,15.223852540973459],[76.57761452460012,15.207387759748219],[76.56335906226943,15.205559247484066],[76.57346292424377,15.192866602712176],[76.61521267009331,15.200294143758404],[76.64195920088683,15.239123095232536],[76.63162442751228,15.260350341239786],[76.65660605712029,15.262837006729674],[76.65474779803593,15.27408206514528],[76.61578352935801,15.284895179045892],[76.58278049316463,15.256882819879658],[76.6009608764794,15.279409299385902],[76.58257623113846,15.293904094465958],[76.61792639506714,15.30289063485889],[76.6173446909049,15.315344749179118],[76.58075786286061,15.311081251734848],[76.5935772630829,15.324330901204519],[76.57571301580053,15.347805043421221],[76.55215826223336,15.349354160799658],[76.5579426479835,15.3670341196922],[76.54060391823097,15.381297275173333],[76.61217656902187,15.443657453481961],[76.66287740049049,15.447292506909516],[76.70790364665866,15.487874451641124],[76.78125884121688,15.49300742613165],[76.81048371702906,15.514474358447497],[76.81239300630624,15.54654324940772],[76.83403453770974,15.5664219399756],[76.8319888003495,15.62403011500224],[76.90858030190982,15.693238639644614],[76.94038973654584,15.761754033039093],[77.02868307699768,15.834560319929286]]],[[[77.46035704399524,16.884750924453115],[77.47449802690474,16.781240295601506],[77.4377203475625,16.78336793893317],[77.42694689510797,16.72850340978994],[77.43912778122134,16.711692580864526],[77.47404962743076,16.716558831487678],[77.4699614066066,16.68773481166757],[77.41886044332514,16.66857230720244],[77.444133368669,16.63924203500004],[77.4761106733518,16.650107109947896],[77.45359601642629,16.616168859333396],[77.46779659288255,16.60975636096248],[77.46465788094511,16.59089417633353],[77.39287453023053,16.569974416713517],[77.41901714099235,16.54892443018558],[77.4168862659749,16.51729989047102],[77.3814373914201,16.515710893972322],[77.3690127889651,16.488671381056065],[77.29883936930527,16.496129958198054],[77.29410427260721,16.476715558557792],[77.23576101892733,16.472743948680705],[77.2882110210002,16.408701572800492],[77.17376709851403,16.43016977949349],[77.15314194854,16.47476822397365],[77.059363325383,16.5186460122366],[77.01007542320491,16.503051065888453],[77.00707740317611,16.54830017154174],[76.97727955397916,16.561148023722293],[76.9652568822381,16.54444735879148],[76.9739417569028,16.510872209619762],[76.87263854411265,16.49036611740157],[76.84440964422494,16.432066059505654],[76.7551217149401,16.425227192085853],[76.64611316261214,16.355917280173866],[76.47685936105609,16.290812910724892],[76.33008973634614,16.19351456338014],[76.35256231306603,16.234613641018846],[76.34788795207572,16.277631213523033],[76.29973249605436,16.28328281249181],[76.29199912076679,16.334900506510383],[76.31415796650963,16.34589031694659],[76.3097406011288,16.39621547683951],[76.3319877284178,16.396908517165077],[76.33195921447488,16.427157118762302],[76.43496031895248,16.435750894044368],[76.40623375130532,16.655352105641466],[76.44081014886824,16.70941200825],[76.49861303100461,16.720490485240468],[76.51560935625274,16.7505977619917],[76.62377885354371,16.765192763366056],[76.62270821688267,16.742228679743974],[76.65927764223304,16.72555891113917],[76.65316894559335,16.755800054783716],[76.6758353904343,16.765533067659756],[76.67948334277946,16.78479253882681],[76.70923610378576,16.79261878614501],[76.70900803387985,16.780529996552815],[76.7453651901712,16.778122481964015],[76.75897463831821,16.845346065442104],[76.78906843589118,16.83750313461464],[76.81689635083728,16.87402537900166],[76.84345691788386,16.867202165173396],[76.87053796298757,16.896478084212205],[76.90242823455074,16.8934469857379],[76.92128257257497,16.86999273354306],[76.90206948708739,16.853335037109417],[76.90947383384687,16.817981790342415],[76.92860835862345,16.831881550011616],[76.99045082587142,16.811866450372023],[76.99531668752581,16.837503983271024],[76.97960184236396,16.859615201510582],[77.04185326846311,16.868383052536917],[77.01760035365821,16.898970880592124],[77.01992026265985,16.927525964846],[77.04124067002914,16.923000007198212],[77.066436863185,16.954066485955835],[77.06855329011454,16.932293144671398],[77.08226648468705,16.940694764404174],[77.10599467781114,16.902433182355736],[77.2112894862146,16.944482547298648],[77.26207187123515,16.927999900922778],[77.34112595390405,16.93455442453384],[77.35044066679521,16.907709333731276],[77.3885070815972,16.891206725312173],[77.39597414064392,16.90369592929986],[77.40597224507194,16.901842256415243],[77.40974656650786,16.87354442465952],[77.46035704399524,16.884750924453115]]],[[[76.44104282581952,28.119878050622887],[76.42297456778607,28.114182742872444],[76.4288998630517,28.13839518295452],[76.44104282581952,28.119878050622887]]],[[[81.41033787730954,20.54876348951676],[81.42430793959537,20.515664642990668],[81.50284331373122,20.519947815373136],[81.51659087316834,20.49308954108816],[81.54107980243114,20.515189196632193],[81.59775613472078,20.518736211840938],[81.6923251193018,20.481304462465378],[81.73510302089474,20.481932481501875],[81.73627094568779,20.41909995122635],[81.76898619823451,20.382211787376693],[81.763333612089,20.35436924140891],[81.7815680316578,20.356752493649466],[81.79502844280404,20.326275655217724],[81.76113784121884,20.30622040756483],[81.76060438480853,20.282968944591108],[81.78892522154013,20.287882462669824],[81.80025114030967,20.264792105280673],[81.78435547786455,20.261116488335404],[81.77495207092117,20.232015509306603],[81.78523853085086,20.209319017458213],[81.80112042619845,20.214179363626467],[81.81423120614386,20.16747034293586],[81.7470493080471,20.163552646557633],[81.67885631165441,20.129929871074044],[81.61281551682409,20.157872414139792],[81.58475846012944,20.195518797402876],[81.44757101996898,20.14647809451588],[81.41941996889791,20.15713243552011],[81.38834528628084,20.048540668066668],[81.29165287701308,20.02139665460225],[81.30190502315247,19.97598279183267],[81.33062736727734,19.96487508033221],[81.32649313399402,19.938925918012146],[81.40581805898194,19.880679758262257],[81.37730863453,19.853608917056814],[81.39566550145551,19.836532041233472],[81.37330610001912,19.77908154535391],[81.28883431743984,19.788377472090033],[81.24968435090226,19.766633414752157],[81.17977515301439,19.8106049215745],[81.1577392199619,19.754738845847477],[81.20511676482415,19.716760914094962],[81.18661532943695,19.70338076253227],[81.08525119892305,19.706300435726874],[81.05861584859963,19.750809366228545],[81.0252278043848,19.76455632007804],[81.00907187985874,19.81286615784294],[80.9724039209668,19.81279823466568],[80.94955725841082,19.830600460816733],[80.90647126699268,19.92216581290365],[80.84286388779874,19.947327870434236],[80.8194190271196,19.912291309169472],[80.76551963487702,19.890880217373905],[80.74841983643141,19.853042426343094],[80.72186276217766,19.847299765138736],[80.72706970171743,19.820397749469254],[80.74749570309774,19.816212174171348],[80.77746402396363,19.84812196754047],[80.81187548368477,19.81236992357508],[80.77992806290924,19.78995312168099],[80.7574809817564,19.791285788119957],[80.7658705091436,19.811250266230424],[80.71363633823438,19.785872874433146],[80.70259544446458,19.765619599088645],[80.7106340631238,19.70663815468319],[80.67091313931635,19.702153407228323],[80.58718592420351,19.740989252174174],[80.54374104514412,19.77580504440512],[80.54487951129788,19.81869622138598],[80.51975364567026,19.831748859743044],[80.4805812827771,19.827505788299803],[80.46887768027254,19.810446720624007],[80.4849679407422,19.802477227406513],[80.490266358589,19.77139986678162],[80.46633873676983,19.793534733084545],[80.40169821632963,19.796200723890315],[80.40608362560711,19.815918954405415],[80.43170835828049,19.807304438321378],[80.46947389252637,19.82754636821469],[80.48628715481412,19.863593576938985],[80.5058245093918,19.870649757059194],[80.49016656201614,19.90229509267335],[80.41388306566395,19.907451130849985],[80.41125275860638,19.938493863090617],[80.4516722774484,19.957295081205775],[80.50001937335651,19.92861263121195],[80.53885876706501,19.95185658367909],[80.55664041130294,20.069961627902412],[80.5440029554791,20.09563739299217],[80.56414416558974,20.135097234689308],[80.56725672281428,20.189088467674217],[80.5842755683747,20.17749041267055],[80.62216946034015,20.18866422336952],[80.65407455185837,20.226356280141736],[80.68854953407573,20.19097856728202],[80.71575509299367,20.191047900385293],[80.73631228653521,20.23949768283888],[80.72707538193382,20.266751397436536],[80.74966721225128,20.291225659371577],[80.79043159978269,20.282658433919156],[80.82139392777047,20.296749535082796],[80.82638358636447,20.341228190764454],[80.81214536114817,20.354787932965717],[80.84722010293456,20.348009511772926],[80.86007735775924,20.387424457208873],[80.8869180835524,20.38692372142546],[80.93099325160871,20.437249982129153],[80.96630544532708,20.436805870370726],[80.99187853501363,20.459290564777515],[81.14920379759242,20.376983477742712],[81.17311742019895,20.40613621619125],[81.22236628558645,20.419023304902957],[81.25436809224875,20.44756340807147],[81.26359034724085,20.483415750169595],[81.25323037156232,20.499017200108085],[81.29112401640275,20.516442701994908],[81.32451319286258,20.562795315460132],[81.38659214466779,20.533393106470253],[81.41033787730954,20.54876348951676]]],[[[79.38936096013587,25.091769068137204],[79.42591135042161,25.058588882530824],[79.40924988436014,25.033839984553428],[79.37506741381303,25.0511795588439],[79.35610712680935,25.0404694077627],[79.35113318422304,25.068882857207235],[79.3789887722203,25.064417024215135],[79.37945551572052,25.098974304704335],[79.35215235852183,25.119870581983836],[79.36030508251828,25.14426129129497],[79.37419632192609,25.142603652809665],[79.36464190380447,25.128133476465887],[79.38089520262946,25.122433003292745],[79.38936096013587,25.091769068137204]]],[[[79.36626059305527,25.171583380620863],[79.35999200405465,25.188436082258104],[79.37218953595861,25.179347545353433],[79.36626059305527,25.171583380620863]]],[[[83.3252762516812,21.681438147341932],[83.41869341273335,21.680653866954835],[83.49147931025294,21.63843388885324],[83.46101882544421,21.607801645162013],[83.44238725818876,21.655338511390003],[83.36965711612999,21.600505765041497],[83.36887801342174,21.551726716042452],[83.33788256102008,21.502100216925765],[83.35437149244257,21.44807051721846],[83.39892706808881,21.405342658153028],[83.4068802299435,21.35162584315205],[83.39020772820369,21.342834584332717],[83.20148821272832,21.399595760937494],[83.19074390756649,21.387217926135484],[83.17926906895838,21.402133414977303],[83.14370086353526,21.364411208650388],[83.11428033288323,21.411656932407833],[83.12262311883238,21.422603638949674],[83.05904731725336,21.436409276008096],[83.04658856337328,21.48230273955965],[83.01580550743323,21.490174612321066],[82.99824631539963,21.45978432281231],[82.96539248343187,21.471948401139276],[82.95310853357195,21.497157318923797],[82.92165981118681,21.489817494421093],[82.87510340830607,21.55652260590316],[82.82073871154986,21.531437863897455],[82.82531357667553,21.50450259911724],[82.76797796890855,21.52275128151889],[82.73887342382108,21.4959967364302],[82.69082354480835,21.48496803860098],[82.66002694652454,21.546704102491855],[82.66394718475617,21.603127587908375],[82.61580364256055,21.614005935674427],[82.6112234351576,21.641012213657017],[82.63146830848571,21.64471905048595],[82.6295489537016,21.670205963048986],[82.69123845985752,21.7270343308988],[82.79186650350836,21.723689536062086],[82.8714269995581,21.693132511693946],[83.03435557488713,21.743066912909455],[83.0812432312505,21.715666712547094],[83.17464209263014,21.717538711453262],[83.3252762516812,21.681438147341932]]],[[[88.09106691738647,22.011777534124356],[88.12233272414322,22.020612860207077],[88.1426111461968,22.013604584081143],[88.12302648410552,21.996281245471494],[88.09106691738647,22.011777534124356]]],[[[89.79870408461635,26.33033188406358],[89.81338073828579,26.344698879277505],[89.8214302166808,26.319213540981256],[89.79870408461635,26.33033188406358]]]]}},{"type":"Feature","properties":{"zone":"Zone V","zone_code":"ZONE_V","risk_level":"Very High","zone_factor_Z":"0.36","standard":"IS 1893 (Part 1):2016","color":"#FF0000"},"geometry":{"type":"MultiPolygon","coordinates":[[[[76.36640563931148,13.548287471800391],[76.42457650692349,13.52394810261709],[76.39666054184595,13.50103141718561],[76.41914484288273,13.4491273981636],[76.38322763346956,13.36476355001037],[76.34595286544436,13.359768171517503],[76.35683560863698,13.25040730297586],[76.37995147432875,13.232312930688177],[76.3700039982191,13.20020338775669],[76.41269795979716,13.191471678350801],[76.47312593729379,13.149817621179224],[76.4713872811855,13.093289533162894],[76.4951128642028,13.094394419673678],[76.51180350480008,13.070796695534394],[76.61709154665712,13.065055434054957],[76.60450768690077,13.01464762816821],[76.63199233005278,13.003956277358785],[76.63409924057949,12.98119592767726],[76.61055195015128,12.966205960665107],[76.61548366108123,12.93673633863999],[76.59593426534367,12.920879421456718],[76.59601702609687,12.880244401643676],[76.5747072839827,12.866987639642055],[76.57713756309538,12.84621391692144],[76.52032701189931,12.841453588332737],[76.49191728029994,12.80794329440433],[76.49087699668657,12.765225532007875],[76.48948135855794,12.784671514202975],[76.47573716796661,12.770935949405315],[76.45686177499617,12.776685468550715],[76.46960959352081,12.800868717474591],[76.42423400248605,12.826018589479537],[76.41485484425714,12.865706321804813],[76.4072977295964,12.845361872963391],[76.37086865114169,12.829918092330983],[76.36798430243755,12.808414305417191],[76.33184188823904,12.811871451576],[76.35728640018542,12.74954074833019],[76.33940787907784,12.73307045127452],[76.36277763742044,12.697277453665054],[76.32293567571361,12.63425698273149],[76.32715911076754,12.610125040749026],[76.21821344742342,12.64410284743714],[76.19643443709357,12.577485126468464],[76.15225459905089,12.580144760747244],[76.15072541467076,12.548969572862076],[76.11581854831965,12.528723812464168],[76.11583863277612,12.513038443807645],[76.04776989233538,12.561299927524647],[76.04596686219318,12.577578695087787],[76.01408642926394,12.569082510356422],[75.99361921800146,12.58822739381781],[75.96689397609903,12.559661854859966],[75.95536980101313,12.573884486279393],[75.93801642926077,12.643571814429759],[75.96385823217874,12.709881468692188],[75.93532535203859,12.731810359791268],[75.93281975362785,12.762587737861567],[75.9714821820008,12.784501025446636],[75.9675139057508,12.80371980792524],[75.9313354380453,12.807349757566175],[75.92719896420398,12.822770806481179],[75.88078121222442,12.833953122371051],[75.86360671658773,12.818988203145107],[75.87385569567506,12.777449382512604],[75.84901089649874,12.749919422675102],[75.85301536331922,12.72471610241498],[75.8849052137836,12.707854923986133],[75.87886603139987,12.671891399872095],[75.83491743584153,12.670868925089886],[75.80750752074204,12.701278378520685],[75.7604672605425,12.673605686968752],[75.71329177803051,12.707461091244763],[75.6365461147519,12.69164897035149],[75.62920054071147,12.70017389313399],[75.65520530538957,12.720155294971416],[75.6607241101815,12.746399890008089],[75.61287642338567,12.79654767180989],[75.622398658562,12.856613121254885],[75.60134731737614,12.874343791670473],[75.55380608033029,12.869310406187628],[75.54586677105617,12.904380436976039],[75.59481417575603,12.944193587959264],[75.63996508085727,13.024838012401398],[75.69438537700597,13.044941522477547],[75.74051975026572,13.029845596914589],[75.74258111297094,13.071097536900556],[75.72664928346614,13.096003852308195],[75.75379652031098,13.13721452638143],[75.7303707149786,13.163569945431789],[75.74319868613264,13.207408479211791],[75.80558734525161,13.21562710156758],[75.81341216694096,13.26086037828138],[75.85694543633618,13.258368437242494],[75.8600562524676,13.243953990139838],[75.90016789251578,13.266116606561777],[75.93741884334959,13.256212504438933],[75.98215307725818,13.266657703016069],[76.03668768426803,13.249518414357711],[76.02985191719274,13.342704991008786],[76.04143749920016,13.373979783374116],[76.08908551606662,13.371665796300993],[76.08909926937515,13.392443993146527],[76.13940392497788,13.406569315361839],[76.13879907501097,13.442338683671144],[76.16202697789953,13.469589811877787],[76.19403236980182,13.468757787189869],[76.18728342512188,13.452784699026662],[76.19954959890023,13.450804195818263],[76.1981068682455,13.46932730515867],[76.23208339204622,13.46888289430179],[76.23355400183333,13.50701753685505],[76.2925377200458,13.504696886005135],[76.29372453158322,13.527184436636206],[76.32131333840249,13.537212377913328],[76.34304749642376,13.513419862145637],[76.36640563931148,13.548287471800391]]],[[[76.50824982679175,14.516269270534774],[76.46114999389299,14.504850921700786],[76.45990782151505,14.450251558811376],[76.42391741662387,14.44946752065259],[76.37819016630547,14.417706802556859],[76.28187168119611,14.404597018726944],[76.26008586625004,14.444458097422547],[76.21884587188353,14.441945626645216],[76.17459004713162,14.462421864719948],[76.17371183904899,14.447945732389753],[76.13606969275256,14.426972154943003],[76.1534911868684,14.397001845261597],[76.15879088982034,14.329440245748026],[76.10594231682495,14.308909843080235],[76.13456935212976,14.2560832494036],[76.07982720042904,14.247103595773924],[76.06079805221756,14.222257180175657],[76.06384474423201,14.159963298982854],[76.04569012796303,14.155443757692035],[76.02506074102727,14.113087539729177],[76.03398051192829,14.09080639976158],[76.05450022899049,14.089722177293666],[76.04302667476237,13.990288327404636],[76.07229651516614,13.982160000000206],[76.06889603998782,13.947885392842611],[76.0292552695398,13.920403367182802],[76.02991502742734,13.867464577283691],[75.98840134426396,13.847820754255201],[75.96898670754338,13.854707118627706],[75.9462086985851,13.813945994228567],[75.87674619430862,13.809185184622047],[75.86968818869417,13.903661503402304],[75.83219141915156,13.968821636681762],[75.82452354973937,14.017081641949991],[75.79898623148715,14.033448671240897],[75.82097994448435,14.063615419880444],[75.81283845462562,14.10376193701283],[75.75894971929843,14.110628817344182],[75.72747566775823,14.076830669851315],[75.67392405939955,14.065672494035296],[75.63264144316018,14.080504752912097],[75.60505784192958,14.057412792496404],[75.51085724381143,14.101438216823205],[75.43849288435948,14.098498610453628],[75.39672813183033,14.118059827103089],[75.42291926152213,14.150484004814981],[75.48385874766224,14.176735102767342],[75.45329323719072,14.20514629273498],[75.5072834251601,14.218913423939076],[75.5269617766654,14.203171304404412],[75.53373863545049,14.290322129772424],[75.50390539749328,14.307890520483094],[75.49978948499032,14.34365911143755],[75.47673379665835,14.345154488375027],[75.47737045912164,14.317783888443888],[75.34939011909549,14.388696475330756],[75.35901422799975,14.409155684408093],[75.37768509062455,14.407371333535345],[75.38225305907706,14.433810889941721],[75.34418539669387,14.434187670645526],[75.34642873457024,14.48558702353615],[75.3245563393705,14.50980360843049],[75.26722332833512,14.514338893476266],[75.29768664190537,14.540427611052603],[75.26538586487239,14.580902983469281],[75.24380466026167,14.577575843617248],[75.23464823356505,14.555624512811947],[75.22534675301762,14.585198605222827],[75.20668928405959,14.57195084349524],[75.18383616217704,14.585862089001656],[75.18123823161018,14.597874155667041],[75.20527140000252,14.597513816458786],[75.20537569740027,14.63803711718008],[75.19764187565211,14.623520751233883],[75.16941727862267,14.634606295333684],[75.15830156702336,14.617509976450329],[75.09794510782436,14.652504006262967],[75.03533409218849,14.65797220625539],[75.0329178500599,14.710005827402552],[75.0146434957052,14.720616195022844],[75.04463796037827,14.738968170675054],[75.0405972709046,14.774097676225317],[75.07070978562821,14.782431237887879],[75.05530578972511,14.81461995781978],[75.09157547969625,14.81105259983259],[75.06776931206954,14.836713669336179],[75.06707120550004,14.919078758388277],[75.10337171243367,14.935078295082608],[75.06872829875603,15.015361522533611],[75.08253868568931,15.074595454560383],[74.94104021019308,15.066217350122288],[74.91555415399831,15.038901042406088],[74.89144566207713,15.044880608952605],[74.87817666734932,15.075027256776492],[74.89006266276218,15.0994678921443],[74.85847774080841,15.10418648687421],[74.82931031277735,15.13934352600057],[74.91011811053998,15.252339775382994],[74.90618810398075,15.279909074773936],[74.89710744573848,15.301310619567085],[74.87527618508314,15.30009573449601],[74.85478714822874,15.34047058423766],[74.82680248016267,15.342568713649111],[74.82055181486261,15.384617171369419],[74.79563525629683,15.377669416694323],[74.76554898304329,15.398333855673068],[74.76806296891552,15.417368452759662],[74.7409249404188,15.411545369970375],[74.72941204346058,15.430774382540735],[74.74345738126638,15.466060697944087],[74.72668362303332,15.488006161425835],[74.7481855653942,15.495365095447738],[74.77826504311625,15.458540781651752],[74.78603731424907,15.485843073145816],[74.81437244549282,15.503965559661136],[74.79721176899743,15.547556354067762],[74.84085273851763,15.57461455635686],[74.83030188344661,15.610051001537627],[74.89202649186937,15.630686199342025],[74.9651977481662,15.626412755294028],[74.96693997535476,15.653076043568902],[75.01941599692267,15.644789725274237],[75.04982741857201,15.682782531589522],[75.0633193748626,15.669235057611827],[75.05567424080088,15.63264475064445],[75.09218603879803,15.60852642281295],[75.10724739915106,15.6721781892915],[75.2023205028855,15.649167298438899],[75.2033577399157,15.681435696011619],[75.23612905311046,15.67926802367964],[75.24879865581369,15.647119495875526],[75.27319189796393,15.648055653301942],[75.2773394877598,15.68900605755065],[75.29502649654398,15.691767956055237],[75.33664990478462,15.6739563700927],[75.33602622996078,15.64794255810188],[75.3599488821523,15.645697361509356],[75.36256774285683,15.668954851203045],[75.41063266028594,15.65530484219562],[75.4873565362513,15.703323385260871],[75.50221144227301,15.647551787267924],[75.554279951417,15.646899059101546],[75.52948082417278,15.538129874505271],[75.47359835312139,15.519720749574306],[75.47103914980453,15.493113390846847],[75.49442909527674,15.469615699563157],[75.48990239140664,15.372403581343507],[75.46948152976587,15.39699917597881],[75.46862880322533,15.385553304490996],[75.44529503493553,15.386300932031926],[75.44995620979651,15.301438920066836],[75.41225087873342,15.300173077730049],[75.41625396516118,15.274746884644175],[75.40214300603212,15.273248264329807],[75.4159992928559,15.234243135240702],[75.44933100470492,15.208030617493923],[75.39827423870831,15.200834614561156],[75.39551770765134,15.165172925482565],[75.41160849328068,15.161944897745093],[75.43392614011272,15.10802249018789],[75.41683252538526,15.061273664609132],[75.53308818764499,15.034682493739178],[75.54130406768371,14.978324194699708],[75.59612381997472,14.956121613190877],[75.63219038115666,14.991419119540822],[75.68876520111301,14.975156387720325],[75.69674429789798,14.891334606597555],[75.73905709110338,14.886860541481665],[75.73250213902467,14.863861562502176],[75.6905708856843,14.856781613195789],[75.66361382256314,14.803276626176615],[75.72075002848138,14.775951902580035],[75.70429092120713,14.723948787967828],[75.76000697018851,14.737706145268604],[75.74153933912439,14.684615449256365],[75.79592651044904,14.683163913658738],[75.8076787462016,14.63595177288438],[75.83443866151548,14.635944067821946],[75.83219052313116,14.607280347637698],[75.86629506414853,14.614210334691041],[75.86834370968536,14.593725989953441],[75.91024102095128,14.562923624003204],[75.93933450423202,14.560427936478517],[75.95299387822674,14.521699484940086],[76.03708450753084,14.52118675935001],[76.05273100118546,14.505451568211768],[76.12880575292614,14.527048288424972],[76.11526451749249,14.568069387487977],[76.14608338618321,14.614860829477221],[76.10800386488933,14.659863518630928],[76.10947965868169,14.686488681607104],[76.14544979225929,14.705234419873934],[76.19359143067719,14.69774652354978],[76.23047236144474,14.649235408428456],[76.25683930403794,14.700989806031433],[76.27942583410756,14.68505157998853],[76.33785934413125,14.685923014644363],[76.34284158491052,14.66572413220882],[76.37971938353624,14.661991667062392],[76.37507815398439,14.646318143194323],[76.39017800785687,14.64827680080564],[76.39365429537004,14.626765364333878],[76.43294075448122,14.617969638213891],[76.42370379866831,14.580920131809595],[76.52409529320924,14.552721311645055],[76.5338757791783,14.540017342162567],[76.50824982679175,14.516269270534774]]],[[[76.26201041727289,16.099041454287672],[76.26782101483214,16.10970759508879],[76.33250507532495,16.09129704549908],[76.32753550805174,16.077472384049532],[76.25883489751796,16.091171910742162],[76.2603566534941,16.073954477284566],[76.30388121285601,16.073502602395795],[76.31166232731408,16.00005480069769],[76.29647650604579,15.992264515411502],[76.3286019342028,15.932263851039144],[76.28566638361153,15.930316375267738],[76.28538388735936,15.902580301975279],[76.20035010436524,15.943944497885026],[76.11728454004509,15.886021621224009],[76.0584756190388,15.905998212857419],[76.08009849229413,16.009999461166355],[76.02316695858752,16.008757793746963],[75.98948632771011,16.00481156626377],[75.97372194360001,15.986147144348825],[75.9745158723679,15.861829670811403],[75.92842595712293,15.875189976787958],[75.91397820312993,15.912633569461185],[75.8554473119642,15.934304038196757],[75.77713366927856,15.919123897741043],[75.78354150052364,15.898568263058252],[75.82760408282911,15.900269968312712],[75.82781698483262,15.866226503267093],[75.84957704282715,15.86089648792089],[75.84253612018549,15.837327095498514],[75.78021315101695,15.853216837778335],[75.7796771910423,15.817330165548759],[75.67478441607041,15.822991218547266],[75.67066086672197,15.837311202914062],[75.65552159724096,15.82791879972886],[75.64388441135152,15.841751532135929],[75.62072628906654,15.835965686065892],[75.61950161143247,15.821939490848154],[75.52918658166064,15.835410870843448],[75.49579751840885,15.872976599567279],[75.44426923083346,15.886896651744506],[75.4406819271288,15.918253984894276],[75.42482880237903,15.921823213184162],[75.43893847705802,16.00412911823228],[75.41602936179424,16.053167305005843],[75.43606525997897,16.11168553460228],[75.41531312386296,16.115004805007942],[75.41213258290858,16.1302744737839],[75.40018922864607,16.113356993209933],[75.3555300950467,16.115126956409426],[75.35378142891939,16.12806515429803],[75.32766672621183,16.115452465016897],[75.27574413862872,16.120412191343622],[75.28670813896295,16.20022401598801],[75.2323817796086,16.209638732335087],[75.23413262337625,16.259627820795103],[75.12960329344193,16.28696299583319],[75.13113409234059,16.330997088243926],[75.04365593827252,16.319587451403482],[75.03441868820383,16.3849541134282],[75.07173580168049,16.403958187167053],[75.07739042883316,16.437616604806443],[75.02820636452589,16.433004303023857],[75.01572579509113,16.458574143035797],[74.98847530729243,16.453342509372245],[74.98825616833054,16.500378117597858],[75.00730983221814,16.53819700464046],[75.06731302477338,16.539059678823612],[75.0716377980926,16.566667400205905],[75.10927443649594,16.506866569431306],[75.15825259017596,16.528878264088835],[75.16673556338367,16.596009270726576],[75.21718387250738,16.614898598742386],[75.25985617731524,16.607354521522304],[75.26460513917044,16.69161583968936],[75.28788731216841,16.71435846551682],[75.36251135953451,16.714327620895084],[75.3665008549674,16.75982387503808],[75.4271526893808,16.767900879477807],[75.49252534972686,16.74592574919796],[75.48806414592649,16.694537903873595],[75.43756927012562,16.697850839627414],[75.46202137079067,16.62259605282298],[75.49296583066543,16.59314349213112],[75.47239027480099,16.56365286503669],[75.48813224581521,16.554775761636332],[75.48538803586263,16.507422861862118],[75.45615032735239,16.5057034403334],[75.46517307793084,16.472586222694545],[75.43249271242524,16.43737607811136],[75.44797132873357,16.41506259567211],[75.48378629313498,16.416590712398502],[75.49936715546724,16.4540265112881],[75.53894016810565,16.46620097934769],[75.56351388387156,16.41425945167581],[75.60141528351392,16.44750986354403],[75.63097540511616,16.44501927412127],[75.71899148556315,16.38969478720873],[75.81324386766569,16.370424028354595],[75.95192030768742,16.298596608117798],[76.02510051683187,16.30077368064596],[76.0702987757542,16.254336910057432],[76.06249106823196,16.21583100335895],[76.10673537394428,16.189470699203433],[76.2384653744506,16.165192987647366],[76.23427577017544,16.130508359518426],[76.26201041727289,16.099041454287672]]],[[[73.82170681085756,21.023705772997875],[73.83422183671134,21.024720736716038],[73.83881441164947,21.00753812799131],[73.82778006497439,21.013198668515276],[73.82170681085756,21.023705772997875]]],[[[73.79410179289229,21.071443077975918],[73.78032627246432,21.064526577322585],[73.76387341221367,21.069236008361475],[73.77331631995008,21.07177530671156],[73.79410179289229,21.071443077975918]]],[[[74.19793318407402,22.342648789194314],[74.1963676700687,22.345134724155436],[74.19935544992668,22.344549830249008],[74.19793318407402,22.342648789194314]]],[[[74.10050589930133,22.536526584430526],[74.13449901654187,22.5198119437656],[74.15211528743774,22.530416427472552],[74.1524194975821,22.52006202315999],[74.12803178379046,22.517274198426314],[74.10050589930133,22.536526584430526]]],[[[74.72663847783119,23.215069315483994],[74.71566418299251,23.219141860414297],[74.73401212410832,23.2206124107234],[74.72663847783119,23.215069315483994]]],[[[73.35410373703711,23.802145399945307],[73.36763212685894,23.82033393904734],[73.35184395379211,23.791396262300783],[73.35410373703711,23.802145399945307]]],[[[74.97640880622883,24.036213131940638],[74.97571652205852,24.03757729105898],[74.97707940917769,24.036011898168812],[74.97640880622883,24.036213131940638]]],[[[73.39848142512405,24.037505524362576],[73.40173522765892,24.036593011186618],[73.40088884093457,24.032205223513067],[73.39848142512405,24.037505524362576]]],[[[74.97518078710615,24.038192628656397],[74.97424276662943,24.038385908010714],[74.97397474957654,24.039577866323974],[74.97518078710615,24.038192628656397]]],[[[74.96670895254354,24.039101026329647],[74.96651137200142,24.039036231656805],[74.96602602021156,24.038942702410857],[74.96670895254354,24.039101026329647]]],[[[74.97376984096962,24.039813221454917],[74.96992248270624,24.03984601769216],[74.97309995010406,24.040582648638875],[74.97376984096962,24.039813221454917]]],[[[73.39482666771896,24.050981330333148],[73.39518086912746,24.05266513052191],[73.39638499068967,24.051252036708238],[73.39482666771896,24.050981330333148]]],[[[74.93878228742759,24.05972947799122],[74.93936792025963,24.067571663422857],[74.94067698545845,24.069918514752093],[74.93878228742759,24.05972947799122]]],[[[73.18356611641863,24.0895788757645],[73.19832079303181,24.0842669678495],[73.21322567589318,24.07804050961751],[73.18356611641863,24.0895788757645]]],[[[73.33301080136363,24.108692916158017],[73.3488572470996,24.106556755723826],[73.3393282771717,24.098406550565624],[73.33301080136363,24.108692916158017]]],[[[73.32700553580446,24.10922412626435],[73.32883017346325,24.10907118056446],[73.33065245959371,24.108849020565064],[73.32700553580446,24.10922412626435]]],[[[75.75095917096763,24.14333226202728],[75.76410597195944,24.12118930820024],[75.74601164149226,24.12126918713226],[75.75095917096763,24.14333226202728]]],[[[73.07034890209768,24.189965614010134],[73.07664711803989,24.17911992643469],[73.07393022233035,24.18075772695365],[73.07034890209768,24.189965614010134]]],[[[73.07699719146723,24.20436378170765],[73.06970871066511,24.190981081488797],[73.06545051637238,24.193895686986195],[73.07699719146723,24.20436378170765]]],[[[73.078453613384,24.21937404670145],[73.07914156793811,24.20860324975786],[73.07911731639648,24.20760112451509],[73.0767081762704,24.213956404425605],[73.078453613384,24.21937404670145]]],[[[73.08551056013434,24.221834011642198],[73.07927564006046,24.21947362371958],[73.078453613384,24.21937404670145],[73.08551056013434,24.221834011642198]]],[[[73.09712165156775,24.23108391618019],[73.09871264419883,24.226159145270245],[73.09222535579353,24.223341016251837],[73.09712165156775,24.23108391618019]]],[[[73.1209914650146,24.267696685629623],[73.10975091043831,24.254609354238166],[73.10360109401688,24.25548892631772],[73.10754888413187,24.264152204342956],[73.1209914650146,24.267696685629623]]],[[[72.9684975728255,24.36890057352283],[72.97449546374276,24.36816369516111],[72.96656984650748,24.366498490813033],[72.9684975728255,24.36890057352283]]],[[[72.9505087221728,24.395510983033045],[72.95519185306213,24.402844855187926],[72.95361594994085,24.392338095616307],[72.9505087221728,24.395510983033045]]],[[[72.97008108603194,24.41523093864904],[72.97064410847163,24.42941394853622],[72.97863842586187,24.43185980507569],[72.97008108603194,24.41523093864904]]],[[[73.09112738460489,24.475100564094284],[73.10931153508874,24.484772595426815],[73.10512785985904,24.45610759881723],[73.09112738460489,24.475100564094284]]],[[[75.1571204917231,25.035867851766696],[75.16708103107923,25.0484141920109],[75.20115179440225,25.037692767178424],[75.19244105880031,25.033080464750658],[75.1571204917231,25.035867851766696]]],[[[76.43233011426342,31.32656113323521],[76.37687313518359,31.436942488438564],[76.36726106860064,31.404371620959385],[76.33108586880473,31.40162652892553],[76.34752865224702,31.346670379242294],[76.3076537170184,31.342352636116104],[76.32237810217674,31.32161109307836],[76.27629236428292,31.300618776685372],[76.1863029113571,31.30208780116936],[76.18137722085069,31.33365380108989],[76.14730304655986,31.36463316577577],[76.1669985568182,31.412324804739214],[76.0558763152869,31.60542463106457],[76.01793514493907,31.633134135536046],[75.93708170865091,31.814442481705484],[75.96941405251302,31.823829126058108],[75.98698260332672,31.813136919787734],[75.91072959347282,31.948840640669445],[75.79965669292862,31.993752857332442],[75.75083688314898,32.03768235833952],[75.72386119031613,32.03258978839786],[75.6571431976508,32.07750502862725],[75.59530213338564,32.06899475101952],[75.60075910260099,32.09309495070238],[75.6726814535358,32.1592212497749],[75.65534490144739,32.19676652538426],[75.62376617781202,32.19004125798731],[75.63561121535311,32.231671523625884],[75.61846102408845,32.237573890234984],[75.77231741266147,32.289358490046276],[75.81482903417034,32.33018320816282],[75.81162559846238,32.348856263309564],[75.84381088600925,32.35530827472693],[75.87360117875558,32.39568271103435],[75.93719531891342,32.39733490095736],[75.90277205817455,32.4523268221805],[75.83796651035757,32.51093120456884],[75.77693830756445,32.46511672240311],[75.72979366550159,32.453201527547506],[75.73641717762035,32.42988541386988],[75.72269479488217,32.409381807888686],[75.55978013857342,32.35697938908262],[75.53979390992743,32.3363935943975],[75.52618351158563,32.276005264862825],[75.50393065187467,32.29131629093573],[75.5132911844444,32.307106077656464],[75.481915324546,32.320292379105695],[75.48910497066584,32.34556277154691],[75.43161188958142,32.316659538690814],[75.34927676442217,32.345260794080936],[75.32777143752772,32.32611668525341],[75.32267035712293,32.34352776015122],[75.2883023604502,32.35448104762688],[75.28974831277569,32.3698422676897],[75.2601106590509,32.37033244516951],[75.2543318416013,32.38979732913461],[75.19241176213914,32.40187372931911],[75.1897656434701,32.42580586429477],[75.13325366059657,32.40849685052511],[75.10665698420668,32.474060239849045],[75.03002417735809,32.49486803976614],[75.01735840624902,32.465130122189855],[74.95266150152804,32.447495751660064],[74.93099639745465,32.471241652568814],[74.87925160175666,32.47671823271366],[74.87798843482429,32.49274850911825],[74.81875336357054,32.49791361046975],[74.79767903626357,32.476509193581784],[74.71117937618484,32.478177365766236],[74.71018302172489,32.49261737302168],[74.68210070317662,32.49358762366493],[74.69060917597578,32.532961041744045],[74.66288244365893,32.54452164465974],[74.67383526673359,32.56797635902695],[74.65253985126071,32.56296428944788],[74.65877075264574,32.5968453904617],[74.63904570117717,32.61464222980693],[74.65494498268814,32.61520580078401],[74.65509975040004,32.636951995477105],[74.6960059934986,32.66425643426763],[74.6534977741747,32.69668525220771],[74.70477371094209,32.841947859266575],[74.65562280258729,32.83209515826172],[74.63521368973304,32.81176813263819],[74.65801475224922,32.78583040428048],[74.63229336522839,32.77639725935504],[74.63425835603184,32.74954060367172],[74.56289085168952,32.76011907669377],[74.51654164822608,32.74506978587601],[74.51043288745878,32.76248888859724],[74.45897840458429,32.78757983808458],[74.41526113411655,32.784558794782264],[74.3910032985854,32.763163396253546],[74.35504814748043,32.76699844439769],[74.31447969772624,32.7968378107442],[74.30339774533218,32.82984050885722],[74.21964100399491,32.848817997254166],[74.21126446722894,32.8734337307685],[74.17880371934544,32.88949593893065],[74.06343053476625,32.912451549809035],[74.05816284784956,32.93453760557026],[73.99968100782759,32.93540005827547],[74.00618429031624,32.95490681382766],[73.97009626322222,32.968979958601736],[73.96464468930381,32.98712369487314],[73.82566292545629,33.00401144207409],[73.82597043622124,32.977239446735844],[73.79043084640416,32.96680925253765],[73.79451094844674,33.00359120718621],[73.7476387531225,33.03595779695691],[73.74283089151947,33.06615376351356],[73.69972889800681,33.08489004594545],[73.63773850901386,33.08464481216052],[73.63127379022299,33.13725402920336],[73.64868765723003,33.137472362852094],[73.66448202074315,33.16134611634193],[73.6680089318829,33.20185730282454],[73.64952874239013,33.22237665539014],[73.63354983171772,33.207636056068225],[73.63631131824799,33.23272417075495],[73.60651435540262,33.27371327783274],[73.61319501367483,33.29447126275692],[73.58929589376933,33.32353706010797],[73.59802802007884,33.3375187339625],[73.5784198167939,33.32862378119836],[73.57048791411442,33.34297717645658],[73.58376853191982,33.355675736679856],[73.56515453635176,33.366251322826876],[73.60158394650347,33.416753448513965],[73.58614455698934,33.425228635636266],[73.59606436715916,33.43898349894094],[73.6324807657537,33.449367312591946],[73.60206774370984,33.496683216886595],[73.64110769346445,33.52553822896629],[73.6091453072285,33.605500000063984],[73.56715499790063,33.61773581843556],[73.56745869998029,33.6684860678111],[73.60313598839915,33.71508701448185],[73.59464599355569,33.751232997663834],[73.55992250378652,33.7813290710864],[73.59354571060702,33.889770270599385],[73.55005288417662,33.93383045435247],[73.5164536267698,33.99882632033695],[73.49333567042633,34.14646590436627],[73.5287564766742,34.1440117386179],[73.60080723197619,34.06671951232102],[73.61820639666703,34.08406652467046],[73.64208087241472,34.057324441203804],[73.68432673055636,34.06082134469128],[73.69725607245284,34.076163085427325],[73.84084633689078,34.07583786981056],[73.88282202506443,34.02871312530813],[73.92465148231467,34.02067525832734],[74.02839809712573,33.95684336157515],[74.13007788279668,34.00083342624817],[74.18548910093536,33.989452299041936],[74.25561129542014,34.00322374852341],[74.24463618604177,34.024499075502604],[74.17504419566012,34.026742677702615],[74.12119188004523,34.0480471986152],[74.09179343286921,34.01749916284753],[74.03702783895305,34.01711643596253],[74.02463256422985,33.99999992238469],[73.99608748399264,34.01888689861985],[73.94955193048212,34.01623757676175],[73.90151969505544,34.04704036392432],[73.89057338228979,34.06305785972214],[73.90468678226713,34.105521284798286],[73.92592276515059,34.1045947189336],[73.93255434285662,34.142504876738414],[74.0042274492067,34.18942008416994],[74.00615854627249,34.22974431600165],[73.9797223725634,34.27158139597215],[73.93379129156975,34.282772843879144],[73.93855206253251,34.30932378215135],[73.9146761365345,34.30378985147477],[73.9333446010606,34.33502321581347],[73.9116268759935,34.347995137518105],[73.85281707726102,34.32106261856312],[73.8082071190751,34.34465203792706],[73.7743257148429,34.33468123313004],[73.75268932490658,34.34599772648531],[73.74988404271329,34.36887897654123],[73.80320584992431,34.42392057095945],[73.83890496170633,34.42200698485329],[73.88475549957899,34.44953347516188],[73.87947955057984,34.47949394669538],[73.89538068949938,34.514404199342025],[73.95509632879731,34.5618483175048],[73.95538862302277,34.59749133549058],[73.9299117812837,34.604465326333056],[73.93217061322643,34.644609117528546],[73.94988550612378,34.64800959670232],[73.97042852194265,34.68857189927061],[74.09543353749221,34.69180902633951],[74.101377581594,34.66611040569577],[74.13296113626966,34.651774923607924],[74.14615762163436,34.683336962450134],[74.27599484612031,34.75001064115744],[74.3130686762972,34.79161341669604],[74.41351964394981,34.80985404699235],[74.45631093387138,34.860679539385764],[74.53908459123654,34.86591644062234],[74.56788325872236,34.88313751406829],[74.5705320847953,34.9756306814037],[74.5877779919781,35.00635985485616],[74.53073034801297,35.046176246920425],[74.5397973230899,35.07497673546424],[74.49944147466222,35.11558625827344],[74.43873920779366,35.13006754905734],[74.38197634912392,35.06781974504228],[74.30523120408216,35.06762735882122],[74.26517309197513,35.04085719129164],[74.21514294042815,35.09371536661846],[74.14466729206143,35.0957913811775],[74.107074621736,35.13026829632314],[74.1133443671993,35.1478321843335],[74.03381399014182,35.146862275394454],[74.00414869711524,35.18165367584998],[73.95684471119613,35.168044984042915],[73.92454905511723,35.2038970249076],[73.86118917004228,35.20714414481631],[73.80832785427825,35.23949640587754],[73.72023359272116,35.21441989556966],[73.70798409678127,35.22248358944192],[73.7249750159135,35.27304851337683],[73.69484255499296,35.31840577427932],[73.69543898998955,35.36907027466286],[73.7270230948012,35.41898866923235],[73.79203858092826,35.45421966514864],[73.77850494301595,35.52289425863067],[73.72961415398022,35.52949253412729],[73.72125591060943,35.54921952375945],[73.65883845469243,35.547628563846615],[73.628388404515,35.56904523310603],[73.5615972227166,35.54638867064633],[73.52792425038066,35.56730188305632],[73.50726239424837,35.557942842824644],[73.48109250097416,35.571251694228806],[73.39812355026359,35.55708280294215],[73.36348210006435,35.59722367077874],[73.25989395262313,35.62893167069389],[73.12810822951641,35.716389161441086],[73.12794317732245,35.78529013128078],[73.14730016182072,35.83370173611907],[73.08388280952666,35.87746264552784],[73.02426542758482,35.846740283333794],[72.98707777434002,35.85981061264878],[72.91844227966982,35.839057314573374],[72.88932769506195,35.84884440653374],[72.89356659899332,35.87139177556673],[72.83931703257373,35.86712835348248],[72.8191576727771,35.88172031555718],[72.78652182480721,35.84249991857058],[72.76143859711048,35.83230394788597],[72.726579143447,35.85305195243332],[72.68438379242463,35.82252516019248],[72.6308349114068,35.856474469404546],[72.58510091898121,35.85937260895076],[72.55952504998402,35.89584879903723],[72.51847361744167,35.90548266954139],[72.51307732713133,35.93867301567696],[72.53535733879004,35.95207115421804],[72.53867268135832,35.98512010813462],[72.55996380227799,35.98695711330202],[72.58459509351789,36.02507964454955],[72.51668047148195,36.06733485634097],[72.52761512305742,36.11022323459884],[72.56170494997335,36.13989000407823],[72.53577643214906,36.17552029356764],[72.54731437031107,36.20540649704997],[72.61168265334139,36.26948686070131],[72.68483394089195,36.24388259667907],[72.68056050110906,36.27103386370022],[72.75651789126965,36.297272372312115],[72.81608189899251,36.35643561530074],[72.85366629353219,36.3663487952165],[72.87554436013929,36.394560737511355],[72.86377641270873,36.437435562162946],[72.90814949500567,36.46092210989991],[72.97935897967538,36.45731999520304],[72.97791320784377,36.51152501221885],[73.0519453482977,36.53296636709236],[73.09789445197086,36.60991797212417],[73.07410571151848,36.628783866829295],[73.06764565325672,36.70062256271169],[73.0952207847888,36.683358551241426],[73.1705520733373,36.71913219907654],[73.20139620751111,36.69552922333642],[73.23801431080759,36.711520654960985],[73.28571902007286,36.70379306837243],[73.34461473410936,36.7147201008066],[73.3515758469503,36.73500408432186],[73.42531570980445,36.742906477168304],[73.5198978388524,36.71029177161008],[73.57930167434068,36.722380698413325],[73.59271366120322,36.69284382906757],[73.68311052586115,36.68656780960119],[73.70985361271534,36.71233334749391],[73.77478392803617,36.70208962318843],[73.7955511701838,36.718841696168234],[73.86697544750552,36.700787391408674],[73.88529327529233,36.729896875813566],[73.86798889062075,36.76631694209069],[73.84010650592633,36.793687277682814],[73.80151307063001,36.7942151214275],[73.79420076252194,36.81919002307426],[73.75883597567703,36.81615486531595],[73.70550959858198,36.837811561228335],[73.70618722410374,36.85795328479592],[73.66700745523815,36.88088069587854],[73.67109330528261,36.91169833616328],[73.7287250897271,36.89799025225202],[73.7513224944502,36.909686513695185],[73.80071991632359,36.88749587133577],[73.820442789677,36.9030910277368],[73.85926115450111,36.897318610296196],[73.89302041328612,36.87546052638498],[73.91490226436608,36.88298262322392],[73.96149925408767,36.839266719397536],[74.04652144827178,36.810821760107295],[74.07978598662388,36.838823187302154],[74.13345904913861,36.847903451058066],[74.15575025862489,36.910507680352026],[74.24897082292057,36.89360566410876],[74.41714653756522,36.993433403749236],[74.52295745889886,36.99512872699506],[74.54255070567164,36.96135483413862],[74.56574985567066,36.9592582767648],[74.58041834827743,37.02101185159494],[74.56812173497066,37.05176000870552],[74.68117049299403,37.086713808891105],[74.7057422205913,37.0878167959683],[74.7494240054903,37.01938689441238],[74.769054813293,37.04122191952123],[74.83582846961046,37.03799361455847],[74.8347858508493,37.00526426923562],[74.91557906681324,36.920259474439604],[75.01567141310832,36.99072294948751],[75.10915168266698,36.961898978648904],[75.2109562495656,37.05001680543295],[75.33628346635359,37.06282980133605],[75.35442738877958,36.98848285666376],[75.41844787269477,36.97239589873507],[75.40692084163041,36.90803344751486],[75.44981846801072,36.88892910218558],[75.46326656331846,36.83031329438916],[75.61272425552025,36.77527024657631],[75.74442368631189,36.60769764987161],[75.80702153976438,36.563423690400576],[75.8524324315016,36.55834123511617],[75.94503801322206,36.51160577536842],[76.0711538630449,36.484242323070866],[76.16395310401366,36.406451645100915],[76.26650195845231,36.35884296342588],[76.35392723348227,36.36944723487806],[76.4374999092617,36.310353423540214],[76.44850030738405,36.272011678598425],[76.43678302976895,36.25782946787868],[76.48098103284536,36.21973462172429],[76.59409381825067,36.17832092520256],[76.65592379861029,36.19218419121974],[76.71111692784876,36.14012669836732],[76.72009158232956,36.09769526800675],[76.78375022649615,36.07192793634445],[76.81368762214146,36.04062877778124],[76.73213644814246,35.95463610086388],[76.78299468502509,35.90520033904929],[76.8074801427322,35.84974556642574],[76.86114806078125,35.83595256876873],[76.93561244441095,35.78902238351358],[77.00100395085254,35.77556010476614],[77.11565988152363,35.798105130352866],[77.15219021909618,35.76863520794944],[77.17635571773275,35.76813460389188],[77.17967968512366,35.73021848812138],[77.21301340371504,35.73325194867624],[77.25834485553423,35.70432018390436],[77.28743720385602,35.72259053616719],[77.32106790992941,35.70104809943721],[77.33554901345921,35.719753891196326],[77.36586677366745,35.71518718884955],[77.41155654082543,35.65625662236637],[77.43793594670825,35.65614367047443],[77.44012627078432,35.602134106757426],[77.47188083054749,35.58427018988378],[77.46522216970723,35.5500474206744],[77.48276395456145,35.529620723936134],[77.43052180173,35.51367047935136],[77.38865839346009,35.539437398060755],[77.33204428357897,35.53034607336002],[77.3852390728719,35.47386032711134],[77.44366367506596,35.45945584246847],[77.49613500821069,35.47777672690859],[77.62862370063733,35.46503854729374],[77.65309523187695,35.481180089622875],[77.68515861321985,35.46682393549718],[77.72877176653121,35.477334481886466],[77.73586585791692,35.521098264836226],[77.78631851474873,35.487980226015004],[77.82924083215502,35.50509551133394],[77.91207715534868,35.461090034647405],[77.92931592630775,35.49030750012093],[77.98525189910843,35.4483029633684],[77.93926583546325,35.50690904233675],[77.96793558629086,35.571765879687916],[77.95780845609472,35.604867531601094],[78.00139710208079,35.58236907632933],[78.05556140089793,35.581787410294574],[78.08435169877309,35.5520186264401],[78.13676575056142,35.536568396856595],[78.16491206701308,35.55173612985947],[78.1698250859828,35.624998211375036],[78.19743751896742,35.62283850864353],[78.21204885930615,35.6659995763575],[78.26561150631584,35.647419330308345],[78.28450706408204,35.66449021830405],[78.27695029295123,35.71837413963107],[78.40386366145306,35.73584933007103],[78.4426715783134,35.7836427708684],[78.53416402004919,35.762512781396424],[78.64643064161201,35.82106713388762],[78.67331106271783,35.85420353692478],[78.78622026967767,35.86887834233578],[78.83907085574958,35.85611608524147],[78.92512110715968,35.867510212292466],[78.96920489747426,35.89016899847317],[79.03224771557694,35.84771722167682],[79.16467252908285,35.838186199343895],[79.21275983387457,35.877865569343484],[79.20449494995924,35.92770244577784],[79.23089883918774,35.972164186317585],[79.35803111216833,35.991732786853134],[79.4103534555518,35.98597734998318],[79.4401998129321,35.89408335785395],[79.53622797068888,35.879638631284244],[79.7510905897153,35.796918989833785],[79.89895948179878,35.77510864093627],[79.96769554738376,35.825181181355525],[80.01569235268933,35.826163578566096],[80.12889651619597,35.656732828000415],[80.21308208520455,35.63865726659027],[80.31171197213942,35.58795612627234],[80.31462835969842,35.53607617558543],[80.34508361147006,35.46117218167008],[80.29848467263422,35.41698831701615],[80.29747554933599,35.352868377646175],[80.24265702387112,35.208015509732505],[80.18503256934862,35.13062827777862],[80.18689509400906,35.007998593766104],[80.12723516230292,34.8725492733309],[80.07499516334299,34.80541788310844],[80.06531123639259,34.692857745779165],[79.9446624961576,34.660900858982934],[79.87825965397698,34.67485900528171],[79.77660426282954,34.61038378096206],[79.79437565329121,34.580540604193885],[79.76977587542392,34.53777780750129],[79.82104480432602,34.51445548009956],[79.81610383549827,34.483093383616406],[79.79143873084911,34.466753603305996],[79.59839275456183,34.486758983573694],[79.52215475550531,34.46362185065824],[79.53162878906623,34.408754159169334],[79.56893697497497,34.40058977981544],[79.56851109545816,34.320196715053086],[79.59696180926277,34.27800393779764],[79.59213872620731,34.235820116695336],[79.54005834405308,34.19130732209025],[79.51314184673336,34.20093783565821],[79.49368608402794,34.184680746357664],[79.4959542414474,34.124448995763316],[79.42111312070251,34.075939795823224],[79.41452918077964,34.04171328039399],[79.43744996917576,34.012647657277],[79.41550566006603,33.99900597145551],[79.37366769663073,34.02675412527792],[79.2829437555704,34.02760674296487],[79.17292876664257,34.058291511211515],[79.14800750876717,34.05506943487261],[79.13823049531199,34.017515962188064],[79.11265090497778,34.00894457181402],[79.00114894135552,34.03360822483654],[78.95320932565438,34.0131312501368],[78.9183170982964,33.96392179583146],[79.01318592646128,33.782935625782294],[79.06045450203011,33.77583472685513],[79.01610614175891,33.70226392408029],[79.04631867830881,33.673834538671194],[79.0779957720042,33.68608191730112],[79.10015061404052,33.6163240277325],[78.90286043522408,33.62201120145985],[78.91452461707311,33.60600632798931],[78.906259813874,33.57370954615548],[78.94377379075837,33.52606909118818],[78.92707797246707,33.45428801451371],[78.97842196780265,33.3364096521721],[79.10769133123048,33.289112026880254],[79.22368286816462,33.29628463294262],[79.44611257180766,33.2577346949798],[79.44304461117254,33.200360784907645],[79.37321698760151,33.10637983855978],[79.38032263276045,33.0276698410865],[79.32490312238654,33.01224153676767],[79.36817105598615,32.98252436468472],[79.3689532391172,32.96623908126907],[79.39760399007744,32.96184920575559],[79.53811342180033,32.78636068802115],[79.59440544704718,32.759475129681164],[79.6096229669049,32.72322819625512],[79.56724132248766,32.67006953975275],[79.53748727355973,32.65959143439251],[79.42929013029953,32.5235308211204],[79.38453337000831,32.5227976815995],[79.37299037205182,32.560482436678384],[79.30525553639548,32.585823290140496],[79.25975137682451,32.52265421337579],[79.18208627272833,32.47375732192474],[79.12504496894442,32.46502265410718],[79.13516531665722,32.43229856068133],[79.09367983195565,32.37713438011153],[79.04540841868354,32.38740639262479],[79.00354542119736,32.37488102116407],[78.97118501662315,32.33569358777011],[78.80670178532397,32.44424813398202],[78.75915778442331,32.56778926108718],[78.78236340038445,32.59581052831274],[78.74333982023323,32.65497770831731],[78.75069655205877,32.692763033099226],[78.70871136072569,32.65613374108671],[78.64836957967607,32.64385770741255],[78.6052592071504,32.59109024508642],[78.56551380272859,32.61484595831365],[78.52430758382346,32.60810413429971],[78.50341521022622,32.587049605299015],[78.42766294140716,32.56336113061006],[78.39950074719106,32.52435965174497],[78.4709235109386,32.44363986624694],[78.45577961760601,32.381455691897834],[78.4840158913283,32.360239441974805],[78.48121514919909,32.32444775084927],[78.51141009887137,32.30270990675219],[78.48725125116718,32.27722045068224],[78.51938734749254,32.26426546948682],[78.56146989304966,32.203080292230524],[78.5976807485479,32.19784111749199],[78.59179547902828,32.169174512787514],[78.6334796710312,32.125701789478136],[78.68435326543316,32.11517315149156],[78.69382045531063,32.09628032128434],[78.6754349567588,32.08768545329022],[78.70571511595094,32.0663045208173],[78.73429940406754,32.00410453250168],[78.78108122596214,31.992744936567288],[78.7714178059313,31.929372952777758],[78.74167198332285,31.90074646718171],[78.74238141478105,31.835122848387247],[78.70270509389093,31.807320422909292],[78.75042849217309,31.681331114430318],[78.79852336316313,31.682226479549364],[78.80154790186621,31.648222312045437],[78.84694189411351,31.60800381066498],[78.77514460213807,31.543518399023093],[78.73071100905403,31.53224753321379],[78.72045831160686,31.507232634285636],[78.72527240171542,31.48531481223793],[78.75871235866202,31.482470217132214],[78.79775225645811,31.443420691517353],[78.75008958478368,31.368859411050217],[78.77768710360269,31.313348687364034],[78.83839617674158,31.294748101436426],[78.86332750232042,31.314663712655186],[78.88747522843181,31.267195562555003],[78.93269269835828,31.252941605382144],[78.94759144478884,31.31951514632007],[79.01083236182365,31.357082979934688],[79.0617376206476,31.461347483298837],[79.1274231064775,31.43485872918838],[79.1922118620483,31.36281422503716],[79.24647535399816,31.330039471731045],[79.23921284880204,31.31420672959696],[79.2714993411731,31.286774985922296],[79.25186584767705,31.24301748066939],[79.29262284951494,31.22121823669799],[79.31748135791959,31.136720734302454],[79.39880309729324,31.107786474103623],[79.40772734328773,31.076991473702112],[79.42456785439263,31.071074484322068],[79.4247603685409,31.03049198621693],[79.51903486928121,31.026705986154777],[79.55559357732828,30.957321601007664],[79.60167386307111,30.93994964820852],[79.65849106587311,30.96293966746545],[79.66498822141146,30.982921535106083],[79.73547920410714,30.981535775304753],[79.75300753192394,31.007865027773967],[79.81636702565314,30.97393458103728],[79.8627145480691,30.975357082468214],[79.89025578792419,30.918636613955254],[79.91038712944452,30.91506783937463],[79.92909648297447,30.88243335957106],[79.96215289739088,30.890020033191686],[80.04203392189568,30.835816163489593],[80.05825373022391,30.839671698683883],[80.11090848491597,30.779295111276767],[80.17777080733698,30.804054575658736],[80.21306776112554,30.75065679029975],[80.23849025616359,30.76227777422337],[80.25024986625995,30.732575966616253],[80.23642214144112,30.69038376567977],[80.20407151964426,30.684851961252765],[80.19715833833259,30.662092240251628],[80.22116854458638,30.641815642394118],[80.21241733125098,30.61836339240232],[80.2288016859271,30.603494538464776],[80.22683022187984,30.578944968572248],[80.25776006998987,30.558835943861496],[80.28306715758187,30.572193389926507],[80.38559198207714,30.515049869168415],[80.41666212996647,30.523883018873814],[80.53907844162086,30.4491968848646],[80.59174746473404,30.48117983185096],[80.74572378216443,30.397372932369663],[80.8215708237318,30.315557565202173],[81.03320801831158,30.24638954646021],[81.04327618778782,30.20455868438734],[80.96004733549182,30.17899238442868],[80.91828113879099,30.18983442868966],[80.91971866840908,30.214195647653035],[80.90273266705697,30.215380752427585],[80.86716864714136,30.170302535834725],[80.8747716636085,30.12648564521242],[80.76103175383791,30.049516989228362],[80.74455545502839,30.003852904207644],[80.7193133835247,30.00080453801592],[80.6741579832623,29.957091621936208],[80.62956690054617,29.96542605665079],[80.59497226270354,29.952996890722133],[80.55334563964794,29.853261367547596],[80.50784079100038,29.82375704751116],[80.49434806524899,29.796634277251307],[80.43392156065077,29.80518704988597],[80.407660130743,29.793239912490446],[80.38631932024056,29.7515468931752],[80.36514683857001,29.746933041097286],[80.38346754486737,29.677350949512252],[80.41986368588472,29.639333703538476],[80.40737938122557,29.59493057757094],[80.37903026246819,29.562195085925467],[80.34230036143919,29.55235887753],[80.35774727096566,29.533244561092634],[80.34974510845299,29.519325466824856],[80.28720013101503,29.477437326749385],[80.30264684898047,29.454120353523525],[80.24242541115632,29.44378667271194],[80.24199110911806,29.411677142713536],[80.27589174113614,29.391358915335786],[80.27979529696447,29.347621116432595],[80.31688103378544,29.31524909091171],[80.29096707378928,29.232455792448086],[80.29743840861263,29.20665385196478],[80.28403346704455,29.19718294221274],[80.24786381867621,29.220454100473578],[80.24053776275478,29.202542969189956],[80.2720523310004,29.14129626213468],[80.23279062516475,29.118483956361146],[80.18290352346226,29.13705458062649],[80.14295932943914,29.098593774915265],[80.12450460515387,29.0130694941399],[80.13541855309559,29.007396071831604],[80.11792428264242,28.981547500115074],[80.10054704906716,28.986903835625405],[80.05846925094441,28.916626100447235],[80.0653611191873,28.83689950966837],[80.0525292297916,28.819567501698025],[80.06809913899926,28.802844622505212],[80.03013183790034,28.748634161470132],[79.9543966387469,28.722864108428183],[79.92459911448745,28.775030685339562],[79.93981967922369,28.787716827998576],[79.87407627955628,28.79623427440148],[79.87848904412954,28.81483428880399],[79.91552188372806,28.804273922538552],[79.88808855480521,28.8366187472323],[79.84623217989603,28.822885168629753],[79.84957929893638,28.799865372586837],[79.8101916502751,28.798298379613623],[79.83690067179364,28.831770044046173],[79.82978322993307,28.853483971482444],[79.8492373102042,28.860558190404927],[79.81802424030789,28.887806182036982],[79.74907083327984,28.871768329345283],[79.70666930110941,28.84100920279263],[79.65604910746416,28.869769699637136],[79.5843616263607,28.846272736930942],[79.58426957397556,28.87918022676461],[79.55647897959064,28.899259943735284],[79.52152993929302,28.864751515763402],[79.42556999352162,28.86641921884967],[79.42531492126135,28.92295800520371],[79.40803027518633,28.951929011351833],[79.39064660257019,28.947388790091278],[79.37197118491804,28.985695486156725],[79.36470161182942,28.968074908683654],[79.30682088125668,28.96666681591964],[79.21173319451552,29.02756491331024],[79.16648402491134,29.01770657101451],[79.17188242574663,29.045127069026535],[79.14250307517729,29.066947263206867],[79.15016809478473,29.11866663296412],[79.03943743722913,29.16856836785392],[79.03780296909694,29.145459540806552],[79.0190833642981,29.155717397572182],[79.01921417718806,29.12933613251742],[79.0405139228665,29.127800893989498],[79.02483297988216,29.112412184621622],[78.9823433621691,29.143046006509827],[78.95644526110829,29.11988797232418],[78.90633439388462,29.125014021372156],[78.91873762455945,29.135442127336923],[78.90868745904785,29.177289909268755],[78.86209333733343,29.23988741078727],[78.80779690574339,29.23666721305754],[78.72061867353541,29.30106401850824],[78.76688638850626,29.336492261861274],[78.7954469091282,29.31471080540648],[78.82296356614948,29.364167246640548],[78.84902358542702,29.344350475478503],[78.93970135296573,29.434567547794796],[78.7996728721579,29.464574881455434],[78.61773224512258,29.55802672548875],[78.53267397803111,29.638749852812868],[78.51654239515864,29.71940168519297],[78.4274320005833,29.764554941872515],[78.33565855313054,29.796605637213776],[78.26025348631636,29.738680886655484],[78.20392179961956,29.73726523558968],[78.19603035958703,29.69267623086196],[78.18050991853573,29.696826001995916],[78.13053796878528,29.652537574197318],[78.08146288420181,29.635142170159607],[78.0866882475392,29.625032654068622],[78.05747174786987,29.630686886647158],[78.01828370222073,29.5981990843743],[78.02159921027005,29.580852302854662],[77.9961730049474,29.591457405071125],[77.96749704519593,29.58006510634536],[77.93330234202466,29.60051485380287],[77.94842095190658,29.61691446883178],[77.97768975670301,29.613445465461904],[77.98260916720274,29.640547794636266],[77.9398945134284,29.696083132209612],[77.94554335585723,29.713063868980434],[77.91126690975305,29.69577067841082],[77.87900548495968,29.700239578511983],[77.83004879949115,29.6682994577996],[77.79905361133348,29.68619142027725],[77.81048343659428,29.702371126022477],[77.76973103665324,29.71760234596182],[77.78267802444927,29.736237864425007],[77.76952930547442,29.745338121779135],[77.77460089536851,29.788882875973936],[77.74154682284393,29.852032277655276],[77.71477927659568,29.87058335952585],[77.74719823377929,29.91003110998719],[77.73047164572216,29.93169497693851],[77.76038122366856,29.964454202371535],[77.74414838023014,29.983689706491617],[77.78198444326497,30.01862753384868],[77.77005393098533,30.042548141069133],[77.80119497673886,30.09547736107084],[77.82805373742634,30.08591740508575],[77.8532378144754,30.106988363810867],[77.91893521810381,30.211278737106376],[77.96169728192707,30.24236932220513],[77.83798015701797,30.27511891632374],[77.72084257734998,30.33082326203901],[77.68959756198107,30.376815071999452],[77.64726323924491,30.404727558119454],[77.58545635001695,30.40491627536638],[77.58563208337299,30.379474804411302],[77.57121681164458,30.380841693133178],[77.5201167037453,30.445252596876923],[77.49870993063863,30.40581519513044],[77.44531764608637,30.395998100887162],[77.42381978433579,30.41075092653335],[77.46156229307977,30.434611133880264],[77.46058149446449,30.457335335533884],[77.40723781430815,30.40995971047189],[77.40353067630144,30.430883193408604],[77.35358302153061,30.460747854104387],[77.30872305782621,30.44915824512426],[77.22808637269978,30.485448988244197],[77.21506785492373,30.46844884888491],[77.19503638121824,30.5225716726819],[77.14535888131861,30.536451224785086],[77.12173108064363,30.56293767466088],[77.17377382158996,30.60055503956713],[77.16120662687707,30.690931332612315],[77.095089169199,30.741541777936032],[77.04845299798143,30.752820195187628],[77.04356705934366,30.74070774666722],[77.01751043566168,30.74342003947562],[77.01865458157398,30.76498268802588],[77.00328624712354,30.769393497792098],[77.0157301473724,30.77664552767501],[77.0093044636941,30.80901532257116],[76.94325649893888,30.81915177372043],[76.9512504377948,30.85052284733113],[76.91687215036285,30.900765497010422],[76.86957886339445,30.873122268339973],[76.84104068299423,30.89165821501649],[76.82466987369335,30.927163775077386],[76.77608647002307,30.905971181782682],[76.71000897879121,30.96916742690863],[76.67385642872287,30.968709526301037],[76.62529416543181,30.998480319696018],[76.61096520114623,31.045828118547142],[76.63850026416249,31.107717453803684],[76.602002482554,31.12354318851373],[76.61052778335144,31.140999113557196],[76.59692734790586,31.17818543133334],[76.64543452424489,31.209127054394298],[76.63890745707717,31.223325873171273],[76.592441292827,31.211839573297652],[76.61173082099843,31.249807289720017],[76.58774775791849,31.274196747554363],[76.54921025146096,31.25275420421204],[76.54294982567622,31.28202897978602],[76.53067703474659,31.2563144234894],[76.52133582860031,31.28019963762911],[76.49635588563352,31.270919963781775],[76.47912581007733,31.308668003654613],[76.43980715997374,31.279062561784457],[76.46274801910447,31.303553473134706],[76.43233011426342,31.32656113323521]]],[[[77.4722462284286,12.209891317374206],[77.6125421443603,12.205904769497167],[77.73130873939546,12.18007361001432],[77.7767038885163,12.113650644772614],[77.70840935381501,12.035204599898629],[77.67566988695968,11.952011607155711],[77.5379839102043,11.932385395097862],[77.49536537400552,11.94405464077459],[77.48629716667315,11.888608072390598],[77.46150841394815,11.899382328307045],[77.46639873334453,11.846312717647516],[77.42893648473529,11.76263392838387],[77.38802365703474,11.788464998735476],[77.33514883211551,11.771230779678705],[77.29385437869021,11.80899827828816],[77.24987603454551,11.813012677877596],[77.23860169449803,11.794652748194066],[77.11074656172818,11.77347245279932],[77.11482115072003,11.721748408103862],[77.05987083631675,11.764231222061076],[77.06294256564887,11.790396713427702],[77.02886476375666,11.774674732742568],[77.03874926843135,11.79384669177619],[77.01294023997144,11.814615034763872],[76.9829906362635,11.811848920684232],[76.96992269874781,11.77685973573883],[76.9088441866719,11.795053111827814],[76.83373606860862,11.648957137831394],[76.858124540077,11.614029850504325],[76.84693266130174,11.594471498691258],[76.75691578608797,11.618436854776508],[76.5765033138099,11.61477568883279],[76.55967428181606,11.62519499573971],[76.55138427943636,11.672318049098049],[76.51167532387801,11.704978590199424],[76.45667093751597,11.66445630772037],[76.41672621196528,11.671742629039423],[76.40346212453122,11.70775967005696],[76.42744304685135,11.725977081217943],[76.41329455314558,11.740162899398953],[76.42300862188333,11.776298153621353],[76.41150482388211,11.786800363391134],[76.42766966448262,11.79424523969303],[76.41085905133477,11.80909912466157],[76.455470967304,11.796585640889768],[76.4598306340857,11.820128037402672],[76.48586693647272,11.822631226942043],[76.48904476262007,11.863398650910943],[76.53170419888218,11.874848866144015],[76.55432381099862,11.858314607732105],[76.57698848886933,11.922688287793248],[76.55787985426886,11.947658197638075],[76.57852877779317,11.988344931591735],[76.64284830498711,11.982085879382948],[76.6597501810977,12.007769636326449],[76.71601779270095,11.984018748269477],[76.74103733210629,12.009322977692674],[76.79259921637168,11.986519011892971],[76.79496960701941,12.014466379142736],[76.82048305818954,12.028112100796175],[76.8370459110588,11.999702925713983],[76.8823088286867,12.015191397041004],[76.90433567631074,11.998527032153056],[76.93563120715078,12.013227255924908],[76.93896889385626,12.02649939436844],[76.87054786597622,12.055999117540539],[76.88384547367183,12.083288313879182],[76.87670876990158,12.115370152605255],[76.83312461933497,12.12914691471903],[76.85124476315508,12.179224909486626],[76.87129955208133,12.173992178524871],[76.8712506178731,12.1408782320789],[76.89042957422767,12.121687511107854],[76.9486375337209,12.097847638901307],[76.98888138407757,12.14067163628742],[76.99222336600684,12.176194421962114],[77.01398045573833,12.162521233450331],[77.01223954165562,12.137038429004749],[77.04201017909504,12.129154284233461],[77.04419379866685,12.166865538001563],[77.12289286999432,12.19440286148881],[77.12612822532788,12.24303759705884],[77.1690085661008,12.258999007972239],[77.16643154904881,12.310059999344483],[77.3250361766071,12.305974337140022],[77.33242316090961,12.353740756446102],[77.31220355983834,12.392284254194161],[77.28498319179245,12.393945858022594],[77.2694273329118,12.464760467659252],[77.23629417291592,12.470927053637093],[77.23344978339662,12.484050837597913],[77.2254350717563,12.474658150369299],[77.23857993860155,12.500196949612718],[77.16952644545147,12.48387621274592],[77.14674213065217,12.462086062894029],[77.12504465194655,12.479904171188895],[77.13293795539244,12.516528689528501],[77.11392422768222,12.552708595036345],[77.12938134206999,12.563232724557736],[77.10824518570202,12.607680934013759],[77.12272718987093,12.622214051998755],[77.10120250836312,12.628914560289315],[77.09942406666589,12.673201526699856],[77.0741312187177,12.678610773060466],[77.07986270670253,12.759692967390412],[77.09201895076396,12.751104555147958],[77.10113780520649,12.777082277236042],[77.14989025963813,12.786780494504129],[77.13804028835288,12.812739336544324],[77.1572098563444,12.827317590766441],[77.13297212931347,12.858791294353798],[77.13319076773934,12.88825477162179],[77.10566241935773,12.89259136712309],[77.16519248447473,12.928871351146343],[77.15690209759559,12.958165326805597],[77.13110291037056,12.975748557261188],[77.14469493413364,12.9861617930936],[77.1365942021284,13.001690178860281],[77.10321682725933,12.992831688847424],[77.11813139120527,13.014484430428675],[77.06967198169738,13.039709305296933],[77.08172914757093,13.087711574239137],[77.07015528909385,13.128549846772666],[77.0957628526084,13.146226013229958],[77.11593318711311,13.13122323074705],[77.11879650353693,13.163482262044084],[77.16253489784758,13.196452426585324],[77.20585971075475,13.180986527292314],[77.22153264973667,13.14626136859997],[77.2741849543882,13.153511907620224],[77.26841209771587,13.11884948716353],[77.28495665920903,13.13373927289152],[77.291990346626,13.110566754020008],[77.31377372963429,13.10681423203675],[77.31066828438703,13.046255767915568],[77.33058550214827,13.047917995756],[77.32113348201275,13.004446292351679],[77.3402368611478,12.93321847567898],[77.3366071153922,12.876849209423504],[77.37943441602992,12.855245923978599],[77.43130104670692,12.874911311512955],[77.41876949721227,12.869349335117581],[77.4377011397982,12.849741782405635],[77.41990570976172,12.826236649194547],[77.44400694292698,12.806653200809205],[77.44923846778383,12.818733503673641],[77.47878257489468,12.811452131747277],[77.47397090125646,12.75660924420602],[77.50284645176637,12.735646896892213],[77.54095007878442,12.748115621538194],[77.54580217289552,12.800745198798856],[77.56356244920217,12.788149503422375],[77.56479924015296,12.759950348812986],[77.57971853209487,12.787785483699126],[77.59212999214428,12.779829651596128],[77.59532589022582,12.75153038172219],[77.55714350185666,12.727507596504601],[77.56807032354604,12.701203118557281],[77.59421738396023,12.720516960459998],[77.61451510421607,12.711288327091752],[77.59406653566317,12.667154142037404],[77.6060159004452,12.628003979100317],[77.57934283429175,12.573085411078393],[77.58720216942686,12.514754731742004],[77.6163264909843,12.509180366188888],[77.58368012299631,12.478795449453028],[77.63442759777362,12.488168817224937],[77.62964850054286,12.418559598423196],[77.61434797240989,12.362237759330617],[77.55133675340356,12.291206723264613],[77.47905950107459,12.271273489973368],[77.4722462284286,12.209891317374206]]],[[[77.29031639373468,12.36143277789573],[77.29464177543522,12.355541368140504],[77.2894636188187,12.35444414524273],[77.29031639373468,12.36143277789573]]],[[[78.1929720149315,13.564846535925255],[78.23634010349005,13.598581763879483],[78.25860489911386,13.58300582306677],[78.4020014135838,13.587970969947387],[78.37531632082072,13.508954048002494],[78.3816754705427,13.396983211422244],[78.36507712826447,13.361798964303471],[78.40868340632505,13.34288302352564],[78.37714794635752,13.331970970430838],[78.40110419838334,13.315469505145307],[78.44038473276146,13.32842944793612],[78.44420565889445,13.308111015858163],[78.4834016125729,13.321171050433362],[78.47930994302524,13.301290302759268],[78.53217871106324,13.266937844241689],[78.53932266332201,13.287870303862231],[78.56163761516721,13.288514477703636],[78.56554907977124,13.312003334410404],[78.58770234513327,13.272972979222883],[78.57013893738309,13.247101208483882],[78.5664014972656,13.220854901528183],[78.5787021693798,13.212992155785422],[78.55006029533145,13.200181376122977],[78.57605958511128,13.186691794406059],[78.5797651669244,13.167361591975169],[78.55011349515227,13.164188910687733],[78.54464535984074,13.142003409508888],[78.51704501581042,13.131590358318654],[78.53850595597643,13.105730185974428],[78.50947043747507,13.091495112782054],[78.51425156802587,13.06185540859737],[78.4621958661754,13.043214096649825],[78.46746125490439,12.975022485179545],[78.43533014081079,12.981039789211513],[78.43797268944826,12.96398542376345],[78.41116305888643,12.945268010388698],[78.41881751550812,12.921724779450285],[78.43801608483412,12.929013924657745],[78.46669669102937,12.90540965287125],[78.4647711162672,12.866763658975858],[78.44557971055453,12.91179603734596],[78.38869573258917,12.906858139105989],[78.35587500921886,12.940740720997455],[78.33973117035514,12.903184630537583],[78.32353285239218,12.901783355975752],[78.3203300156692,12.88725940437105],[78.33707990390793,12.882364585136838],[78.31362685361609,12.876453247992126],[78.31244642021561,12.8585181842069],[78.25219797857675,12.860551001436113],[78.23095281233756,12.760658589608164],[78.13423755103206,12.781965723035027],[78.0533334324551,12.853853621890918],[78.02386568890867,12.856500915989878],[78.02898787055418,12.845185703850124],[78.00391701111295,12.825595761329296],[78.00975275738007,12.80573911747275],[77.98852109137647,12.8081925804152],[77.95233599661238,12.857116812135699],[77.93999455872712,12.853142646269113],[77.94067831668767,12.823344374356873],[77.92055651286836,12.828157196824694],[77.93600850805215,12.887244280623538],[77.86764826963349,12.868069311494885],[77.85303954538836,12.876723812073601],[77.86043430783582,12.915775465014546],[77.84061357474145,12.92325980137739],[77.87217254971452,12.940958828012993],[77.86449117849824,12.973225723760256],[77.89235946948786,13.054736184802826],[77.9148575063733,13.049400987799457],[77.94159701553647,13.069115095724216],[77.93927781858723,13.083929444924681],[77.91200038014196,13.078448749930638],[77.90123026006188,13.101961903552066],[77.9151240309607,13.117442861146955],[77.93941616730037,13.109412300091794],[77.93794838600438,13.125866573737069],[77.95768137117264,13.13017221883742],[77.9635601029671,13.192175413733889],[77.94628741954806,13.218697109620633],[77.9655768918193,13.244435210414489],[77.93543214947326,13.245825747933953],[77.93831765446829,13.267780178109232],[77.98416855848109,13.28616981247758],[77.9946255949819,13.305388757982534],[78.0150841257557,13.282990951424132],[78.04698742305027,13.279036092874813],[78.06019013456323,13.301013559853372],[78.09184243189895,13.311166919320236],[78.13352088778888,13.28720085172589],[78.13580216237784,13.305105537996317],[78.10964518797923,13.323443325184638],[78.13253263776666,13.328934657203742],[78.13140396413752,13.352771769919967],[78.15024934167319,13.350454374678359],[78.14875416341063,13.367215212688178],[78.12180562239001,13.376761683084052],[78.13616456334366,13.40561146424421],[78.1814945815127,13.420177548644126],[78.20563694528613,13.458110362367615],[78.18828297314553,13.51316329956902],[78.20389547916977,13.524816961752059],[78.1929720149315,13.564846535925255]]],[[[83.63065577871382,18.527736945393197],[83.56776188983004,18.530891209068287],[83.55790709077608,18.55737470934685],[83.57652007382609,18.568739043396196],[83.63116268234121,18.559634751754945],[83.63065577871382,18.527736945393197]]],[[[83.35253384433548,19.018321124145267],[83.3726128521637,19.002259182992876],[83.41706433493924,19.002058293237397],[83.41532133015481,18.98917974195591],[83.46182906659675,18.954781358288713],[83.46783543200405,18.991083067418668],[83.44994125016622,19.00965865639524],[83.47968020105101,19.00846723135372],[83.48334752983665,19.03354666327099],[83.46229434839282,19.063766509737206],[83.47837203505487,19.079273929265508],[83.46797670740926,19.09311796083709],[83.48339583852287,19.09225591080875],[83.50060405427332,19.06063197165839],[83.5117147785553,19.070315445228246],[83.51930166710328,19.03906497047649],[83.49646640885074,19.035469405941505],[83.50093582205628,19.02066155614502],[83.53670517465476,19.009495076897746],[83.5575673738744,19.05620236691101],[83.5490455155691,19.080517676075825],[83.5601737719599,19.08706848460031],[83.563419234101,19.057850455992273],[83.58445509180623,19.057565877884617],[83.5855886269283,19.086555411832475],[83.61061415109182,19.09606333475129],[83.60165221608999,19.135525782303137],[83.63392251792312,19.159456222062975],[83.66392870911163,19.076084004563445],[83.70061585432514,19.025001752060337],[83.7300168573052,19.021955396104676],[83.70947691596369,19.002636504560826],[83.73301270393668,18.987711752596958],[83.75385874622478,18.92513104500965],[83.7878907988972,18.9158687981372],[83.74485346691944,18.987978776516808],[83.79468802890219,19.017976999886706],[83.82657738914293,18.91628374684819],[83.84578768667934,18.91358284711053],[83.84830673703149,18.864419837017603],[83.89085130874729,18.82595793924408],[83.87656877761898,18.806418928506833],[83.88783214394286,18.79647862820725],[83.83252776329395,18.778928069073014],[83.86694138807877,18.766210641954828],[83.8906423945407,18.727674056048013],[83.86729836774532,18.743049648144957],[83.83768625238392,18.722991594238486],[83.83792965154535,18.702033502708677],[83.84983652228637,18.667632766973362],[83.89202871052515,18.633729927534542],[83.8951212381889,18.59491805711526],[83.92443235100046,18.578606120420215],[83.90324902294087,18.564000391273403],[83.91716932978315,18.54210799633696],[83.90525670128416,18.533517716601565],[83.88089720432704,18.555330202125017],[83.85272028391134,18.53423667054691],[83.82437751151284,18.55895597857585],[83.82903133859571,18.5729273722384],[83.78662279661232,18.590466447859995],[83.79353049683563,18.607254795093443],[83.77821511590997,18.59911214789656],[83.77265235071656,18.565792378035617],[83.7496013804444,18.58449659669981],[83.73070827716079,18.565510685008302],[83.66259270022339,18.582760050780774],[83.60416350311775,18.65857493545864],[83.57309428473137,18.67553535926617],[83.57171146697816,18.695190258412627],[83.5383356502129,18.710420497233358],[83.56144979075138,18.666950257678653],[83.54918320928218,18.595760362446452],[83.57067705343678,18.5924492655761],[83.53305395943941,18.56622658000765],[83.53691779311936,18.527412464169522],[83.51550373476873,18.520127882257363],[83.47254452032476,18.5694182807354],[83.49090824961849,18.60929472183243],[83.46515038563533,18.61817791960487],[83.45730433240242,18.639083256628133],[83.4279121565473,18.607181254848015],[83.41422958858854,18.624193141295887],[83.38858865250376,18.60771859906014],[83.3730378224007,18.615233163789853],[83.37802948366883,18.597351065173335],[83.35915124537624,18.59280945842179],[83.33944945592798,18.644609556292735],[83.31588871466812,18.64164882188792],[83.24339042228189,18.588920937143556],[83.26630621246406,18.572623240327943],[83.2663498960878,18.54161324515209],[83.22504467222093,18.518427253780622],[83.21757867466665,18.467472703125683],[83.19544600487473,18.47275940427582],[83.19011374146048,18.453981491622404],[83.20972132405359,18.421650178650474],[83.17835229618574,18.386670992370348],[83.19779303950797,18.38474910088948],[83.1511177697849,18.34112079971994],[83.1045319439316,18.35758379690921],[83.0791502384321,18.34671231248956],[83.07501327079605,18.370939551798525],[83.10368409827734,18.41314108390896],[83.06425384423588,18.409406237145767],[83.06731161345432,18.430091421617636],[83.04253037489464,18.424225819226322],[83.02094766411257,18.456241953885],[83.09503920991253,18.546642411697725],[83.04535418995003,18.54418365761765],[83.0297567499635,18.57350780526699],[83.0526637350205,18.60099696282408],[83.02379024776647,18.58964717640608],[82.99957439567095,18.61953161691104],[83.01671949380174,18.650017538777686],[83.05802360395622,18.665314681772564],[83.07279076990847,18.705540021364985],[83.13799831597353,18.784816420188047],[83.20654786462896,18.75143843181095],[83.21245207805006,18.730485462438025],[83.22460748819339,18.775088235970767],[83.2713546084636,18.764635364366146],[83.2843378533943,18.79787815970083],[83.33061630700062,18.806346744385344],[83.36815090913187,18.84406001858696],[83.37832565430378,18.830662856637456],[83.40588258232353,18.842515212260135],[83.41475137951774,18.8749632452447],[83.35343333693811,18.930603496552468],[83.35248399098884,18.94346312477683],[83.37014699082808,18.941716308229328],[83.3706042745139,18.926036204084724],[83.38735806485282,18.9325949128914],[83.36712537446576,18.96300637446322],[83.35028880017181,18.965632161568575],[83.34843771005029,18.926286429662955],[83.3254084860175,18.933147276178],[83.33901710825819,18.95277818689072],[83.31064622082319,18.998672858863024],[83.33878483782374,18.99700509423466],[83.35253384433548,19.018321124145267]]],[[[89.07274147810934,22.01935084166535],[89.06952525365975,21.933875735150032],[89.02778609305055,21.924195080774748],[89.02171442942357,21.909862117253788],[89.04441816943579,21.859032853337702],[89.02778171156974,21.78793031673913],[89.14284982292976,21.652393019939467],[89.15555957023159,21.59325614632754],[89.12662139327504,21.574938126283243],[88.87044525988102,21.52535206232934],[88.63653897005386,21.555163215796565],[88.52112364404022,21.5218744272404],[88.43215162290434,21.548164000793133],[88.18837861240517,21.532394891955136],[88.12995341755278,21.570832839544643],[88.08769040274485,21.574395948171237],[88.03287239598194,21.568814266571366],[88.01159729354818,21.546316999618263],[88.00427362701492,21.64622421268176],[87.96120849074825,21.678435708945212],[88.06675651194405,21.923694379158842],[88.19403180247565,22.070514840132738],[88.20769453146859,22.10677677900722],[88.16729868497185,22.18427649711972],[88.06057129430414,22.20577053189272],[88.08298886836702,22.236396846533932],[88.09169186918419,22.365962325214127],[88.140970619724,22.408079613467915],[88.12117968897915,22.469176188800972],[88.2375941362158,22.521738241858444],[88.2336280042357,22.549164205986237],[88.29161141943321,22.538525947478025],[88.29890688361344,22.503470520158654],[88.2683107037959,22.487085333558486],[88.28957362410499,22.470599569539303],[88.28544166470405,22.4485259401717],[88.33892381646928,22.43280842543303],[88.34113764391516,22.457926786110317],[88.3720287864056,22.452029222136336],[88.413874277296,22.477332876169022],[88.42217987454609,22.523542027697783],[88.4546579314666,22.50957981339881],[88.46107758590787,22.522563316358582],[88.41342979084983,22.5538969415231],[88.39149876537154,22.629118832012555],[88.36132168240728,22.630780157292392],[88.35314636124923,22.648082155135903],[88.36219683536964,22.742939806082287],[88.33352103663691,22.784313247175536],[88.3762734454092,22.8325082435904],[88.37099707780787,22.8596706571457],[88.40394983682532,22.877276903617314],[88.41850929420717,22.956787348215588],[88.4636813930976,22.95072790203683],[88.47057948604329,22.936050259855353],[88.50695883903093,22.946247913454986],[88.51466320975497,22.932279702191533],[88.61201107285981,22.909788632516356],[88.62726579341704,22.883448759407422],[88.65925887422678,22.875250685947673],[88.66895620656679,22.89413465829599],[88.65699266237459,22.938655264873727],[88.67957992075083,22.944414961491304],[88.66535638539344,22.95053239092744],[88.66304901361471,22.98165459413753],[88.69563624683114,23.065116595457933],[88.67423142413647,23.09522534109158],[88.70476252663605,23.13575673818017],[88.69731875199388,23.165833736924206],[88.71770177181047,23.175038053519646],[88.71821421798313,23.210402484074447],[88.70218073360809,23.21520126623096],[88.71311286931216,23.237972839375704],[88.76740512162479,23.245796736327414],[88.7787870096176,23.22114149375994],[88.80575904522577,23.21886832657612],[88.81363254628262,23.252112428990884],[88.82550470595986,23.233342967071213],[88.91219798726654,23.233987391202934],[88.91393455714001,23.2142591604594],[88.94045154881202,23.206832323838263],[88.98498729156833,23.220462505450218],[88.9782207511453,23.188585609388713],[88.93906233399622,23.17689207638173],[88.93081228429527,23.143280752625994],[88.86939325395328,23.100766400671578],[88.87712961409399,23.003319665248092],[88.84556782199765,23.007833300380266],[88.87093811681656,22.978720816883374],[88.85847556058286,22.94707911506538],[88.89423532454065,22.952086968458996],[88.88681966799116,22.934126096755822],[88.90634169527087,22.92176955805779],[88.90539142519518,22.885912389074274],[88.9495504301342,22.877240019401658],[88.96848601138731,22.845045275400466],[88.95822705573445,22.796671749611814],[88.91097808322192,22.757818958929064],[88.92794397412497,22.71817340821198],[88.96234033040652,22.6950613998929],[88.92714408464721,22.64931943202608],[88.93492167465399,22.621285837295087],[88.96005758199941,22.616723032498737],[88.93848688270107,22.588099076808945],[88.94150858711019,22.559162110023355],[88.96036198789669,22.550977096639357],[88.99578508700395,22.47008886388296],[88.99816502999188,22.428417733303693],[88.97189281068452,22.40997533427861],[88.99415425269689,22.387946462436446],[88.98446967137755,22.32678684023092],[89.02385155799142,22.299385753975763],[88.99567181664618,22.285343151591704],[89.0197167119598,22.269817254150503],[89.01271103542105,22.255262827806508],[89.03419315088665,22.2583497546132],[89.04093823599563,22.22767808558971],[89.07161035323476,22.196980636273466],[89.07371486959056,22.145298134683667],[89.09816421900422,22.1548057290176],[89.0377578742135,22.09240559598437],[89.07274147810934,22.01935084166535]]],[[[82.70016871977428,24.093066242655556],[82.71074059167618,24.080571845457644],[82.68863358315551,24.079766469316485],[82.70016871977428,24.093066242655556]]],[[[87.71307356505946,25.257976517169006],[87.76718006379299,25.2609765643797],[87.78663531504219,25.24738867096438],[87.71307356505946,25.257976517169006]]],[[[76.75032044175573,25.324231439201736],[76.72887039702078,25.328818162384998],[76.71111764854592,25.346103325593106],[76.76081667746269,25.34083517899118],[76.75032044175573,25.324231439201736]]],[[[89.8900908642856,25.291962707917886],[89.83118302384075,25.296028891589714],[89.84052398651363,25.31893167658512],[89.82143527160575,25.35551727756784],[89.84923293399122,25.49284267712611],[89.86956152261416,25.510952774114738],[89.85119404976608,25.53867366389434],[89.8659579723734,25.546236835214785],[89.88242266995753,25.617251456660096],[89.85044593991323,25.713004086120726],[89.82784197899248,25.72957231810648],[89.84023908297559,25.766775525430543],[89.81649186973578,25.8142794040597],[89.83518828271406,25.840780904950602],[89.8324779432611,25.870652061663183],[89.88697913603477,25.94525049062219],[89.82528913662442,25.945551101055347],[89.86906500511968,25.981488128708957],[89.83574001936067,26.012644052764706],[89.83584163346153,25.9824713835798],[89.82414181054803,25.984999864891726],[89.81163554409571,26.040271487845935],[89.77463507026535,26.04002567518649],[89.79870624017718,26.05962551769547],[89.79481448441528,26.087373847475828],[89.78121916502772,26.083488018928257],[89.78406673480907,26.105344477766995],[89.75806011110771,26.10795981265458],[89.7664636832077,26.130522476717275],[89.74755071366633,26.157415749939663],[89.72037913815399,26.156339928571366],[89.73292876858812,26.177526272673163],[89.71014230752634,26.17242363928542],[89.69860048189342,26.191177011427932],[89.71307454460317,26.187716559250084],[89.71160000365994,26.202966946650704],[89.7332303237525,26.211992096359],[89.70749916960631,26.21227971425166],[89.70039355185236,26.218448384854845],[89.73215802078342,26.237829900898628],[89.70261583503476,26.257863326648543],[89.70585268523081,26.270430174998324],[89.72202042463336,26.2574590777862],[89.73853927345297,26.269943541328917],[89.71783117910392,26.295817639031295],[89.71981309775718,26.307319907925816],[89.75812476043694,26.287785754689818],[89.75152173644788,26.320860102406122],[89.78131405227023,26.32767532734134],[89.78347399939815,26.35103077646034],[89.81420570609218,26.37048523111047],[89.82277435658202,26.350861089014977],[89.82836836211553,26.380468965352495],[89.85749608798439,26.385804784310558],[89.84820132847483,26.403368667050373],[89.83068610711634,26.392748846268788],[89.8358387758292,26.4113921856409],[89.8580194141903,26.411325867760887],[89.85043280791369,26.419822117956194],[89.87323532781521,26.45132478807333],[89.85557059251018,26.49244173085108],[89.86599075679733,26.57677350048574],[89.882602189702,26.5833931071869],[89.87842155358264,26.615533794785332],[89.85825113236929,26.623377996697016],[89.87693426806936,26.648506215681785],[89.86285531179665,26.737151835561587],[89.96676435525497,26.723523918295488],[90.139637087882,26.75361272530944],[90.19440242422446,26.77335689113677],[90.18748388286684,26.806882508553667],[90.23038100113641,26.858932921096688],[90.30010084943017,26.848259490236085],[90.34776621681709,26.87537129591887],[90.35647750212163,26.900732367235573],[90.41732011148615,26.904651667035203],[90.54647592561518,26.816774894706477],[90.63425819218092,26.79393742543507],[90.64647900761719,26.77662933979136],[90.67592429487615,26.784171347640246],[90.7171387416023,26.768311997435102],[90.99164690358211,26.790789763836937],[91.05390720989472,26.781023832955977],[91.09753280068692,26.82201869518477],[91.23677608841753,26.812055212867175],[91.33710103526052,26.78095117111234],[91.37587660408101,26.795335350876755],[91.40765639322993,26.83973366868515],[91.49495037965794,26.791344980151457],[91.62539254933796,26.820982058357174],[91.68975897841393,26.80657863247031],[91.82398898598308,26.864292543189087],[91.85911945743852,26.913330937546217],[91.8919958867379,26.91913815177867],[91.98334162445627,26.85830506701357],[92.05659098475596,26.847547526309732],[92.10250286743157,26.86729150664101],[92.11811391649573,26.974372924842065],[92.07947942363398,27.017745977786],[92.08123712308345,27.041285702083677],[92.0441240696647,27.051362379126925],[92.02313361936017,27.10955191988358],[92.03580448106102,27.134911417290063],[92.02672187082996,27.168278959632996],[92.05837835824774,27.190309454057147],[92.07257126988473,27.233105977638445],[92.03800245184176,27.258421995222392],[92.06753311939757,27.27715051955799],[92.10347304493652,27.26866492969573],[92.12497536642621,27.282018260819747],[92.06458382131211,27.32697937067125],[92.04253527257033,27.43522904085552],[92.02680183543667,27.440116890418405],[92.01141414744501,27.47976500590232],[91.9436443817556,27.459736307920064],[91.84860474575954,27.48645629021418],[91.82525392169114,27.467852776479198],[91.76697175978433,27.464755438454453],[91.7146231794204,27.47453934786992],[91.6950591565077,27.50532766515449],[91.65245214446915,27.483041272070007],[91.61194595544931,27.541176968975282],[91.58215060587534,27.556764847980354],[91.56631485651846,27.583060350466397],[91.58437425243453,27.608222539207468],[91.56253685339844,27.629870175268568],[91.57282955855734,27.660301146680602],[91.6288506205988,27.70006159],[91.64506763291634,27.769448995006137],[91.62672684818634,27.812311778636516],[91.60755305983055,27.823890520866325],[91.57629788749838,27.811863636725118],[91.55429151527065,27.854100783264663],[91.57145676053975,27.84971479475379],[91.57642167097947,27.864365642101777],[91.66317784145718,27.852953236691523],[91.7098311223525,27.807973329334466],[91.76130681976304,27.79995771691108],[91.8206756644676,27.815961003373104],[91.86218545554775,27.73968976766456],[91.92770463826866,27.72259423000509],[91.99352554422784,27.77118232528395],[92.05142792208207,27.763932939428038],[92.21866064280574,27.869514902493265],[92.27754015082851,27.86909254910912],[92.31277332029154,27.788488548293163],[92.38510007051629,27.800629717880394],[92.38976450873815,27.821429639931058],[92.41629557808216,27.830554671250034],[92.45626967251434,27.814119836007947],[92.50335717683846,27.853950617305685],[92.55621080874842,27.824364230752046],[92.61531446413153,27.894538160142545],[92.65771088711628,27.901902981301966],[92.74243231900242,27.992586965549275],[92.72070916901953,28.030505160163738],[92.66653978352966,28.06375308361908],[92.68794854480326,28.127397964685606],[92.81476538357175,28.211043155019347],[92.83609885307905,28.179097132576402],[92.89688002074784,28.205152751615547],[92.92284213071036,28.24000035958752],[92.96270561451189,28.258557300964725],[92.99729842311378,28.229427663783813],[93.02826955155791,28.26869427262387],[93.02234264697577,28.31038581804145],[93.2179575300804,28.32608133141297],[93.22422235155346,28.40549887636326],[93.18045103919886,28.434875104547714],[93.27773551144107,28.50130910593428],[93.30162074988338,28.598951558357474],[93.32492011739481,28.60917856645409],[93.3333633349958,28.639083854821923],[93.40601092285594,28.651284174606943],[93.44597333167727,28.674722212668513],[93.47049553464629,28.65265349713736],[93.49614673850351,28.685966640863914],[93.52241007423179,28.659071285798646],[93.61944740957078,28.653387967190657],[93.7398767474803,28.684553166586028],[93.78414477790712,28.66336476980646],[93.85060106460006,28.70703601325928],[93.93562864647934,28.66610579820589],[93.96176148002458,28.69359580332564],[93.97295441347629,28.74321811004454],[94.01030081340697,28.772785817015777],[93.98670429276758,28.803755464120524],[94.0072433131687,28.8406996398347],[94.16445814600677,28.957456726626827],[94.1860623790092,29.028730159877295],[94.22410190334222,29.087829588294383],[94.29306310620964,29.14491610470181],[94.36249076890272,29.1526046809338],[94.3748772865263,29.184952785893095],[94.43812228974906,29.223193496266283],[94.55071098226378,29.220750761196978],[94.63097645589865,29.34123641480101],[94.74130213199754,29.274736897480608],[94.79300858572822,29.21529829190006],[94.80412874563517,29.162405321874427],[94.87866855780072,29.175025220656998],[94.91577890659542,29.15207269251832],[94.95840574227975,29.15638999952483],[95.02244648076966,29.13394267865287],[94.97528041235928,29.156543243757227],[94.9798191292919,29.173347102792487],[94.99276775375724,29.1707640154887],[95.09505459661388,29.139594063138137],[95.10637501350074,29.118905374349648],[95.2417205557501,29.110615035160038],[95.24201768088962,29.063550795722577],[95.260070410483,29.054075352879018],[95.28792169396317,29.062641776031146],[95.41065362346271,29.030516136436272],[95.44029687349655,29.036600408488177],[95.4664544308895,29.066455899561674],[95.4809898334563,29.14307413127326],[95.5307171369708,29.130485188699538],[95.52693259966027,29.215656528540507],[95.5722022698557,29.222806301268555],[95.58302965190188,29.260614486549898],[95.61926347814459,29.249698547076576],[95.77688063150623,29.36165236470927],[95.78212686338146,29.34138800791734],[95.83098907559288,29.35882956687454],[95.86174617582857,29.39511832891928],[95.94180874978748,29.387651264562713],[96.04275269973337,29.460734810729946],[96.0812479808279,29.461081618374802],[96.14056856357827,29.402050067400143],[96.17649964390007,29.34515355696125],[96.17991903223516,29.307510527518392],[96.23548460183518,29.241891998627622],[96.28956722235974,29.244634179799405],[96.35430451865186,29.292053315175327],[96.3790756889715,29.267105417661906],[96.34201237394626,29.178382369414315],[96.24495311632433,29.16576349470476],[96.21051508024887,29.148092034770222],[96.1735918207083,29.09921750606207],[96.10205941642506,29.07899494675355],[96.14093220438355,29.058280072095748],[96.17147461989755,28.99919127964732],[96.17179659083445,28.969786740831136],[96.14229197652607,28.95667264858413],[96.13489786517611,28.93523304317741],[96.1608718851156,28.897834156733524],[96.22017167674264,28.929772880268107],[96.32690615659925,29.028018358074767],[96.42314199286662,29.037510215589798],[96.5135847970366,29.073958310943723],[96.46467360339757,28.983135330732956],[96.48122222856531,28.958515722209658],[96.50938421227484,28.96636532807664],[96.52608511634801,28.882460508237994],[96.60898542464953,28.77983230495988],[96.57930701206702,28.71158983696694],[96.46690126020889,28.675184356764618],[96.48735636117254,28.63890870714417],[96.47447068596391,28.621782087406125],[96.42484440952391,28.582108083006368],[96.4020291957127,28.580945508852015],[96.40001364981771,28.559277183867014],[96.34475466414573,28.554007608602813],[96.3185779942156,28.52596151765572],[96.36208100760709,28.480343879178925],[96.25340629671388,28.40705241879342],[96.31667737473677,28.37756769624091],[96.36258106530954,28.386356722811122],[96.39547785106303,28.335916705583706],[96.41737817782955,28.34094419106983],[96.45712775786227,28.41381567179051],[96.50537920962368,28.41098100418652],[96.57074762308079,28.452324111008323],[96.64113604634731,28.45778532350863],[96.74084618062115,28.413813016107756],[96.77028998703568,28.367028647890365],[96.83453698181394,28.36071996104941],[96.88967062771505,28.37848562107185],[96.92584325957968,28.336852247445282],[96.98761189171978,28.303325287710997],[97.07530583780978,28.3496142358331],[97.10569414131288,28.34695836968377],[97.17110345370361,28.28566898746435],[97.29526129572163,28.261877631665367],[97.40104241134014,28.192250110622545],[97.40280865768665,28.181873676569065],[97.36384640607834,28.189089454755617],[97.32790054364752,28.150209830156594],[97.34724292952689,28.110487091317676],[97.31043207962631,28.074516574100087],[97.32577652188922,28.052698394267754],[97.37748107367398,28.05992557858748],[97.37568260055667,28.04015611670941],[97.41289651394189,28.01483654110685],[97.37297955229583,27.968028880163146],[97.37359001647337,27.880177072130905],[97.30899593841181,27.91499112912371],[97.24902118824093,27.899297119434152],[97.10399842806602,27.76974868965983],[97.09384709087765,27.740088464883634],[97.03616235518108,27.742387048815825],[96.9830568733355,27.664282154319416],[96.94172480817595,27.66074069591543],[96.89674609325819,27.609260982492895],[96.89671205585688,27.5815037018527],[96.9122311484188,27.580533171476855],[96.91300766723951,27.54388252843282],[96.92982282316252,27.52418227529232],[96.90324408158976,27.452726053144215],[96.96230620468135,27.401649120398627],[96.96417388523624,27.37024629402115],[96.99810643926932,27.318978624759218],[97.02969075767813,27.30560923740942],[97.12451448110177,27.174282239397535],[97.16385422420481,27.14223981284054],[97.14201144412573,27.094885967926864],[97.10183541487214,27.10828955640673],[97.06343882196555,27.091454844554733],[96.98536325026241,27.153873884510023],[96.87441286238635,27.180682462783984],[96.85480790275791,27.21003286087064],[96.88523367316888,27.22646760107561],[96.88360786922354,27.259892719399275],[96.84692662662266,27.272150898654257],[96.84806886576234,27.290144358487286],[96.79646809039608,27.34574293441674],[96.70351999703115,27.372131646902673],[96.69768871144052,27.357672734208997],[96.60611997343378,27.365806876307985],[96.5951507425614,27.333838538523207],[96.5512196160263,27.318456442390655],[96.52385143408779,27.28654589137324],[96.45715401778936,27.306493495700547],[96.37707972971259,27.285005761107154],[96.29882679467167,27.292847464912178],[96.27069965895741,27.271481129084282],[96.23094652279256,27.27621566442038],[96.09101186001028,27.223462099738803],[96.03157776608064,27.186016528989573],[95.94560370585536,27.051504217937183],[95.86948134195963,27.012549288698274],[95.80333170152515,27.015458903798628],[95.760295627591,26.96372476224867],[95.74485984530365,26.897317483496305],[95.71617975744613,26.87845963625319],[95.66699781881573,26.902862264682305],[95.6318315864818,26.87345294937917],[95.60336022675838,26.81161074148128],[95.53831138032864,26.83190268148032],[95.50829343089634,26.809477220320538],[95.48275926471744,26.747053400094405],[95.4590914112844,26.743884731595717],[95.43138003311854,26.700698097796877],[95.33578689297423,26.674483126582857],[95.30288644246328,26.650822626854627],[95.25900649617522,26.65553218228799],[95.25680454713688,26.676564010071775],[95.23348355900814,26.682387455364136],[95.20774370290398,26.647959120147462],[95.14930498799126,26.61613569909321],[95.15439772505515,26.583421805761542],[95.10711941695469,26.54033004945258],[95.11435476436586,26.518081947767165],[95.06168753166304,26.45020970278913],[95.08423301969502,26.447367365633433],[95.10370787339073,26.420835223813334],[95.09975750901863,26.395268930657956],[95.13208115154417,26.378230717409394],[95.12727061494489,26.25394534226096],[95.11462101453897,26.233028169534002],[95.14217464574982,26.212368524539002],[95.12183805173161,26.184372780710557],[95.1180557407157,26.101037242753943],[95.18562701304285,26.073588705205438],[95.12588403675922,25.985924714316543],[95.01150083393553,25.898115045093203],[95.00898490348362,25.866967492737615],[95.04983595862754,25.80057032312168],[95.04081352000406,25.74231776691241],[95.00301011198724,25.72917497540797],[94.93544324677636,25.667357019213405],[94.91403050758862,25.607116436185922],[94.88161672919709,25.591929909777882],[94.89847136145396,25.567598137438598],[94.84480662312015,25.561115457980996],[94.8061282413403,25.492060511420675],[94.78432451420431,25.481137935591104],[94.7515397322053,25.494236250864816],[94.71771931340413,25.46931295886065],[94.68337617494349,25.466453563184963],[94.67063131668408,25.41890542232037],[94.63502019904342,25.395454050407103],[94.63484965269589,25.358031951017317],[94.59361580032396,25.286012901767826],[94.57679765282262,25.21302479233858],[94.60554144199061,25.181815572577673],[94.62004015010531,25.18685003127011],[94.7411069749677,25.126387907025812],[94.74408855871184,25.03757751660644],[94.69673089403797,24.968475048781844],[94.71353083815833,24.936193223906514],[94.6322163812761,24.839483746222864],[94.61836634174989,24.780581106739948],[94.62840845591039,24.755443346683947],[94.60583356934275,24.714616496439646],[94.58495615728762,24.705557385212554],[94.57877010250807,24.721289390073267],[94.54150417781452,24.705284994405826],[94.53956905286665,24.643905273438804],[94.50848559396564,24.594119790325177],[94.45403199767081,24.565772733604657],[94.4260787151342,24.481769201259272],[94.39852089009635,24.482461550022673],[94.40858866474305,24.440069954266008],[94.39533654069211,24.409883767354398],[94.36115530306094,24.394666908952413],[94.37876864242462,24.379798746657983],[94.35018793928057,24.334673166518787],[94.32211820007355,24.32918036383926],[94.3220985697234,24.27742309718548],[94.29165224940115,24.233199560383976],[94.2761419587082,24.173172654553266],[94.26005646105793,24.16544109150952],[94.24677170358447,24.067599266331793],[94.2279436434615,24.056533485494583],[94.23743852752223,24.035476272384123],[94.19156902450477,23.936479680539897],[94.16982073537945,23.92851087753499],[94.15677699838614,23.84826228709462],[94.1268420488175,23.833520064432108],[94.09619853386653,23.889279319530864],[94.05371428690621,23.888790054497548],[94.0193978539513,23.925634237795354],[93.960546376062,23.92836175302712],[93.93047315278241,23.94996260009648],[93.80760511843293,23.92669529056665],[93.7468359061272,24.002753235066724],[93.74683343167138,24.0311162422805],[93.74419766674765,24.00277890214767],[93.62345931974912,24.011078985841877],[93.59214615448884,23.960683030352715],[93.55996812121685,23.9821601616884],[93.55042851279352,23.959439382221387],[93.50567739700075,23.942358914013585],[93.4618185931035,23.97616172704802],[93.41649627980414,24.07138103047644],[93.34881275048994,24.10450639270731],[93.35313030564711,24.090764540401555],[93.33072379906135,24.084723245477207],[93.33730496159752,23.975105695433264],[93.3656459461261,23.934122168703684],[93.39524865026252,23.923858329738543],[93.38517821979893,23.847786362713247],[93.40375100693012,23.80664560129264],[93.39186699474875,23.756241068153113],[93.41007681184063,23.70374838750129],[93.4358811113537,23.686837956133566],[93.41803422343746,23.645924256180738],[93.4179897347313,23.54171726813104],[93.39460340791277,23.50406871813957],[93.40135476772464,23.383485287380584],[93.38803519927922,23.35942731441037],[93.3565049578793,23.353145573218594],[93.38687515336451,23.215403633114352],[93.36786595027715,23.14595249091514],[93.3865606550999,23.143671615445385],[93.34280104315071,23.086373479186953],[93.34140180496502,23.057542274360326],[93.29470207534109,23.007154192288713],[93.22914953752753,23.011792442013146],[93.18628611550024,23.058823144035767],[93.15526647764311,23.043692392102926],[93.13553307244942,23.060593730030792],[93.12677042455152,23.044258651345473],[93.12225348074355,23.006490944473104],[93.1628022444967,22.909675738643475],[93.12995763083526,22.90503754425473],[93.1102760703997,22.818626934961493],[93.09444496845389,22.806835222155264],[93.10701418454029,22.753956598761608],[93.0956334145341,22.671953795217853],[93.14027680410479,22.59234727477546],[93.10655863787933,22.52761253862083],[93.1280998312268,22.519995616737372],[93.13869413232163,22.454724607311835],[93.16382247747902,22.450865338752603],[93.18568615638817,22.424986713412157],[93.20218049726736,22.26471688665428],[93.17825327187404,22.246641486218685],[93.14201318763425,22.245893231130196],[93.16083443173535,22.198628635503873],[93.15361601116504,22.17840965869511],[93.12339251920558,22.174139461650018],[93.11120514801968,22.204306111636612],[93.04286490969318,22.199628111224808],[93.0371649885832,22.144753214500398],[93.05918753596256,22.101718343196165],[93.00475438046504,22.104733323470615],[92.9945681894159,22.039683903776265],[93.0075076350226,21.982871728808878],[92.98156496716173,21.980482218799015],[92.95100654488282,22.029773197663655],[92.92665433801616,22.015781572770504],[92.93522346736272,22.006257008268],[92.90637988477319,21.94148299656881],[92.89154212922114,22.011066286902008],[92.86435069852779,22.024635239638844],[92.86277984554683,22.062897856424215],[92.83963544444337,22.06113386415836],[92.80995285349032,22.0962288696113],[92.77338967312755,22.107582069061674],[92.72763576945776,22.14849889512001],[92.69483212250742,22.153111785562903],[92.67968526002842,22.011482284009276],[92.65191625919401,22.01597207423864],[92.63485132227338,21.98356969256499],[92.60395389843075,21.976189087127324],[92.60055227488171,22.05831431274581],[92.56274444796323,22.128121477964743],[92.57942059558859,22.1431234673124],[92.60616480013705,22.124133123280973],[92.61088306382533,22.13884066729844],[92.55053779909932,22.422641715000214],[92.55098096502482,22.513836103534324],[92.5242002709278,22.56114981506095],[92.53833935032418,22.57546979706582],[92.52889864691976,22.664970460652004],[92.50814964392877,22.73684184913451],[92.4740154476953,22.746380288903875],[92.45035844978551,22.893016442942088],[92.43314874895997,22.886882595682486],[92.4207896248396,22.915931459073203],[92.40012809790801,22.912589698646272],[92.39769327355661,22.929671066606524],[92.37212565228559,22.936703459739007],[92.3923569028057,23.056588146742808],[92.35855117842713,23.10746591164762],[92.35007349627931,23.23481155293422],[92.40159124401323,23.236622919487704],[92.3851884250713,23.30687081883138],[92.36427972755183,23.32326331469417],[92.3786424035294,23.362280962874507],[92.35608684087155,23.373006183407437],[92.35726863685302,23.411029691832454],[92.3187312204767,23.470640787685852],[92.30802297083902,23.57766445389349],[92.2730591663793,23.643349883354855],[92.28903516039253,23.701077961999292],[92.26667884406605,23.742511166799797],[92.26622125237985,23.73080447422885],[92.24314093458742,23.731002509131013],[92.22256034455104,23.652024398327335],[92.20604616815315,23.661016002113964],[92.20569936841625,23.70139383467521],[92.17657760846387,23.70863812751977],[92.1694484813022,23.739743552212854],[92.14456748222669,23.734036750700305],[92.10040113635478,23.67736964583939],[92.08337449443762,23.680561601105932],[92.07947127807381,23.649060478934953],[92.063271699246,23.645321284951695],[92.00000744430257,23.670471438170296],[91.97701036445652,23.7333047534251],[91.95096970251518,23.726363574401375],[91.95533724202694,23.694670045117952],[91.93415833492395,23.684622038655412],[91.97019137096221,23.478243630801227],[91.93659021639694,23.466592054219927],[91.94274972849614,23.43526517694199],[91.90041736371093,23.440381775829096],[91.84513277474069,23.40460368028574],[91.8259432548197,23.35381252066874],[91.76311462189076,23.302599272161505],[91.81758708922086,23.10125526503159],[91.8358886583151,23.093465497997016],[91.80618755414285,23.06310389866233],[91.77559359951326,23.069725476137936],[91.78043035136231,23.028352887534222],[91.76826741007409,23.03853471564817],[91.71252499843014,22.982322511485343],[91.64532091822878,22.983110322882702],[91.61690067113452,22.93858676244907],[91.59896913175676,22.956794869934708],[91.60553745587681,22.97134329400772],[91.57954765337581,22.96666798409214],[91.54255996121097,22.999360806635405],[91.55044252820007,23.03826020335823],[91.5305151794903,23.038207425824783],[91.53002678082362,23.091433067352092],[91.50321543457372,23.13039930823646],[91.51546578387139,23.144591833638],[91.49105103825303,23.15777915842169],[91.50760463531941,23.18351282583922],[91.47084963364395,23.196739622668648],[91.48455156269229,23.209100549094337],[91.45065461184232,23.219204404717217],[91.470343756377,23.227625973209985],[91.4445644494739,23.245740928070845],[91.45422717622901,23.260030963242748],[91.41558450482033,23.26093894219331],[91.41143628222028,23.28364963827623],[91.37985452047027,23.18461443008883],[91.4173579060372,23.064330956031558],[91.39578889525895,23.055941527841753],[91.34679584179584,23.10211057967791],[91.32330542240369,23.157984540594782],[91.32659443614143,23.252243975095467],[91.30068102782131,23.29253322651596],[91.31346222776287,23.3064508567313],[91.28994862798238,23.318553522150342],[91.32007626764644,23.360065706155897],[91.29140237744093,23.350790965538412],[91.24924243813857,23.490307591147502],[91.200900051339,23.520338969023623],[91.20804717467209,23.543043635213433],[91.15970634810111,23.61147808608688],[91.15650676809337,23.669639732176115],[91.19940463475155,23.64670501522637],[91.20688823634605,23.68495462047113],[91.15438623256419,23.688512795798207],[91.15884913773316,23.741744721417355],[91.22066106282628,23.74120683182485],[91.22643650756163,23.79097608471151],[91.25417429174006,23.838020685682967],[91.2298943034287,23.880710691305257],[91.24614040293277,23.913726847188965],[91.23564441156101,23.92767788848291],[91.27606131964053,23.922602008735183],[91.26427913924311,23.944296524483942],[91.28467897274443,23.982093339545752],[91.29974104876612,23.972225818890443],[91.30237693713674,23.99552064535383],[91.37926621534194,23.97526510029548],[91.37294750258226,24.002996610199496],[91.39661346758803,24.04956962636674],[91.37448811597501,24.106068743609157],[91.59123881756385,24.074858990568597],[91.59919307607741,24.097104101929883],[91.63846572779123,24.10452326615792],[91.63456488371502,24.137949377936586],[91.65961402026865,24.19083764010677],[91.64758578215478,24.215865599835475],[91.66098450719636,24.229325673506526],[91.68475277785296,24.165771886215545],[91.7595869689804,24.142411784519965],[91.74505991687485,24.24688598046755],[91.816546017674,24.20996907692284],[91.84490367354034,24.22598237663832],[91.85521290266058,24.212685206255387],[91.84545582448992,24.19139719491945],[91.89990312988849,24.137088176369385],[91.94102119814951,24.268180472254684],[91.92164858018069,24.335854540136562],[91.95879927315931,24.35535380547253],[91.99590961771794,24.322191640930672],[91.96954168703927,24.384123931674896],[92.0002944310889,24.391955791214937],[92.09065487068527,24.372117051099984],[92.12170230926569,24.382540008237175],[92.13887213564777,24.42543721372083],[92.1640545397624,24.419822856905114],[92.15558441178123,24.51861536744276],[92.16972499177034,24.531608260553686],[92.21279658062033,24.504019876236462],[92.22375678011747,24.517528210551323],[92.24706278811972,24.654913686563496],[92.2954916590145,24.736758855296088],[92.28123863402121,24.742382314387324],[92.28848883806631,24.788317012752692],[92.27278195108346,24.82757361904429],[92.24247395460492,24.840585865866064],[92.23556754689207,24.903002803680124],[92.29851812438373,24.91616611780134],[92.40140021937228,24.848975090218673],[92.43880794155834,24.856417486440154],[92.44204559189521,24.870576255384222],[92.48787333853878,24.871434888052153],[92.48786240754613,24.944211883801483],[92.44837924544665,24.939699128659477],[92.46813145071125,24.963165861197897],[92.41955521184663,24.967663037583154],[92.42542504112423,25.029551885044814],[92.34191177347995,25.04878457975067],[92.34855354235201,25.073491425795243],[92.33288428741776,25.078878193153404],[92.29959702460168,25.071677176381325],[92.1961682270831,25.108031383683745],[92.21300535410003,25.12096481243885],[92.18929568443858,25.136256562268077],[92.18392811620946,25.11792107299434],[92.15959222659434,25.12660327840775],[92.136226568047,25.139742151294406],[92.13288205421418,25.16014712199214],[92.07385106064169,25.184948240765294],[92.00376164951365,25.186163824636868],[91.97166901939435,25.16758094727261],[91.9131643096455,25.181137483547875],[91.77578472466618,25.16315752625356],[91.75449542141324,25.177174994549404],[91.73771042612748,25.142406280695926],[91.7083363146812,25.159090148564683],[91.69380016957761,25.139524518441274],[91.63791423582313,25.122544536187988],[91.62138954919214,25.143470648473233],[91.60376509776047,25.140181004114197],[91.60944676533174,25.177016959794056],[91.57705817536358,25.171962729947],[91.55602410951384,25.14971578614561],[91.46422820825346,25.134810809168442],[91.4686310405879,25.15179403987149],[91.29248082991623,25.183803067250228],[91.26801341807902,25.207244053152966],[91.07447322973982,25.19858458381724],[90.86129164450044,25.157799920765843],[90.78099353827851,25.183209532616477],[90.73327645800988,25.154911423398463],[90.7147741679824,25.167570233983525],[90.69900235652482,25.156831737170435],[90.66569747432686,25.16767575354967],[90.6631905806027,25.191014119283427],[90.62709912976186,25.173173129754602],[90.50941729574025,25.175366158363854],[90.44107645432084,25.14450844765656],[90.37045908269828,25.16284026354885],[90.3302389001293,25.193815951310732],[90.11811361702703,25.223456688065625],[90.05451780386814,25.261363753955322],[89.9807618963201,25.2808521860646],[89.96665478793531,25.303693519489727],[89.94694733148958,25.294719222475628],[89.90916127919635,25.308101548623647],[89.8900908642856,25.291962707917886]],[[89.84530553207878,25.79185811201053],[89.84299338064093,25.791435612615075],[89.84354076919769,25.791510237666472],[89.84530553207878,25.79185811201053]],[[89.84530553208093,25.79185811201092],[89.84530553208089,25.79185811201091],[89.84530553208107,25.791858112010896],[89.84530553208093,25.79185811201092]],[[89.85670776604685,25.788701460538945],[89.85923051226382,25.78785297161695],[89.85309802310098,25.79045163421898],[89.85670776604685,25.788701460538945]],[[89.86114963744923,25.788167966130853],[89.86240597509628,25.789031358746126],[89.85923051226382,25.78785297161695],[89.86114963744923,25.788167966130853]],[[89.86583613642603,25.787262517227603],[89.87214922911073,25.78441442584284],[89.87711171253324,25.783506035822143],[89.86583613642603,25.787262517227603]],[[89.88084673116497,25.78297099652757],[89.88222396887079,25.782777287234644],[89.88586424741864,25.78259118525787],[89.88084673116497,25.78297099652757]],[[89.89370301956465,25.789670955616586],[89.89598842305097,25.79073453153213],[89.89633422755486,25.791962288616627],[89.89370301956465,25.789670955616586]],[[89.90054021034861,25.794262914287117],[89.90387100001743,25.795826141397782],[89.89843256360682,25.793274019876353],[89.90054021034861,25.794262914287117]],[[89.91075612342597,25.805418105221673],[89.91343588156533,25.80620850474842],[89.90904594504977,25.804957339785236],[89.91075612342597,25.805418105221673]],[[89.92378339848653,25.813020736088856],[89.92499865871656,25.813898896858507],[89.92253869823438,25.812262779476335],[89.92378339848653,25.813020736088856]],[[89.92811368404993,25.81597069725155],[89.93003240840119,25.814535957681873],[89.93003240840154,25.814535957681965],[89.92811368405017,25.815970697251707],[89.92811368404993,25.81597069725155]],[[89.94192353016054,25.816304984062338],[89.93957107114787,25.815955011861522],[89.94007643550093,25.81594388124506],[89.94192353016054,25.816304984062338]],[[89.94192353016054,25.816304984062338],[89.94861323890746,25.82049130041726],[89.9490732702752,25.822861450079632],[89.94192353016054,25.816304984062338]],[[89.9490732702752,25.822861450079632],[89.9491559310811,25.82330384773625],[89.94826314072533,25.82547451132146],[89.9490732702752,25.822861450079632]],[[90.02496612060062,25.89608895962259],[90.02098986281116,25.896812791175464],[90.02449547128396,25.896028294304404],[90.02496612060062,25.89608895962259]],[[89.95200634307339,25.8274085068347],[89.95300358502885,25.82732180098009],[89.9556510279884,25.834669394491435],[89.95200634307339,25.8274085068347]],[[89.95565102798855,25.834669394491748],[89.95565102798854,25.834669394491723],[89.96032467232745,25.83865868169913],[89.95565102798855,25.834669394491748]],[[90.00135463208275,25.923979484930356],[90.00135463208282,25.923979484930356],[89.99810217191965,25.92972109464539],[90.00135463208275,25.923979484930356]],[[90.1193909891296,25.958175111969904],[90.11814899664192,25.960192263083268],[90.1184437775733,25.957849965327924],[90.1193909891296,25.958175111969904]],[[89.90521991795485,26.32680639780097],[89.90521991795485,26.32680639780098],[89.89874716221837,26.324195923091228],[89.90521991795485,26.32680639780097]],[[89.8744885296514,26.247643112037547],[89.87448852965139,26.24764311203757],[89.86997807174937,26.24447384392599],[89.8744885296514,26.247643112037547]],[[89.8671142015853,26.239583854610313],[89.85835408884653,26.23843406617157],[89.86770648851176,26.24164554865296],[89.8671142015853,26.239583854610313]],[[89.86876522152684,26.1891426768206],[89.86486701267025,26.185863145692085],[89.86486701267029,26.185863145692053],[89.86876522152684,26.1891426768206]],[[89.91096049181743,26.114592508870068],[89.91868789656421,26.1189982192411],[89.90368438582948,26.119342601379888],[89.91096049181743,26.114592508870068]],[[89.93592245687474,26.11844333451009],[89.9400493656976,26.129530345625426],[89.92405120303958,26.115064110907927],[89.93592245687474,26.11844333451009]],[[90.0298190630646,26.138972907200714],[90.00951106094062,26.12651898217425],[90.03333208109132,26.1442457267965],[90.0298190630646,26.138972907200714]],[[90.06820558414526,26.175076125060183],[90.05252787548848,26.155541614416666],[90.03740825396731,26.14803772980514],[90.05252787548855,26.155541614416627],[90.06820558414526,26.175076125060183]],[[90.08485660259394,26.18222536242683],[90.08721450199148,26.18618543801551],[90.07398270772659,26.174994344206045],[90.08485660259394,26.18222536242683]],[[90.10130697334608,26.18496128167367],[90.11284080578001,26.191522002196812],[90.1124560013042,26.196557691843672],[90.11284080577994,26.191522002196848],[90.10130697334608,26.18496128167367]],[[90.13164378158412,26.19862304734657],[90.12559380078746,26.195731503871905],[90.12559380078748,26.19573150387188],[90.13164378158412,26.19862304734657]],[[90.15202847878476,26.20895058281999],[90.15201245607334,26.21652919914936],[90.1427668999357,26.203014633916382],[90.15202847878476,26.20895058281999]],[[90.14606443971203,26.21980722380175],[90.14606443971199,26.219807223801702],[90.15201245607334,26.21652919914936],[90.14606443971203,26.21980722380175]],[[90.13560348075067,26.229522680414316],[90.11570920655436,26.249685835772432],[90.12175346307991,26.2363314541707],[90.13560348075059,26.229522680414316],[90.13484903641572,26.220075760648314],[90.13621324360516,26.215685202892253],[90.13560348075067,26.229522680414316]],[[90.11570920655436,26.249685835772432],[90.10395556621047,26.25084840338691],[90.10146336239292,26.257840902529978],[90.11570920655436,26.249685835772432]],[[90.0977131282894,26.2655907384771],[90.09771312828947,26.265590738477062],[90.10081597566564,26.26769201960577],[90.0977131282894,26.2655907384771]],[[90.12051136894254,26.265770356875482],[90.1192706450875,26.259403372934194],[90.12051136894269,26.26577035687546],[90.12051136894254,26.265770356875482]],[[90.14306732654106,26.28998750849209],[90.14306732654097,26.28998750849209],[90.14130351891608,26.27959819237291],[90.14306732654106,26.28998750849209]],[[90.12348305378653,26.285134999475183],[90.12348305378663,26.285134999475257],[90.11953604158978,26.292255761707764],[90.12348305378653,26.285134999475183]],[[90.11806973584365,26.30842238802948],[90.12518495656848,26.298389108253144],[90.1244579444717,26.303451526450974],[90.11806973584365,26.30842238802948]],[[90.10917312575634,26.313692263831832],[90.11558495319554,26.309019549986427],[90.10917312575648,26.313692263831857],[90.10917312575634,26.313692263831832]],[[90.17407144980167,26.341815674558283],[90.17044603156273,26.34594224592646],[90.17407144980164,26.341815674558266],[90.17407144980167,26.341815674558283]],[[90.20531841412836,26.374514732454088],[90.20531841412843,26.374514732454088],[90.22649970562985,26.38592750569657],[90.20531841412836,26.374514732454088]],[[90.22545855052192,26.351113367873463],[90.21811615660654,26.347846873955373],[90.22545855052198,26.351113367873413],[90.22545855052192,26.351113367873463]],[[90.22791449633421,26.348716575745648],[90.22537347315782,26.343432469413205],[90.22611353782588,26.350474156533355],[90.22791449633421,26.348716575745648]],[[90.27194194829393,26.272045501238757],[90.27602208483596,26.281727846519527],[90.27194194829393,26.27204550123879],[90.27194194829393,26.272045501238757]],[[90.27228088269541,26.267250940298766],[90.25861302263455,26.272951901789643],[90.27228088269541,26.267250940298734],[90.27228088269541,26.267250940298766]],[[90.28794996836912,26.252100185497007],[90.27258755901546,26.25258728118595],[90.2879499683691,26.252100185496985],[90.28794996836912,26.252100185497007]],[[90.29382079663566,26.239488050239288],[90.30885814265503,26.24468931448967],[90.2843839860586,26.238913370227355],[90.29382079663566,26.239488050239288]],[[90.30339936931698,26.257475311075563],[90.3052339105653,26.260331389314022],[90.30482865492537,26.250484371907852],[90.30339936931698,26.257475311075563]],[[90.32069043851861,26.27880841829563],[90.31827419990907,26.26869593287637],[90.32069043851871,26.278808418295622],[90.32069043851861,26.27880841829563]],[[90.35042611760854,26.284963231796414],[90.34637950076969,26.27570656202399],[90.35042611760859,26.28496323179637],[90.35042611760854,26.284963231796414]],[[90.38116830767143,26.26864327117598],[90.38288498831781,26.27230142009211],[90.37039110840011,26.266451750505585],[90.38116830767143,26.26864327117598]],[[90.37580134144449,26.286827085423727],[90.37641282242713,26.299276998705626],[90.37470075649824,26.29085533610928],[90.37580134144449,26.286827085423727]],[[90.40490115581423,26.320776387788094],[90.4040488313031,26.316017499526208],[90.40404883130319,26.316017499526232],[90.40490115581423,26.320776387788094]],[[90.4041789935604,26.333100365375444],[90.39990576189636,26.34116229698497],[90.40490115581423,26.320776387788094],[90.4041789935604,26.333100365375444]],[[90.39599191095618,26.34750977090203],[90.39404061402365,26.3545875833475],[90.39990576189636,26.34116229698497],[90.39599191095618,26.34750977090203]],[[90.40195909649258,26.36386976475029],[90.39757213774303,26.361786437277107],[90.40195909649266,26.363869764750287],[90.40195909649258,26.36386976475029]],[[90.4351429502623,26.358110307022613],[90.43804159790496,26.354575480535935],[90.43804159790496,26.354575480535974],[90.4351429502623,26.358110307022613]],[[90.47207417320398,26.334578600509257],[90.46480804913924,26.32933454284125],[90.47207417320398,26.334578600509246],[90.47207417320398,26.334578600509257]],[[90.4610095380046,26.27592081281528],[90.46100953800476,26.275920812815304],[90.45811260173093,26.2780660658523],[90.4610095380046,26.27592081281528]],[[90.37568713163061,26.18288517491538],[90.36899489591603,26.177216495831836],[90.37816332498913,26.20596041055284],[90.37568713163061,26.18288517491538]],[[90.36662523605014,26.17690919714668],[90.32069696414568,26.18626423246567],[90.29651904125427,26.18355163858445],[90.32069696414574,26.186264232465607],[90.36662523605014,26.17690919714668]],[[90.25698876087476,26.17300030728467],[90.24968976793332,26.149088486430983],[90.25698876087483,26.173000307284617],[90.29651904125427,26.18355163858445],[90.25698876087476,26.17300030728467]],[[90.14060166172128,25.974318715438894],[90.1330120976543,25.974174673500624],[90.14060166172128,25.974318715438855],[90.14060166172128,25.974318715438894]],[[90.17962419603734,26.000479417787194],[90.18750968842716,26.001391868834446],[90.18750968842714,26.00139186883448],[90.17962419603734,26.000479417787194]],[[90.18346476850893,26.00885029496329],[90.18346476850894,26.008850294963263],[90.19651201844749,26.022385920775978],[90.18346476850893,26.00885029496329]],[[90.18363701916654,26.050025195895866],[90.17186925662037,26.045523151046243],[90.18363701916653,26.05002519589582],[90.18363701916654,26.050025195895866]],[[90.17365751952488,26.1030460268108],[90.17365751952488,26.10304602681076],[90.17772973964573,26.10494972001206],[90.17365751952488,26.1030460268108]],[[90.19542937687591,26.127259058281645],[90.19542937687588,26.12725905828162],[90.21466572016179,26.127241617689894],[90.19542937687591,26.127259058281645]],[[93.9582780973266,25.989964204497827],[93.95825599285969,25.98985311378962],[93.9668243451614,25.99075266114207],[93.9582780973266,25.989964204497827]],[[93.96870637140967,25.957255897162195],[93.95417246265413,25.96936506341346],[93.96992569491977,25.937302276474135],[93.96870637140967,25.957255897162195]],[[93.97798660691438,25.92807158013123],[93.9781976419908,25.92391623029864],[93.96992569491977,25.937302276474135],[93.97798660691438,25.92807158013123]],[[93.9667042643261,25.905892095077142],[93.97055155488778,25.911729698394417],[93.96476346960141,25.904946851494277],[93.9667042643261,25.905892095077142]],[[93.93542470118375,25.8944450222929],[93.94485320655627,25.897168985722136],[93.9342527256229,25.885870273479494],[93.93542470118375,25.8944450222929]],[[93.91599580949418,25.883701268977422],[93.90194798616099,25.870846319481366],[93.9075059694263,25.872524091616636],[93.91599580949418,25.883701268977422]],[[93.8892848906115,25.857457298350447],[93.8890600243269,25.85644131873021],[93.88907692000602,25.856424271371974],[93.8892848906115,25.857457298350447]],[[93.90056932660815,25.81835805396811],[93.90056932660816,25.81835805396806],[93.90324684408513,25.817630615684948],[93.90056932660815,25.81835805396811]],[[94.02759645880815,25.97673896967541],[94.02608629959752,25.977326652241448],[94.02879511662778,25.972909757779803],[94.02759645880815,25.97673896967541]],[[94.02385887540794,25.920941029866533],[94.02438747475004,25.91816973006172],[94.02385887540794,25.92094102986654],[94.02385887540794,25.920941029866533]]],[[[80.05692674226962,25.546748849054143],[80.02363876669797,25.584090050040974],[80.05267650990609,25.569647895482863],[80.05692674226962,25.546748849054143]]],[[[79.96319916290962,26.153471011123933],[79.95760766768538,26.074446016053372],[80.10164358177789,26.058045282389298],[80.11101205743783,26.042196332254473],[80.08449435914265,25.997684756521284],[80.1930156319153,25.946188555933237],[80.20841892821667,25.922535879466594],[80.26606782193355,25.933895128942478],[80.3064386816928,25.889780824957484],[80.34578870300048,25.900030366076265],[80.35151287018803,25.870957169600803],[80.32871728804331,25.84367998892453],[80.29679183269302,25.846155202104747],[80.28537481624633,25.814903707004756],[80.2316907090672,25.799074764909857],[80.31979562078689,25.751108417383474],[80.3507350598067,25.703696918059926],[80.32354921017102,25.712307173206003],[80.30742370226177,25.700541559506384],[80.31836827649256,25.647401329193467],[80.27865444585372,25.626829734199106],[80.29382762737545,25.608793627011103],[80.27937012413102,25.584034010405677],[80.2548491720922,25.591864524620455],[80.23282607668942,25.558654397826913],[80.21725281733852,25.559587972753896],[80.20801456620754,25.52937835761061],[80.22440827134908,25.526624003936373],[80.2191276376352,25.513486610344557],[80.15129334905617,25.50863067730874],[80.14709539677675,25.53509372674494],[80.0880393727314,25.546256811609183],[80.07593777285604,25.587440453928693],[80.00925617885292,25.593791370924425],[80.00335978732953,25.616692070426815],[79.95358576053948,25.643244975685473],[79.94517914934724,25.58907975547317],[79.90916795676489,25.59706979284393],[79.87065163096277,25.57707018638047],[79.84118745424831,25.593358357110002],[79.84482587999479,25.60902918141981],[79.79895994319682,25.624782565475762],[79.77107742600666,25.58147721118148],[79.74736351492261,25.574094767732575],[79.70910321021516,25.592894046436232],[79.69939694488019,25.55035538831285],[79.65671303155706,25.550123061123976],[79.6660462497866,25.510042612608196],[79.64233038875247,25.508912173532863],[79.63997088438393,25.48495500757983],[79.61561011901817,25.48151175047152],[79.59524839965503,25.498714353040423],[79.56210294804697,25.47746359358848],[79.55966881875955,25.491580677016856],[79.5282771062631,25.482405640945345],[79.52277529645855,25.496700511301754],[79.48306664939341,25.490578211044948],[79.392942407667,25.519616974508835],[79.41117837984822,25.539021374965156],[79.39773607081445,25.564384983826596],[79.41982332687778,25.5752300202868],[79.38599399119911,25.57626115258711],[79.35526863207086,25.6438978651577],[79.4028014951116,25.6489333602186],[79.37829812523283,25.66377140902519],[79.38742865676325,25.683300138259174],[79.36884421443085,25.70096119779497],[79.39999683845664,25.737146899748602],[79.35867238353974,25.771382035030637],[79.39376408308594,25.775064457114237],[79.40260456573577,25.807820340840497],[79.4598511718779,25.78923953856293],[79.45930705283037,25.823247236079705],[79.49783013791743,25.857754907411113],[79.55111729193607,25.82159431363267],[79.57173283739041,25.853335930085986],[79.52391762626019,25.86589801893042],[79.52185772582116,25.88847619687414],[79.61076357962702,25.89716375677703],[79.6034887708937,25.92323104213299],[79.61460772614605,25.93210968633146],[79.65897703335975,25.90419190628121],[79.68639093020886,25.929619115855637],[79.70903733133896,25.90363883285547],[79.74849100207742,25.908905555100414],[79.78542516102635,25.863497383640187],[79.81378768034487,25.87625292617732],[79.8152104169214,25.91434046366528],[79.84004197360986,25.884507173748407],[79.87055640665699,25.882268153188583],[79.84981770030684,25.971198432492326],[79.87251294658857,25.971488038977977],[79.86068492140997,25.952819124441763],[79.87634482634604,25.948535449304014],[79.93144278901234,25.972751027344632],[79.9317849732485,25.998900016407795],[79.95440474964995,26.02335949048177],[79.9070981396088,26.013178202819553],[79.9163149768162,26.032108380060464],[79.94203255439739,26.033439056247943],[79.94428179494386,26.06076034656012],[79.91871472876112,26.09059747390379],[79.94055587674843,26.161881919998173],[79.96319916290962,26.153471011123933]]],[[[88.30229352830635,27.12929016931087],[88.19462679219929,27.13484988136002],[88.15634930873563,27.11000418286821],[88.1361041319902,27.11492112605086],[88.08884962083032,27.143263658798695],[88.07916613644116,27.20108729868906],[88.06363532982193,27.21463646374219],[88.01225196736294,27.216177072018365],[88.03193857318216,27.286462205210807],[88.06681868412343,27.335846988893586],[88.0417188867644,27.370358933566756],[88.05060318904027,27.4130562226488],[88.07330189408574,27.427829329051054],[88.0439987408234,27.47830124650942],[88.04654955034832,27.500994672145097],[88.08411038277102,27.588178361441216],[88.14457578383715,27.665426336108748],[88.15836684839537,27.740645223126908],[88.1782529816537,27.74625639867657],[88.19706617582854,27.791450810485138],[88.17347316516617,27.820666844739588],[88.20267689468584,27.83858264756302],[88.19509920310063,27.854610576238667],[88.13980214006826,27.87756938587019],[88.11926410958762,27.915783773793283],[88.1326514532125,27.950770155106834],[88.14485239784726,27.96443446495334],[88.20641140448902,27.94214280165306],[88.20926794191004,27.963264557393927],[88.23677178847674,27.971015705513775],[88.25338890898426,27.94465684408449],[88.3520330735928,27.98976200854322],[88.39907604210686,27.978077171646053],[88.41472896778642,27.999188402669905],[88.46762690400959,28.01668620663132],[88.49621992519856,28.05370848744641],[88.54520589243974,28.03373214783009],[88.55269301657998,28.081226875336682],[88.61935004761224,28.09799291930869],[88.60988793815848,28.128786819823965],[88.67191206519632,28.072297377197124],[88.76621841712289,28.07027408822571],[88.83597092940464,28.015174789743728],[88.83706926915809,27.930024302711203],[88.87044506092516,27.91666830795242],[88.88783960065808,27.85860387578958],[88.88070480148168,27.83033903692215],[88.8576612291022,27.81683676061015],[88.86503715722824,27.741891646419862],[88.83776552710066,27.705612361850623],[88.84822257484464,27.667659718723964],[88.81577402556653,27.64715264512235],[88.79111314940987,27.57633886468059],[88.76395174105123,27.564465072679333],[88.79218678339858,27.52991319327081],[88.77688125024878,27.468432880648173],[88.8061468351496,27.406939888624986],[88.83783065765515,27.378933352649213],[88.85953089405228,27.38517284756285],[88.88334669494417,27.342522199219715],[88.91977685296776,27.326906047062124],[88.90810608844953,27.278136884102942],[88.80351400470597,27.248106406137197],[88.78671457142289,27.18197540604312],[88.76435438748165,27.177042481672895],[88.73862480130656,27.135399560708514],[88.69153224844528,27.178392134828076],[88.65249610050716,27.16257530419877],[88.58503653181263,27.189980130926884],[88.52122219596737,27.17354700803948],[88.53203586366746,27.149821136818755],[88.43294659000125,27.079259570144398],[88.32488808904417,27.106367966292723],[88.30229352830635,27.12929016931087]]],[[[77.2432971106465,28.478819954386402],[77.23292011088765,28.457912107575645],[77.249301986177,28.42417953746669],[77.1744831497835,28.40466759121843],[77.11077756102489,28.471311989852943],[77.11856527359502,28.488052482857004],[77.14439685461232,28.48393220973812],[77.13418765090984,28.52403663377231],[77.15621373312689,28.521256472997074],[77.17488624456631,28.535932102971003],[77.16054794197585,28.545435113748226],[77.20587976327228,28.56207584255425],[77.2001596148475,28.58741053035149],[77.25606602150042,28.608668178711646],[77.34757046957236,28.519053514061188],[77.31410043304082,28.4836065646091],[77.29026575562727,28.49653527679802],[77.2432971106465,28.478819954386402]]],[[[77.09882581494045,28.601019861615608],[77.10452593147409,28.587205466193204],[77.05062938078493,28.558901582592863],[77.0889160206235,28.53852818769885],[77.09852771390412,28.511041906113817],[77.04624204733184,28.516704414675875],[77.00665308470721,28.541407168926415],[77.010221782477,28.514347323628144],[76.97810198073134,28.521322273065206],[76.95167256076839,28.504221142944107],[76.90792914614157,28.513807710369893],[76.88544051608999,28.50114096074686],[76.88712639771217,28.52057298231526],[76.83897942356842,28.573004307133417],[76.86788259821436,28.590625647148546],[76.8883336061183,28.631955727304153],[76.9345695625357,28.618354408855616],[76.94299476280091,28.62799745469972],[76.92496433415464,28.65014627472706],[76.95379990651587,28.667721799529108],[76.96774387668566,28.69953780371479],[76.94833696808804,28.71360859084436],[76.96006046935466,28.7327358782164],[76.94449006221866,28.754072741370795],[76.95101399691987,28.818183142572618],[76.99481415899382,28.8395094613713],[77.04023226319572,28.832063139706985],[77.08219067163914,28.882076747791068],[77.14047652307406,28.86185005880264],[77.14241375220017,28.838860828248812],[77.20991443763529,28.857715766417112],[77.22428330795671,28.826118844212026],[77.21896342105973,28.808238522535127],[77.20130183419374,28.812941432692895],[77.20779575207911,28.788141026691502],[77.17240805233348,28.77272604901007],[77.1766919147709,28.740487046417503],[77.22202807675507,28.716217761129148],[77.20075960371082,28.68591804871793],[77.16796283455781,28.683916456700665],[77.17665672695344,28.630103155438693],[77.12527326886386,28.6389403678147],[77.09882581494045,28.601019861615608]]],[[[77.34191425944232,28.607807808120896],[77.30319618775408,28.58383898470552],[77.27208157452004,28.650984251923738],[77.28915052772236,28.657860762182562],[77.3162804005638,28.641201426889562],[77.34191425944232,28.607807808120896]]],[[[77.2586816002812,28.670071479201233],[77.24199393164763,28.690765900979788],[77.24175360879728,28.743375665460583],[77.22232268503339,28.746941749632466],[77.21602710981867,28.785199452472554],[77.23414766775657,28.783718368914588],[77.22186807408269,28.777390784481778],[77.25637051032888,28.756193822449134],[77.25562940714863,28.738872335158867],[77.29076729431023,28.722384378139513],[77.29815431210037,28.695210138586475],[77.2720887300914,28.696952526921976],[77.2586816002812,28.670071479201233]]],[[[92.54256858399415,10.883934167045554],[92.59937965698454,10.705774901466917],[92.59741660739324,10.677787503400792],[92.57681793559794,10.672509463951332],[92.58138577647706,10.658505135639643],[92.54041681261522,10.61258520897187],[92.56926620767887,10.577371078660827],[92.51326433803604,10.510839200233644],[92.43075288951339,10.549609068713364],[92.38451635456954,10.533290682685449],[92.41915860017299,10.61503408666518],[92.39574887433439,10.666988782021619],[92.38136228975497,10.670280164115114],[92.37307326750772,10.782743272490944],[92.38217086658815,10.794650139454841],[92.40874283620295,10.787272585746862],[92.42477173358644,10.825865541932409],[92.4583284433503,10.843412228659588],[92.45450604694827,10.866864321148174],[92.49653435967423,10.89705251643059],[92.54256858399415,10.883934167045554]]],[[[92.6097671270579,10.927221981396288],[92.60880594800848,10.939449303444942],[92.62094604862914,10.926842722794584],[92.6097671270579,10.927221981396288]]],[[[92.22618775002914,10.984346845556601],[92.21655324340816,10.97242465044675],[92.20819222380946,10.979831761115246],[92.21493293943213,10.98496967364281],[92.22618775002914,10.984346845556601]]],[[[92.55659448238289,11.390109959603341],[92.55468231587288,11.397052851146414],[92.56265900562983,11.396806004747766],[92.55659448238289,11.390109959603341]]],[[[92.54192659337251,11.398175167442131],[92.54744038228301,11.390686283094748],[92.54188756184848,11.390436131414942],[92.54192659337251,11.398175167442131]]],[[[92.67352406077397,11.489589467661924],[92.68437858815057,11.432187400986946],[92.6354528896141,11.406137640530217],[92.68511705055988,11.392570312904356],[92.68855725241029,11.369637376629258],[92.63817158096239,11.34608364493152],[92.59040194190082,11.34908364020956],[92.586707447885,11.40132124100229],[92.62297656438619,11.40848850125558],[92.60946664772615,11.457927931962814],[92.63238079749182,11.515303261194124],[92.67352406077397,11.489589467661924]]],[[[92.61274600854323,11.51088420202011],[92.60964331692126,11.50236758852072],[92.60364357364443,11.50482185228481],[92.61274600854323,11.51088420202011]]],[[[92.55054980053905,11.537956766993275],[92.56781485302274,11.528544597082822],[92.56089606964481,11.516175459232432],[92.55054980053905,11.537956766993275]]],[[[92.60524121318299,11.533332003450774],[92.5965873266693,11.528865211448615],[92.59850254600427,11.537521927721873],[92.60524121318299,11.533332003450774]]],[[[92.60121043823959,11.553112895358895],[92.61929504170533,11.556653206477135],[92.61116364397033,11.532984308223888],[92.60121043823959,11.553112895358895]]],[[[92.59303906599536,11.574561297973927],[92.59680923492172,11.55700463477248],[92.59502351332941,11.535835464428267],[92.58280548120159,11.549042600963055],[92.59303906599536,11.574561297973927]]],[[[92.2613572198263,11.591242445208445],[92.26865449688971,11.522422530508948],[92.21096026346618,11.530256421701852],[92.21365281362583,11.59398832149326],[92.2613572198263,11.591242445208445]]],[[[92.61702059829575,11.58232888138704],[92.61433923401688,11.564238294854688],[92.59921945971777,11.569056123148627],[92.60091898310887,11.58567309848099],[92.61702059829575,11.58232888138704]]],[[[92.57028700983312,11.592549066602029],[92.55411112861626,11.55797380610537],[92.52682697645155,11.55369872126888],[92.53618460847363,11.608343885941892],[92.57028700983312,11.592549066602029]]],[[[92.6030763999433,11.975802364198868],[92.5942621426581,11.926092430886575],[92.58683708210519,11.977346637492625],[92.6030763999433,11.975802364198868]]],[[[92.85490539865457,8.841287655119332],[92.86194460055617,8.823733150815784],[92.851573001181,8.81547876738496],[92.84525195970834,8.819905242408469],[92.85490539865457,8.841287655119332]]],[[[92.8274759368187,9.141097433502473],[92.80073457768088,9.121209396141225],[92.7273155681939,9.124898851642733],[92.71444209290829,9.154402250885141],[92.72172476694023,9.220597740437022],[92.76160061489615,9.216548015965095],[92.77653321571414,9.254741486391831],[92.81766541105674,9.211990556874035],[92.8274759368187,9.141097433502473]]],[[[92.65772256595996,10.982607439231957],[92.66653973782903,10.992686490756677],[92.66775551202126,10.984658402190592],[92.65772256595996,10.982607439231957]]],[[[92.72434258106,11.147623220066436],[92.733603044176,11.146693286763057],[92.73036936936076,11.141789730137738],[92.72434258106,11.147623220066436]]],[[[92.6862347551343,11.241799745233358],[92.69201795889069,11.280389482973295],[92.7047067337674,11.290236435432313],[92.70516261370094,11.266124140534327],[92.6862347551343,11.241799745233358]]],[[[92.70056325350302,11.3118725311921],[92.7108511343102,11.313212276230846],[92.72230414023693,11.333026354283549],[92.71175481852096,11.302692966815064],[92.70056325350302,11.3118725311921]]],[[[92.762620455306,11.672869883797627],[92.75811926458135,11.67818851210651],[92.76533718683942,11.680343059655662],[92.762620455306,11.672869883797627]]],[[[92.70017066090193,12.233285178858221],[92.71176512343241,12.19060688530539],[92.70359555262799,12.19096194281988],[92.70103044143002,12.186948717630216],[92.70923801786952,12.147806164465752],[92.71936569823838,12.179715265570968],[92.75668912057637,12.175900246242207],[92.72540820371248,12.09589990219811],[92.73611707435711,12.078777766604922],[92.7323987289579,12.072315346057634],[92.7295018365296,12.075263628606097],[92.72815156110711,12.075449418038342],[92.72407672665722,12.072878934900984],[92.72286559634013,12.064101171917018],[92.72513329565177,12.073353213471112],[92.73288860669028,12.068382545778466],[92.7369296873607,12.078067736541465],[92.73761014405214,12.056149106073473],[92.78204049750092,12.043947402496551],[92.76113609329009,12.019230145697147],[92.74660991134265,12.033856038210985],[92.7283944109423,12.038193789003358],[92.73304553059599,12.013317229072305],[92.76622024919155,12.012135341548557],[92.77043693584697,11.997695178304584],[92.76394436870055,11.986563871533235],[92.75993732460454,11.994648993148356],[92.74394507189042,11.999725666421625],[92.7435662226299,11.994297075118249],[92.74123041315733,11.99720451946794],[92.74023880629994,11.997661554165655],[92.73050087955731,11.999708524027508],[92.72206379604233,11.993464653586805],[92.73156858477327,11.971072478261856],[92.71523201660987,11.967145595594948],[92.71048780456277,11.933082542105277],[92.71378325518,11.931399965663882],[92.71097217798454,11.925954005051091],[92.71412434814991,11.921920912395915],[92.7230146455156,11.931442119859609],[92.72506772023316,11.89725920016249],[92.71818569645517,11.892099417625655],[92.7133453670223,11.897873335467809],[92.71161962956118,11.898176790480907],[92.70987034849675,11.896518346939954],[92.70716371345179,11.900872181974867],[92.70390479012855,11.900760169918165],[92.71366835682943,11.88905874729575],[92.72421178426481,11.891175258922438],[92.72221545670462,11.8789259662557],[92.7098079251313,11.872832201261769],[92.70638162985318,11.86443904661819],[92.72332537844646,11.876832701526931],[92.72422208179248,11.856554440663306],[92.70170014539956,11.81433302847049],[92.70075455071854,11.82961192165611],[92.69519781014495,11.812906314410375],[92.65474358712935,11.833847111136194],[92.6919172935517,11.813671101747913],[92.67008264226766,11.79819796984725],[92.67237868551561,11.782769806806343],[92.69750117442086,11.812512494680945],[92.70580044374887,11.792693277394044],[92.69960648519901,11.809627986756007],[92.72965041471997,11.85478057145251],[92.74425960790258,11.9320983356263],[92.78299231523494,11.936915896099523],[92.789976521885,11.88545039210336],[92.75445437835445,11.700648571508538],[92.74340649525476,11.711536301343003],[92.7447229310742,11.690439457225324],[92.71654875470753,11.70542119771612],[92.7109492008407,11.693249782694895],[92.69645352721241,11.71887648140882],[92.68996706559388,11.697743994282666],[92.68902901732521,11.707264016381309],[92.68520415779187,11.709213133548932],[92.68529204944261,11.712716389540915],[92.68222379436497,11.714095743573633],[92.68627364325218,11.692207461143557],[92.7056767297315,11.700058947632847],[92.70772267842558,11.670508942206407],[92.6601424513308,11.65223075421236],[92.67368998969097,11.623993370310753],[92.6811257139013,11.638077428648183],[92.68411752173405,11.626134088278645],[92.68657573761317,11.628217407884122],[92.6874877583224,11.62602037572037],[92.69120110909319,11.622471001674795],[92.68851904114364,11.624216499135311],[92.68720291111215,11.623312713809336],[92.68836636217799,11.618136657843992],[92.68488664756167,11.620248425351537],[92.68337343552112,11.620298498093932],[92.68174092025578,11.619340441893515],[92.67203210962866,11.60919859577917],[92.67294879519307,11.60736769345979],[92.68882474202063,11.617404266436475],[92.69219160367801,11.622692269920247],[92.68779075552186,11.627426063553182],[92.69064743328225,11.627425434568428],[92.69494579326513,11.616426414923888],[92.68928716278694,11.614511113156727],[92.6863958765879,11.602993881020167],[92.69573311680193,11.614164827546327],[92.6959478745714,11.613808516806849],[92.6975705808292,11.613373130333267],[92.69780285709221,11.61309136640822],[92.69788908902618,11.612350050024531],[92.69822486843516,11.611807910057069],[92.70227532164125,11.608641299590582],[92.70388008445744,11.608888193693156],[92.70530613641071,11.609963941743699],[92.70576154031983,11.608204933830821],[92.70635779414357,11.607689124253286],[92.70778438760027,11.607601569608788],[92.70837776244325,11.608077392701794],[92.70935281040622,11.609351942398913],[92.71167931762972,11.608258789508193],[92.71284727799438,11.607982759397975],[92.71319178555092,11.608084209983549],[92.71506621949014,11.609661824357309],[92.69596147868,11.613956952132428],[92.69165763772354,11.634096578480175],[92.6940653500731,11.652865180357786],[92.71014493579456,11.643313798976262],[92.7282088490013,11.65822499660571],[92.71437512822682,11.678435558193883],[92.75599215623079,11.665047110669505],[92.73772130338064,11.638716096032349],[92.75428047098329,11.61415639255842],[92.7102269747701,11.477384922274789],[92.69691072096934,11.505783378867763],[92.66749825785323,11.50182936523335],[92.64520170833917,11.52252614418296],[92.64625072438274,11.57239941550638],[92.63239656827494,11.580785459645243],[92.61647912124884,11.56344077437384],[92.61879386048983,11.582589129278409],[92.601837590025,11.608648215861455],[92.62701466188828,11.626441180119654],[92.63490564540434,11.61547459961611],[92.6447011274605,11.63527319875481],[92.63039006584839,11.651881653248482],[92.63040790085931,11.62829900327639],[92.60809037468127,11.632385016562367],[92.59770261332778,11.649086994575423],[92.58967952423818,11.707913780893819],[92.6037791358397,11.707020065779334],[92.58666480000595,11.716664768632207],[92.59129043506026,11.738281484725364],[92.55805305364515,11.692299552594141],[92.55865444201903,11.772654460668415],[92.5495763320402,11.802233076592767],[92.54072139851668,11.785537188561314],[92.529408666928,11.794999195355887],[92.54284102688207,11.80134983504363],[92.54955598835318,11.809745817587139],[92.53165320839464,11.8059299317934],[92.5467377881718,11.829439957470898],[92.5469056155549,11.836179785778972],[92.54501756414204,11.843343881235464],[92.52382493083591,11.807369266632296],[92.50566593193099,11.824516805393309],[92.5201328695408,11.839674437465062],[92.50750340047983,11.841495778096952],[92.51397524795628,11.872407942876508],[92.52756000437775,11.87249426949175],[92.52023912587727,11.89861877819731],[92.5385467330534,11.903502335304086],[92.54025955996552,11.931017626608757],[92.5640658831887,11.950808895914424],[92.58054071081948,11.931374809503795],[92.5828716010996,11.877005414860879],[92.59896505546614,11.899644801272443],[92.5991012028604,11.866086277925747],[92.60478382520371,11.852864952085572],[92.61026351741874,11.84730531623603],[92.60030254332406,11.878914946109704],[92.60629427403637,11.913527107918442],[92.61977541469896,11.921831320971208],[92.62035369302062,11.93107529846484],[92.59866630186863,11.904494992477403],[92.59263339870756,11.918493678912883],[92.6076244757707,11.92980462836744],[92.62815914873994,12.043004698852126],[92.62204638695691,12.101387803066967],[92.66412101946229,12.221847749526003],[92.65484726369017,12.180195573827243],[92.67395444566192,12.217787103858926],[92.6750514297051,12.186995485642344],[92.68117275096081,12.191781110206318],[92.68767109361379,12.234992437653005],[92.70017066090193,12.233285178858221]],[[92.73010571595964,12.040007999992227],[92.72549496254993,12.057997953053418],[92.72506932185871,12.049653772418273],[92.72063400510892,12.052507575897428],[92.71812998175896,12.04938947372958],[92.71381420963948,12.052776567630309],[92.71243607475651,12.051524920680922],[92.71335834768304,12.049015915825304],[92.71097081902583,12.050734291399653],[92.70983155468132,12.049771900934608],[92.70931158202778,12.046390902419088],[92.7071395757207,12.047110282271657],[92.70067164033256,12.040720511979686],[92.69868823220256,12.042470415551561],[92.69728712921211,12.040671734759691],[92.69660337080575,12.04249808952462],[92.69680935246525,12.040206302607078],[92.70073574406251,12.040078691271987],[92.71316968483173,12.047926552420291],[92.71504920356391,12.05168224257266],[92.70957855806225,12.033919539171126],[92.70944937389984,12.032048263985315],[92.71043632336831,12.031044401552881],[92.71608653866019,12.049819577856224],[92.71960387432432,12.048512045830996],[92.72111125620879,12.051585279915423],[92.72544555302368,12.048849021796562],[92.726095327627,12.05463011153052],[92.73010571595964,12.040007999992227]]],[[[92.73824471781205,11.961694802752767],[92.76606390018935,11.967742495239804],[92.76951797825983,11.951737638376038],[92.74418262888335,11.944944878129284],[92.73824471781205,11.961694802752767]]],[[[92.75875048790483,11.989084072219644],[92.73206299037979,11.979118242549518],[92.74145509901463,11.996630386423462],[92.74196235158254,11.991120044708973],[92.75875048790483,11.989084072219644]]],[[[92.95361434527224,12.11053866501415],[92.95079973847355,12.09085785410206],[92.94746159971201,12.116535024530316],[92.95361434527224,12.11053866501415]]],[[[92.8716001683648,12.296779050179667],[92.89128747561873,12.266672508341601],[92.85833689313155,12.24737679794575],[92.88030776951948,12.193443521785818],[92.84607093036023,12.197704300858183],[92.8542026079373,12.15972010663958],[92.8441602001245,12.147514774292729],[92.83514136951662,12.166920828329735],[92.82234321856731,12.160841948832514],[92.81748619356583,12.125907077353384],[92.80287372473406,12.12628825242602],[92.81457349544498,12.105342483729714],[92.78725233769292,12.100963603960613],[92.80031144143767,12.095153722904215],[92.7926509329307,12.081029961788637],[92.76148592000634,12.064821183099573],[92.73787021484344,12.08641165247802],[92.75795570794713,12.14529939556645],[92.75671652330121,12.150253224713653],[92.76122882768675,12.162388037087418],[92.76081872348414,12.16868229821488],[92.76443320024867,12.17647122645723],[92.76750252541979,12.189672907631445],[92.76555109274602,12.192275235650186],[92.76872749359886,12.201680939191466],[92.77010592997208,12.23194589698495],[92.74189895816546,12.24417305918394],[92.74938838965262,12.274089806028359],[92.7632849267219,12.263599041817084],[92.78168525508906,12.286611492993643],[92.77077589883966,12.313014420533714],[92.79500494470865,12.303590193322494],[92.81047091108854,12.312951892093068],[92.82837996190204,12.301115412842309],[92.8716001683648,12.296779050179667]]],[[[92.76195849187664,12.22897482735287],[92.76328815113384,12.181945004595887],[92.72247034119383,12.188325151296942],[92.72360103998524,12.238548242811948],[92.7348333579229,12.239592580225644],[92.72953829583572,12.21442187925116],[92.73846644982851,12.234768107611792],[92.76195849187664,12.22897482735287]]],[[[92.93433912325415,12.225906268684342],[92.94070138782558,12.215959675457599],[92.93555473147805,12.202469275758666],[92.92345763355864,12.212892455226276],[92.93433912325415,12.225906268684342]]],[[[92.91376702238378,12.231137422912393],[92.89063758805158,12.231010281112239],[92.87720033459958,12.209532434076118],[92.86895113366984,12.23744399482977],[92.89607825827031,12.264021441395984],[92.91376702238378,12.231137422912393]]],[[[92.86877198558494,12.248443883271285],[92.86156785171329,12.247993279602692],[92.86581893764519,12.250028840940333],[92.86877198558494,12.248443883271285]]],[[[92.74861520939957,12.287882847973751],[92.74172062014563,12.255467437321927],[92.7347012649474,12.251397646215471],[92.7386418597547,12.281641939209825],[92.74861520939957,12.287882847973751]]],[[[92.71092234761203,12.241006954840655],[92.70324585050885,12.299033130266942],[92.72239537729034,12.295853620165314],[92.71092234761203,12.241006954840655]]],[[[92.94301506534339,12.274797905678247],[92.92329365451589,12.229971912975113],[92.90091253234903,12.288238799717949],[92.91182133224493,12.299653354731591],[92.92926647727121,12.28341344007479],[92.93348576987216,12.31100903412749],[92.94301506534339,12.274797905678247]]],[[[92.76642183584782,12.272369307014442],[92.75227045815116,12.277643383700429],[92.76023561559944,12.293312088203649],[92.76642183584782,12.272369307014442]]],[[[92.90764759152154,12.340831309625242],[92.91900270984081,12.350787853575698],[92.91264265333818,12.33949986789516],[92.90764759152154,12.340831309625242]]],[[[92.88541783491951,12.381663556284966],[92.84548664423801,12.406058147121545],[92.89443887635774,12.399831351239294],[92.88541783491951,12.381663556284966]]],[[[92.95618090264449,12.434615116763684],[92.9323403394968,12.359589060849144],[92.91642909705297,12.362871679516342],[92.93085858425823,12.418346657415272],[92.95618090264449,12.434615116763684]]],[[[92.86464233174291,12.42120024963396],[92.86210189864238,12.412576375495767],[92.85827883990174,12.417607861794018],[92.86464233174291,12.42120024963396]]],[[[92.85170685401121,12.409580710247274],[92.83245790904813,12.42692114715284],[92.85515351739693,12.414490172733807],[92.85170685401121,12.409580710247274]]],[[[92.67713959643989,12.506061783444087],[92.66198336383147,12.533247811396343],[92.68347134958381,12.554083410374876],[92.68404602221084,12.51724376380756],[92.67713959643989,12.506061783444087]]],[[[92.72423343104772,12.762811257812492],[92.71672179898403,12.772196964712354],[92.72085516389298,12.778812952917573],[92.72423343104772,12.762811257812492]]],[[[92.72480351781397,12.748346518471045],[92.71191841015772,12.72046868606847],[92.69373856660656,12.800199192248726],[92.70750854748567,12.83005027634915],[92.71194273625004,12.774959994697147],[92.72480351781397,12.748346518471045]]],[[[92.70702735704539,12.837196419685105],[92.72904209722014,12.862035963511373],[92.71221210422459,12.832006167208808],[92.70702735704539,12.837196419685105]]],[[[92.75688941431753,12.845637919444519],[92.7581776383165,12.857936882298224],[92.76557952944762,12.849639134959856],[92.75688941431753,12.845637919444519]]],[[[92.7894770018691,12.885208737002062],[92.78114194925264,12.89063924669243],[92.78828125024592,12.893227156386205],[92.7894770018691,12.885208737002062]]],[[[92.7187287009437,12.982331648375474],[92.71870965808142,12.874835156556797],[92.69959843116023,12.840226554379887],[92.67516109614328,12.83607710126088],[92.68782816433301,12.818628149292586],[92.66911726685665,12.78596969089943],[92.64732378145808,12.861399989233142],[92.68762958068973,12.99020233331111],[92.7187287009437,12.982331648375474]]],[[[92.77346433524878,12.91003170265172],[92.79313318180033,12.912351070881837],[92.7977660639555,12.894775147695979],[92.78194344125663,12.89554571890284],[92.77346433524878,12.91003170265172]]],[[[92.93098594228248,12.919232521093628],[92.93738613146242,12.91479137867232],[92.93347378312342,12.911471752241878],[92.93098594228248,12.919232521093628]]],[[[92.85824613402053,12.931577153372809],[92.874818981393,12.934888801250034],[92.88708366455023,12.929482567512823],[92.8722018588499,12.91539415142767],[92.85824613402053,12.931577153372809]]],[[[92.76873550751418,12.922784319358861],[92.7739834626672,12.932215522433708],[92.77381371451067,12.92119593921051],[92.76873550751418,12.922784319358861]]],[[[92.76573501288668,12.928212483226307],[92.75914901271756,12.934781420617705],[92.76161192481209,12.936451864473256],[92.76573501288668,12.928212483226307]]],[[[92.7844427967189,12.825135291541379],[92.77307646022638,12.841572013970923],[92.77167445116378,12.833477914790903],[92.77379362107487,12.828921879914645],[92.7805606420303,12.823848405334829],[92.78492052639865,12.825019165961839],[92.79079030911741,12.88993555665382],[92.82284810234523,12.895939987176108],[92.82975069614308,12.884618795844698],[92.83910517387557,12.891166380312322],[92.84082248185024,12.878119720248801],[92.84354439922969,12.887608803396775],[92.83866846138052,12.892812264149125],[92.82852393594871,12.887028613759558],[92.82863889183162,12.89936354888464],[92.80470883768166,12.900311009219914],[92.804663178279,12.906272770297289],[92.80817432481453,12.905886082952684],[92.8085107324755,12.906107480566506],[92.80904072214433,12.90745445998476],[92.80870668619366,12.90811436970713],[92.80955001429726,12.908602394129453],[92.80975279805851,12.909194549439235],[92.80427615138669,12.90634965564894],[92.80153864730447,12.899472763508324],[92.78998116677958,12.960932983553391],[92.79937395128708,12.991846929729174],[92.82208180828925,12.977166009793965],[92.80702102294525,12.999014704340688],[92.82285575293928,13.006505029497063],[92.82466311410566,12.998481589472703],[92.84193780224011,12.991110978333495],[92.82281421686962,13.007399490614825],[92.82595954358239,13.016752518855071],[92.82928663573703,13.015238844737127],[92.8353144051027,13.018742544118034],[92.83713731337234,13.023066481504289],[92.83503337990514,13.019054310553232],[92.83163251042497,13.020446169014555],[92.829203708909,13.016083712892364],[92.82602573646034,13.01766926802828],[92.8204803085356,13.012150583101574],[92.81817737390088,13.012319997287916],[92.81762975143384,13.015928050755855],[92.81504720126746,13.016691322696582],[92.8135560841179,13.0220555002091],[92.81277278622379,13.021846652926326],[92.81431239135378,13.006854937076177],[92.7879593014141,13.019546551135917],[92.79284429512852,13.091982482274958],[92.80081942098683,13.091348514791157],[92.79764659793665,13.08147523819047],[92.81412406866133,13.072308461942965],[92.80557851303787,13.100916885644281],[92.82057730141877,13.09120938617141],[92.8293552748858,13.108919734597025],[92.80847937815572,13.127277126025334],[92.82306981418425,13.134800966053968],[92.84721879929482,13.118154295951403],[92.84842654549148,13.150223626103422],[92.80792709287778,13.153790189388875],[92.8141564734097,13.17473451162216],[92.81933519891672,13.162127431587928],[92.82635885644721,13.17501915998098],[92.83716497785275,13.161993586248942],[92.84441381556988,13.160865476740627],[92.84724529184221,13.161800525167976],[92.84833830167534,13.162780961996962],[92.84867007075476,13.161253554747338],[92.84917891439979,13.161115344180116],[92.8482875625099,13.162930094074007],[92.83748319563551,13.162196926606734],[92.83460201219239,13.17528993843867],[92.81577507684163,13.184135728737248],[92.83045528253685,13.243046536554834],[92.85297935691307,13.23521313974391],[92.85087262664513,13.228518802295557],[92.85513540667769,13.218954250001097],[92.84780534854417,13.212726170540408],[92.84820839822726,13.208600478482794],[92.84933822999365,13.207439018844271],[92.85418629247569,13.20905421167274],[92.8584841074671,13.206129474675507],[92.86123943950123,13.206378389997584],[92.85821788915472,13.200774823576266],[92.85912623362834,13.199373808131835],[92.8629259967229,13.196469876490585],[92.85717019405017,13.196224605670517],[92.85607693092814,13.195162925522965],[92.85537743229382,13.190739201016372],[92.85661265812706,13.188240205773507],[92.85827783171301,13.187666062591967],[92.86043229163008,13.191737009772488],[92.86091071220285,13.1855191908102],[92.86166913930889,13.184294468832048],[92.86311962621866,13.184825102921156],[92.86051354418916,13.192033827115711],[92.85572688788064,13.190536350198512],[92.8638114020558,13.196081076659762],[92.86211859489421,13.20660102710413],[92.85460575444756,13.209690897537953],[92.84894369632664,13.208388936701663],[92.85601659395482,13.219636398703173],[92.85483675691785,13.233957995507941],[92.85152468382171,13.239657585375364],[92.84249570910058,13.240817902794396],[92.83901893027101,13.245895823939545],[92.85017195341868,13.262173021800532],[92.8551314383683,13.250588978152432],[92.85467031409041,13.254060485276357],[92.85802016081735,13.252257341921247],[92.85944561390104,13.25649693212182],[92.86047005143301,13.254106050821663],[92.86238951107691,13.252940053007972],[92.86885359690196,13.254603519493122],[92.87039922489546,13.25830520214334],[92.81109645487045,13.270826204461427],[92.84081748771553,13.301204283116427],[92.82046391820928,13.310845894160138],[92.83001578304068,13.369093070670376],[92.84935188407621,13.377814148335704],[92.84787619896959,13.363454951985286],[92.8499861210817,13.359373877548558],[92.85158329743015,13.35873222632616],[92.85436205523386,13.35917538359696],[92.8506722924471,13.376264019426236],[92.86973724456651,13.390678311390424],[92.85887493208386,13.383939059846208],[92.863583428004,13.389819399347195],[92.86329224829252,13.39767459232194],[92.86238259343281,13.401294815106873],[92.84443442106004,13.386956946562282],[92.8388649067356,13.401188711083497],[92.84832282284373,13.418251609896299],[92.87009698020603,13.414271031420347],[92.88570470861566,13.367220891970524],[92.88576163049603,13.398036095726328],[92.88908078298266,13.394198707203271],[92.8938867229248,13.39478140811521],[92.89495289485475,13.391735057215513],[92.89863222526347,13.391043209836063],[92.89847500680325,13.388543841263626],[92.90291163367775,13.389935430255152],[92.90233890017502,13.387531025206917],[92.90597600287043,13.382378148480923],[92.91597509797477,13.382408314059957],[92.92469702743207,13.38990937710851],[92.90724554875213,13.382667243567205],[92.90395551886593,13.394341995650548],[92.8987289761807,13.389140414237072],[92.89900617246232,13.391110968027622],[92.89312507277666,13.395933986363643],[92.88897464249864,13.394854067659486],[92.89942751978718,13.402803334044995],[92.89678765998788,13.412611283242656],[92.87450155293627,13.402067933996404],[92.87320878678769,13.436358679170514],[92.89000604703769,13.42306129297099],[92.89858043386894,13.426161086240281],[92.89898702198592,13.428764374550783],[92.87082609454174,13.445131330091469],[92.86886765835688,13.473998346956508],[92.89105812972014,13.478517445961526],[92.88787099745075,13.469030897846503],[92.89822425154445,13.465147719377384],[92.90186223426078,13.496287716459225],[92.92489557797002,13.498923545323322],[92.92469313077056,13.480786255226489],[92.93181910525493,13.48073951126594],[92.9210615129743,13.472348781086135],[92.91870082672197,13.467883798899143],[92.92078722684975,13.463051907324344],[92.91957747712902,13.463820472223674],[92.91556904339173,13.463473158629348],[92.9201591434659,13.462812482591344],[92.91850099246393,13.461108873435036],[92.91836621958639,13.45649884921456],[92.92037005867665,13.455020558040193],[92.93222335420253,13.47186282729928],[92.92761984476995,13.47513156409122],[92.93282133865661,13.481024014842149],[92.92748172934466,13.497702701550992],[92.93040470850646,13.49520269615049],[92.93480502597353,13.500024136871332],[92.91325750628211,13.512364433385434],[92.92716120303321,13.514684892578552],[92.92614654949351,13.521618290405469],[92.93290867730697,13.520251803830083],[92.9361161925217,13.527184174565397],[92.93942751954971,13.524674892959709],[92.94132635640773,13.525840448743915],[92.940027607927,13.523205840027241],[92.94045685535804,13.52200349179906],[92.9418148442086,13.52182685145933],[92.94324717832468,13.523155230904562],[92.94387438470842,13.519756263937667],[92.94426692403854,13.51946237351704],[92.9451724598462,13.520081305530454],[92.93802977204852,13.531585830861756],[92.91444136007749,13.520427342706716],[92.913552356285,13.535098353101752],[92.9652079669904,13.54997781104109],[92.9905683082523,13.517881661722502],[92.99540552799786,13.519900081793969],[92.99576350849165,13.5244153605427],[92.99983823499231,13.523388045096368],[92.99999999994206,13.523913492645486],[92.99548655272723,13.524804193771528],[92.99473587970135,13.520148961027754],[92.98699581084958,13.523537542054655],[92.98208807403813,13.569439482232097],[93.00367726039835,13.566260293399502],[93.01051602333766,13.548662556450543],[93.02732946474153,13.57939980532281],[93.0431650106975,13.504905534310474],[93.03372368257214,13.465861941494227],[93.01862216658009,13.466303743878813],[93.0161478345266,13.462337620315372],[93.01440482454997,13.455315457558536],[93.01191577986239,13.45360536065868],[93.01201501146659,13.458813824276996],[93.01035619089203,13.459776103482104],[93.00806052372909,13.459368159933781],[93.00945930138816,13.461303865852852],[93.0077357358763,13.462361043497488],[93.00608657894307,13.462360284384204],[93.00511141662095,13.463282154148757],[93.01156485464826,13.453293242770615],[93.02989591492165,13.46107713455059],[93.03659659099198,13.441285710570941],[92.99651926070145,13.441060828942955],[92.98908778572944,13.42740593844863],[93.0390401144652,13.427912812967278],[93.0463314206267,13.40456308417361],[93.06106433216735,13.421471945663754],[93.06849682043661,13.396629607717983],[93.05112046288257,13.389798202084465],[93.04704284845802,13.37461021814677],[93.01287905733098,13.37730128403418],[93.00364972909598,13.39239344613123],[92.9992071836677,13.395949788055038],[93.00372861328631,13.391633917757309],[92.99640899989406,13.38757066724994],[92.99677638570904,13.383764923232047],[92.99991589701251,13.382241785752575],[92.99704342044215,13.382354654619986],[92.99435571507064,13.380407971293911],[92.99114296084257,13.380870490507121],[92.98875461945607,13.37731912208923],[92.98906937716009,13.379104250866504],[92.98589838389871,13.380014132731528],[92.97959239077021,13.379849622694712],[92.98872666678294,13.376781293375249],[92.99225521976106,13.380291453461531],[92.9949076416776,13.37633547872934],[92.99382917224436,13.379843262705567],[93.00014066352968,13.381879916941257],[93.00318006196125,13.389603629811203],[93.01412884029362,13.370737004914103],[93.03802194088779,13.3689145051513],[93.03657910560698,13.374010038136698],[93.04741323217854,13.370895977572555],[93.05583794150112,13.38118658049673],[93.06835913311996,13.352204034541902],[93.08787300953865,13.346605737621223],[93.07148222136148,13.322662937023479],[93.08050253723512,13.302138190886776],[93.07075364035622,13.297542741761372],[93.05659100267432,13.329784901292772],[93.03840746401998,13.322219910291478],[93.04649763800415,13.368784330902349],[93.03927630867277,13.367723775696403],[93.02437635464241,13.35758896824249],[93.04112478998707,13.355203244874527],[93.03194948523915,13.344163755538679],[92.99918885613482,13.35049481083242],[92.98543129147573,13.327992747859723],[92.97304264613423,13.359341960539307],[92.94540451753318,13.351021500390585],[92.95191427056514,13.32694315602013],[92.96117585409407,13.323080310590548],[92.9494663538271,13.321185798603025],[92.94790104754522,13.318736581390581],[92.94842676068156,13.317375996317567],[92.96070410782912,13.320309896195456],[92.964606955571,13.328344555080777],[92.99697227226689,13.314893846582192],[92.97386014069515,13.281905620553157],[92.99250759944795,13.292107628399911],[92.99439813485532,13.279772452494926],[93.00000000024866,13.280854286772879],[92.99719828689481,13.290186800590591],[92.98635949487544,13.2991566477285],[93.0025300867113,13.303907794420237],[93.02100821291059,13.296772379328473],[93.01109234085786,13.276824894790048],[93.04571933892393,13.282747224940513],[93.03974140954084,13.269769291347393],[93.04370690401213,13.254267158849844],[93.0658013759684,13.273782455328345],[93.03175438338297,13.17858365862755],[93.0298916775701,13.067195772990214],[93.00343680779618,13.028155692449857],[92.99122952155517,13.031441245180694],[92.99862023908126,13.024182749582112],[92.96731461471651,13.02993489318448],[92.97415482900507,13.013078208482678],[92.95837210096751,13.014896866201656],[92.93319581961742,13.042238782087276],[92.95673089871633,13.065638090781169],[92.93729382886866,13.065449723815979],[92.94618828290511,13.099163153059372],[92.94083784002054,13.105189294565601],[92.94614101964034,13.1235143769207],[92.94206987751669,13.145050158496492],[92.93455125821446,13.060596960630475],[92.92872290218064,13.072536948414815],[92.92259297464275,13.053489406547799],[92.89886226605935,13.095513214698508],[92.88711432536103,13.093340056356885],[92.89248106022379,13.102445799764604],[92.87697976236986,13.150039833468258],[92.88876198131346,13.107926133270821],[92.88148708610947,13.108401364094881],[92.87307925653013,13.103715885850336],[92.88896736191639,13.107101508153644],[92.88556795626474,13.092300509133334],[92.89849840813719,13.093251656903723],[92.91029312743642,13.061416033316634],[92.89535974032829,13.058883802312167],[92.88554040120194,13.045428466350273],[92.85803252527981,13.079901308882183],[92.84158343003911,13.059888831278709],[92.86537695616242,13.064539611828536],[92.86355675784641,13.043651288603433],[92.8700646382952,13.054799232335904],[92.87258079352945,13.043520886524528],[92.88651316300842,13.043903728804544],[92.8970974918911,13.058149839227584],[92.9145824007887,13.05553123052282],[92.92139159414067,13.03933520935262],[92.90825304637391,13.01939505493187],[92.90219497367346,13.022740116793953],[92.89634509216017,13.020077960274397],[92.89533614107445,13.018082979717503],[92.9104683405962,13.007516640621983],[92.90158931500872,13.002443850802223],[92.90150126528823,13.006365680023933],[92.89774544504607,13.00805497149155],[92.899809681206,13.009677371548774],[92.89767133764468,13.011046109622413],[92.89647804455927,13.0095096434197],[92.89658378763036,13.011100094305142],[92.8942659282,13.011110996380678],[92.9014165439282,13.002010072240347],[92.91280943811448,13.004828450450136],[92.9183878771807,12.987279359701313],[92.93303209483902,12.991294488650889],[92.93845843958162,12.980064205982716],[92.91056823852,12.945241963703873],[92.90613181840368,12.983566335064268],[92.8962096595597,12.9953132331445],[92.88620377184397,12.982455571514183],[92.89058365975404,12.997303811971193],[92.88304634087459,13.00551292594907],[92.87067336434237,12.935591807238977],[92.8494197799339,12.945571095251326],[92.85420830399393,12.95472502589366],[92.85127874971732,12.961024279876035],[92.84001092238148,12.949912818202062],[92.8588377543114,12.917886334757904],[92.84477473145363,12.912634311383274],[92.87494107319385,12.90817323836094],[92.86861240188597,12.890458644011895],[92.87281591349607,12.883655053893246],[92.84242001142482,12.876959434313644],[92.87307819876958,12.880819800311057],[92.8951971702149,12.897960179485867],[92.89749167424954,12.926809156491945],[92.91948454903151,12.908768239328358],[92.90712197304838,12.885366379235618],[92.92498662402093,12.885629818266441],[92.94136774098396,12.854408851352954],[92.95448903015766,12.806434325003567],[92.93371781090191,12.773377658092347],[92.96171229885702,12.754369571822677],[92.98004972158732,12.709395063511094],[92.96212266446626,12.69713965877074],[92.95681567081094,12.640292283543099],[92.97542001610192,12.543007313335117],[92.96872131546887,12.49696483586924],[92.96006961626887,12.485670125736078],[92.9441124773856,12.498069639280825],[92.929272681265,12.47944692630428],[92.95562909718706,12.465958365909204],[92.91953460524067,12.444223735456479],[92.91461106822675,12.406195411387262],[92.87991773855741,12.449009643956073],[92.84082460913822,12.475338175049218],[92.89883491702247,12.4169722195893],[92.82963454495888,12.428264662170314],[92.8278613272866,12.423647514980537],[92.83388019011916,12.41027888808921],[92.84001210937447,12.406522072229194],[92.84022880947222,12.391230603856334],[92.89735468271606,12.33538324317077],[92.8617548009157,12.336851921537498],[92.8601194552322,12.319156009711989],[92.831450707764,12.302676892151505],[92.8098088647646,12.315648188084287],[92.77024899534449,12.316465464999865],[92.75295485798924,12.296069717903018],[92.71947705872962,12.300342449876032],[92.7002689120185,12.333092504655594],[92.69320040276378,12.514891670037645],[92.70817346500311,12.575578303637212],[92.70697420055298,12.595542793694195],[92.68423194979957,12.603797767124119],[92.70421676509825,12.608054543465775],[92.71439568556957,12.642510311555002],[92.72118518891278,12.63031340378694],[92.73467520060267,12.638855002016365],[92.7512050795791,12.671364736708604],[92.77314526684047,12.670389593062206],[92.78276369915301,12.647399945931067],[92.77930483808555,12.669700582432052],[92.78619843557519,12.691252747196064],[92.78394992232025,12.7175769059394],[92.7697591708231,12.673550223575432],[92.73195215258691,12.676230421000241],[92.74029773490074,12.724904974901573],[92.7197906786861,12.788806890099602],[92.72207114915668,12.825227904542563],[92.73538139611938,12.812504329633992],[92.74031636409909,12.836476241741758],[92.7728208470538,12.842119310753949],[92.77675250955345,12.863954718176508],[92.7844427967189,12.825135291541379]]],[[[92.91347255015289,13.010982472821675],[92.92028475549273,13.030929061593937],[92.93902511969694,13.025877793088828],[92.94613999956785,12.999035684869805],[92.91347255015289,13.010982472821675]]],[[[92.6944607574838,13.096104410243752],[92.7193938726413,13.098690775544407],[92.70606814567547,13.0722044319957],[92.69930841818895,13.070448265353638],[92.6944607574838,13.096104410243752]]],[[[92.80549946651665,13.402018039781748],[92.81078707695106,13.432025499940629],[92.81591951035735,13.401943805819036],[92.80549946651665,13.402018039781748]]],[[[92.82250388712151,13.419590029891465],[92.84163764753961,13.450417305108227],[92.845989724339,13.43112338043804],[92.82250388712151,13.419590029891465]]],[[[92.86511403824225,13.50313391630066],[92.87374663040596,13.51355192112922],[92.87251338692167,13.501760038395723],[92.86511403824225,13.50313391630066]]],[[[92.90629903257123,13.52927811114884],[92.90853151952973,13.538348781987128],[92.91159342226048,13.533281762653447],[92.90629903257123,13.52927811114884]]],[[[92.88538652132947,13.59760848939071],[92.90392930206427,13.5987369027852],[92.8841977756947,13.573735691495743],[92.88006284392657,13.577527873359891],[92.88538652132947,13.59760848939071]]],[[[93.83738836187285,7.244667888631265],[93.83878967850063,7.216399721311602],[93.86994841440341,7.20471317020189],[93.88104365287599,7.089690829872289],[93.90176460585344,7.081497159340364],[93.91244205388654,7.025135768406281],[93.94462964184753,7.001403157199675],[93.9334366171182,6.988870060501941],[93.92342873990039,7.009508343307311],[93.90987861273868,6.999317083130459],[93.94135109077904,6.954342592813844],[93.91537701670676,6.94728290299608],[93.90968206957469,6.910636245304919],[93.89147481812257,6.901196276180859],[93.89772353017266,6.813464360997262],[93.87598728577385,6.793226355483623],[93.86241179054448,6.813532573126966],[93.84701796242129,6.811338971065611],[93.85493850973263,6.819989095717634],[93.85524580176069,6.826197161452265],[93.85510102750766,6.827838550575591],[93.85054070319295,6.833322944718272],[93.84720652941255,6.834959554193651],[93.84198085572635,6.778498552442081],[93.82247903538315,6.752782631992995],[93.79915130067404,6.766185984200813],[93.80986967342167,6.811972857245032],[93.79548946917035,6.809511036217247],[93.77775675505214,6.832228551262509],[93.78561194662988,6.846902488748419],[93.76262641313996,6.862894838620067],[93.77686023696218,6.880477758419127],[93.73170887466452,6.921883601145233],[93.74101096615452,6.95625887438884],[93.72634910496289,6.958804684798035],[93.71560534011894,6.98954743319252],[93.71980885831543,6.99084201175095],[93.7220728887817,6.986705584232197],[93.7250927382293,6.982185010726379],[93.73120392863156,6.975395617187505],[93.73276082589835,6.974717885202991],[93.73381958556175,6.975048201582108],[93.7369459249068,6.976921034483256],[93.73569767252344,6.989906522233222],[93.73844936169148,6.98903016668619],[93.73895138025826,6.989803471059228],[93.73815364781939,6.994247830207504],[93.73310752328882,6.995516891729313],[93.73734257300009,6.997869365517952],[93.7376441320197,7.000004472796188],[93.73285397461456,6.995765487790199],[93.73307290036308,6.975029914107086],[93.71749954566995,6.994991978954277],[93.695992263369,6.992003756573108],[93.69310489526198,7.009635441015452],[93.69868034821717,7.009734099454389],[93.7012735763354,7.010398322077688],[93.70321984251916,7.011835876187606],[93.70147807283698,7.01540820646863],[93.69818393229667,7.018533022079984],[93.7007190187404,7.023144606551993],[93.70072827442249,7.024428752612892],[93.7000812490549,7.025360208612442],[93.69779119371533,7.024912985365619],[93.69534247535692,7.022910284573295],[93.70179414357098,7.011004121798464],[93.65502683595292,7.005493187093546],[93.66697115945081,7.022565522664046],[93.64439138780897,7.10068514748808],[93.65433640365994,7.109130799897837],[93.66199076484041,7.109437783054843],[93.66177352838218,7.110577171727718],[93.66582934647296,7.110780308726396],[93.66727341207027,7.112606833307571],[93.64839771620858,7.110668444677419],[93.64317932516622,7.127276219078479],[93.66499460584814,7.141987774041529],[93.66083720551696,7.177418550412075],[93.67632642791426,7.193038808081079],[93.72215559596933,7.189011774182469],[93.74929367753823,7.215918187586047],[93.79206683855249,7.20826400875318],[93.79622742433484,7.235429850384635],[93.83738836187285,7.244667888631265]]],[[[93.71008470013359,7.229902700137118],[93.71969870032906,7.211356699769245],[93.71870870035686,7.206098699887559],[93.71008470013359,7.229902700137118]]],[[[93.73991941815038,7.380061022293629],[93.71404881969812,7.31232658450234],[93.67487490616317,7.291859399417988],[93.63580805784143,7.242813979432189],[93.60720308335075,7.311683901109335],[93.62311626686703,7.322354933272814],[93.61994107965945,7.375183575229365],[93.7008938237926,7.394628393359386],[93.69061778014394,7.401267569313196],[93.69947140957139,7.447384789821496],[93.7145143112682,7.398116465441965],[93.73991941815038,7.380061022293629]]],[[[93.76864870030896,7.401766700252142],[93.76829669989017,7.394484699876437],[93.76178470015988,7.398334700332762],[93.76864870030896,7.401766700252142]]],[[[93.67519916787245,7.397078130718435],[93.68041431023538,7.411595862857727],[93.68376455609076,7.399952749117626],[93.67519916787245,7.397078130718435]]],[[[93.64811069966946,7.476852700146418],[93.65112469997125,7.471660699968925],[93.64373270003709,7.471836699782484],[93.64811069966946,7.476852700146418]]],[[[93.63258365438988,7.473714791302577],[93.64123625582599,7.476074685246997],[93.64119080016555,7.471254912283855],[93.63258365438988,7.473714791302577]]],[[[93.5488026999909,7.516716700572458],[93.53958469981382,7.520676700187009],[93.54242269993446,7.525274699963914],[93.5488026999909,7.516716700572458]]],[[[93.4050096228231,7.960653246200617],[93.42091141127366,7.968613868117703],[93.4519554752651,7.939012639149571],[93.46578139726925,7.890193013282287],[93.45388376180173,7.872214106432969],[93.41588002189913,7.906423477320178],[93.38875304291349,7.901962724519433],[93.36764888929194,7.877809830620562],[93.34165180128798,7.892652156311114],[93.32909246059913,7.92056571678591],[93.33641586918368,7.925173679412868],[93.3412536046381,7.938493933612357],[93.33833240094066,7.945058685281823],[93.32195417345021,7.922934050869763],[93.3006104817789,7.961479660482824],[93.32284405374403,8.01064440710922],[93.3694549017534,8.023525207823752],[93.40136592859689,8.008781475613114],[93.39226218693128,7.99336120808929],[93.4050096228231,7.960653246200617]]],[[[93.57234466549302,7.962583250443856],[93.56343264166054,7.932356958525354],[93.49438027854617,7.995435455089543],[93.51014242146587,7.994152063261391],[93.52207686111711,8.026178556274541],[93.53856157093225,8.001405598754843],[93.53409288582402,8.026289955211363],[93.55363424243335,8.026338943075709],[93.57234466549302,7.962583250443856]]],[[[93.59150407783571,8.049262018787626],[93.58197433569755,8.039101729868442],[93.56255501031053,8.0676875220644],[93.57198003558483,8.082247368097304],[93.5529419982838,8.119549689793647],[93.5668743038451,8.127500320049034],[93.59150407783571,8.049262018787626]]],[[[93.5290242947874,8.187160777261452],[93.49315933393999,8.149809940660795],[93.54103535326745,8.08144674952882],[93.53990584760837,8.03714234410667],[93.52168064471407,8.050462457259549],[93.5156017603268,8.034283605608739],[93.4984511599502,8.035920638595757],[93.4919357887226,7.99877960675886],[93.47663295062893,8.047268699609191],[93.49278532962592,8.041570869996596],[93.50380298174828,8.065893000359454],[93.50822218082224,8.047646298562844],[93.52162595682307,8.069763552975937],[93.50381086606798,8.084995421333137],[93.47565413871719,8.053238761913317],[93.479574434742,8.091191587553153],[93.45409635022146,8.110594239867696],[93.43833446906781,8.173537910974401],[93.51330998793419,8.235059540727601],[93.53665795878783,8.224173664223992],[93.5290242947874,8.187160777261452]]],[[[93.21035468423312,8.246814044648556],[93.22851838247709,8.265080999617329],[93.24076577490369,8.227000562037748],[93.23049420898585,8.22451188454439],[93.21035468423312,8.246814044648556]]],[[[93.12188027973366,8.269484599360865],[93.19282650469988,8.218600299238073],[93.19242352812766,8.19739569287931],[93.11162386523826,8.223642560498725],[93.0758426791563,8.273460319166023],[93.08493169503456,8.340800828096555],[93.11722629287142,8.356505055427991],[93.13351942343871,8.345803197886923],[93.12188027973366,8.269484599360865]]],[[[93.63616957307946,8.395128487712842],[93.6434021285926,8.394540408921804],[93.6378538799365,8.390883012162458],[93.63616957307946,8.395128487712842]]],[[[93.03341068394586,8.441579448024337],[93.03569658604445,8.472785423079063],[93.04969358038979,8.443617448757324],[93.03341068394586,8.441579448024337]]],[[[93.60129873594828,8.572811831585618],[93.63233442021729,8.467572080019162],[93.61750772383974,8.468725037110039],[93.61259109387278,8.423214267345617],[93.61852458783906,8.490725250959837],[93.60129873594828,8.572811831585618]]],[[[93.07587804831813,11.782515238659256],[93.08507684911376,11.78309974439482],[93.08049884231606,11.777959562794116],[93.07587804831813,11.782515238659256]]],[[[93.05894096480378,11.814266945832905],[93.01507389386202,11.828564738964017],[93.01066854107268,11.851381390024383],[93.0690254605747,11.842665575847834],[93.05894096480378,11.814266945832905]]],[[[93.01011949400072,12.031351848416096],[93.00858243626186,11.998880876777038],[93.0537008418283,11.904278037736548],[93.03757426692815,11.881410023617006],[92.97099299517842,11.948020041568652],[92.9592507717918,11.980063357590522],[92.92295085801008,11.998442292483597],[92.94578807717106,12.010108878004397],[92.96401240405385,12.050091375000072],[92.96776477339797,12.033644123217211],[93.01011949400072,12.031351848416096]]],[[[92.99630069734751,12.044322982616318],[92.95711372895056,12.070010290739917],[92.9577689078233,12.108038746017291],[93.0041576965586,12.104008159610482],[92.99630069734751,12.044322982616318]]],[[[93.0535402913094,12.079110099065813],[93.03985527152655,12.042498993723079],[93.00449042842408,12.078298115894524],[93.00594795917111,12.108078397918701],[92.99540362758795,12.13154813042465],[93.02420518384267,12.167933868023718],[93.03353814722414,12.101233571715087],[93.0535402913094,12.079110099065813]]],[[[93.00257349308602,12.112150999227705],[92.96119695500855,12.122096241786481],[92.95577600238369,12.149268291012767],[92.99074633793943,12.158398918307364],[92.99318575741702,12.136238218779228],[93.00257349308602,12.112150999227705]]],[[[93.12495279598635,12.152102061081552],[93.11152494406979,12.12978316310531],[93.1085649183277,12.144948637877256],[93.12495279598635,12.152102061081552]]],[[[93.0879340693643,12.19514165999001],[93.10158998471513,12.128769824497041],[93.09641900509372,12.091759710336627],[93.07540084614702,12.077726368510538],[93.0352744030247,12.13208988335003],[93.06659418553005,12.21171918054738],[93.0879340693643,12.19514165999001]]],[[[93.10259617403877,12.20262171632723],[93.08566879718985,12.225377465375193],[93.0631801204922,12.22739495936756],[93.07252577265291,12.262264160454878],[93.08548326868709,12.238386123535202],[93.10649728128048,12.262494514960336],[93.10259617403877,12.20262171632723]]],[[[93.00735907786974,12.99918823556369],[92.9782212916528,12.93014827221839],[92.95359071803952,12.934313472745613],[92.97192106117372,12.947790880454901],[92.95112469515607,12.980231677662545],[92.96279927877545,12.990431344830995],[92.97149575229943,12.970296767102933],[92.98560071225937,12.994589096030797],[93.00735907786974,12.99918823556369]]],[[[93.0168992550072,13.329233245751583],[93.02313648209113,13.30758354822462],[93.01404627281936,13.308126847156966],[93.0168992550072,13.329233245751583]]],[[[93.00021558853499,13.316236125566764],[92.99434367159657,13.318949277870141],[93.00547082588602,13.322785397025157],[93.00021558853499,13.316236125566764]]],[[[93.0948733642668,13.420261785629744],[93.08580292587332,13.416101098802642],[93.09206952005596,13.422662216463724],[93.0948733642668,13.420261785629744]]],[[[93.07133806631353,13.41334060882293],[93.06553033880932,13.422643996908109],[93.07217927520468,13.43227559014817],[93.07133806631353,13.41334060882293]]],[[[93.10442410402375,13.429110663315276],[93.09725924721104,13.438785399872987],[93.10418802727155,13.435747765579388],[93.10442410402375,13.429110663315276]]],[[[93.0409297662645,13.638450689886868],[93.05521457892766,13.654771643541745],[93.06763792909756,13.651225548777182],[93.0483777031852,13.621864948333215],[93.0409297662645,13.638450689886868]]],[[[93.01594250566775,13.629249891561063],[93.01336126045891,13.643336633164742],[92.97167012219441,13.647353218345987],[92.97527255988446,13.66288690187675],[93.0229916802906,13.675092481943263],[93.03257428215102,13.631218557168683],[93.01594250566775,13.629249891561063]]],[[[93.86699630915989,12.275375960972482],[93.83405403530143,12.278162157938576],[93.85774234161046,12.30069288197766],[93.86699630915989,12.275375960972482]]],[[[94.23934378610392,13.44758946127549],[94.25320630195579,13.465914881945988],[94.26510822883641,13.463348625309553],[94.25327373984095,13.432496042402729],[94.23934378610392,13.44758946127549]]]]}}]}